Debug, T5284: ScenePreprocessor: Adding default material 'DefaultMaterial'
Debug, T5284: SortByPTypeProcess begin
Info,  T5284: Points: 5, Lines: 6, Triangles: 5, Polygons: 5 (Meshes, X = removed)
Debug, T5284: SortByPTypeProcess finished
Info,  T5284: Load C:/projects/MM1/extern/assimp-master/assimp-master/test/models/fuzzer_data/clusterfuzz-testcase-minimized-assimp_fuzzer-4751812606885888
Debug, T5284: Assimp 6.0.0 amd64 gcc debug shared singlethreadedsingle : 
Info,  T5284: File extension not known, trying signature-based detection
Debug, T5284: Found positive match for header keyword: vn 
Info,  T5284: Found a matching importer for this file format: Wavefront Object Importer.
Info,  T5284: Import root directory is 'C:/projects/MM1/extern/assimp-master/assimp-master/test/models/fuzzer_data\'
Error, T5284: OBJ: failed to locate material ¸", creating new material
Error, T5284: OBJ: failed to locate material +/, creating new material
Error, T5284: OBJ: failed to locate material ¸, creating new material
Error, T5284: OBJ: failed to locate material ¸"~, creating new material
Error, T5284: Obj: Ignoring empty face
Debug, T5284: UpdateImporterScale scale set: 1
Warn,  T5284: ScenePreprocessor: UVs are declared to be 3D but they're obviously not. Reverting to 2D.
Info,  T5284: Entering post processing pipeline
Debug, T5284: GenUVCoordsProcess begin
Debug, T5284: GenUVCoordsProcess finished
Debug, T5284: TriangulateProcess begin
Info,  T5284: TriangulateProcess finished. All polygons have been triangulated.
Debug, T5284: SortByPTypeProcess begin
Info,  T5284: Points: 0, Lines: 0, Triangles: 9, Polygons: 0 (Meshes, X = removed)
Debug, T5284: SortByPTypeProcess finished
Debug, T5284: GenFaceNormalsProcess begin
Info,  T5284: GenFaceNormalsProcess finished. Face normals have been calculated
Debug, T5284: Generate spatially-sorted vertex cache
Debug, T5284: CalcTangentsProcess begin
Error, T5284: Failed to compute tangents; need UV data in channel0
Info,  T5284: CalcTangentsProcess finished. Tangents have been calculated
Debug, T5284: JoinVerticesProcess begin
Debug, T5284: Mesh 0 (defaultobject) | Verts in: 6 out: 5 | ~16.6667%
Debug, T5284: Mesh 3 (¸) | Verts in: 5 out: 3 | ~40%
Debug, T5284: Mesh 6 (¸) | Verts in: 10 out: 3 | ~70%
Debug, T5284: Mesh 7 (¸"~) | Verts in: 10 out: 3 | ~70%
Debug, T5284: Mesh 8 (¸"~) | Verts in: 10 out: 3 | ~70%
Info,  T5284: JoinVerticesProcess finished | Verts in: 61 out: 17 | ~72.1311
Info,  T5284: Leaving post processing pipeline
Debug, T5284: ScenePreprocessor: Setting animation duration
Debug, T5284: PretransformVerticesProcess begin
Debug, T5284: PretransformVerticesProcess finished
Info,  T5284: Removed 31 nodes and 0 animation channels (11 output nodes)
Info,  T5284: Kept 0 lights and 0 cameras.
Info,  T5284: Moved 25 meshes to WCS (number of output meshes: 10)
Debug, T5284: PretransformVerticesProcess begin
Info,  T5284: PretransformVertices: Copying mesh due to mismatching transforms
Debug, T5284: PretransformVerticesProcess finished
Info,  T5284: Removed 31 nodes and 0 animation channels (31 output nodes)
Info,  T5284: Kept 0 lights and 0 cameras.
Info,  T5284: Moved 25 meshes to WCS (number of output meshes: 49)
Info,  T5284: Removed 5500 weights. Input bones: 30. Output bones: 8
Error, T5284: FindInvalidDataProcess fails on mesh uvcoords: INF/NAN was found in a vector component
Error, T5284: FindInvalidDataProcess fails on mesh normals: Found zero-length vector
Error, T5284: FindInvalidDataProcess fails on mesh bitangents: All vectors are identical
Warn,  T5284: Found 300 degenerated primitives
Warn,  T5284: Found 400 degenerated primitives
Debug, T5284: FindDegeneratesProcess begin
Debug, T5284: FindDegeneratesProcess removed a mesh full of degenerated primitives
Debug, T5284: FindDegeneratesProcess finished
Warn,  T5284: Found 400 degenerated primitives
Debug, T5284: FindDegeneratesProcess begin
Debug, T5284: FindDegeneratesProcess finished
Info,  T5284: Mesh exceeds the triangle limit. It will be split ...
Debug, T5284: RemoveVCProcess begin
Debug, T5284: Setting AI_SCENE_FLAGS_INCOMPLETE flag
Info,  T5284: RemoveVCProcess finished. Data structure cleanup has been done.
Debug, T5284: RemoveVCProcess begin
Info,  T5284: RemoveVCProcess finished. Data structure cleanup has been done.
Debug, T5284: RemoveVCProcess begin
Info,  T5284: RemoveVCProcess finished. Data structure cleanup has been done.
Debug, T5284: RemoveVCProcess begin
Info,  T5284: RemoveVCProcess finished. Data structure cleanup has been done.
Debug, T5284: RemoveVCProcess begin
Info,  T5284: RemoveVCProcess finished. Data structure cleanup has been done.
Debug, T5284: RemoveVCProcess begin
Info,  T5284: RemoveVCProcess finished. Data structure cleanup has been done.
Debug, T5284: RemoveVCProcess begin
Info,  T5284: RemoveVCProcess finished. Data structure cleanup has been done.
Debug, T5284: RemoveVCProcess begin
Info,  T5284: RemoveVCProcess finished. Data structure cleanup has been done.
Debug, T5284: RemoveVCProcess begin
Debug, T5284: Setting AI_SCENE_FLAGS_INCOMPLETE flag
Info,  T5284: RemoveVCProcess finished. Data structure cleanup has been done.
Debug, T5284: Mesh 0 (unnamed) | Verts in: 900 out: 300 | ~66.6667%
Info,  T5284: Load C:/projects/MM1/extern/assimp-master/assimp-master/test/models/FBX/huesitos.fbx
Debug, T5284: Assimp 6.0.0 amd64 gcc debug shared singlethreadedsingle : 
Info,  T5284: Found a matching importer for this file format: Autodesk FBX Importer.
Info,  T5284: Import root directory is 'C:/projects/MM1/extern/assimp-master/assimp-master/test/models/FBX\'
Debug, T5284: Reading FBX file
Debug, T5284: Tokenizing binary FBX file
Debug, T5284: FBX version: 7400
Debug, T5284: Parsing FBX tokens
Debug, T5284: Creating FBX Document
Debug, T5284: FBX Version: 7400
Debug, T5284: created new bone Bone.008. Deformer: Model::Bone.008
Debug, T5284: bone research: Indices size: 72
Debug, T5284: created new bone Bone.007. Deformer: Model::Bone.007
Debug, T5284: bone research: Indices size: 98
Debug, T5284: created new bone Bone.003. Deformer: Model::Bone.003
Debug, T5284: bone research: Indices size: 90
Debug, T5284: created new bone Bone.006. Deformer: Model::Bone.006
Debug, T5284: bone research: Indices size: 44
Debug, T5284: created new bone Bone.005. Deformer: Model::Bone.005
Debug, T5284: bone research: Indices size: 0
Debug, T5284: created new bone Bone.004. Deformer: Model::Bone.004
Debug, T5284: bone research: Indices size: 52
Debug, T5284: created new bone Bone.002. Deformer: Model::Bone.002
Debug, T5284: bone research: Indices size: 100
Debug, T5284: created new bone Bone.001. Deformer: Model::Bone.001
Debug, T5284: bone research: Indices size: 82
Debug, T5284: created new bone Bone. Deformer: Model::Bone
Debug, T5284: bone research: Indices size: 106
Debug, T5284: UpdateImporterScale scale set: 0.01
Debug, T5284: ValidateDataStructureProcess begin
Warn,  T5284: Validation warning: aiBone::mNumWeights is zero
Debug, T5284: ValidateDataStructureProcess end
Info,  T5284: Entering post processing pipeline
Info,  T5284: Removed node from stack: Bone.008
Debug, T5284: Successfully added bone[Bone.008] to stack and bone node is: Bone.008
Info,  T5284: Removed node from stack: Bone.007
Debug, T5284: Successfully added bone[Bone.007] to stack and bone node is: Bone.007
Info,  T5284: Removed node from stack: Bone.003
Debug, T5284: Successfully added bone[Bone.003] to stack and bone node is: Bone.003
Info,  T5284: Removed node from stack: Bone.006
Debug, T5284: Successfully added bone[Bone.006] to stack and bone node is: Bone.006
Info,  T5284: Removed node from stack: Bone.005
Debug, T5284: Successfully added bone[Bone.005] to stack and bone node is: Bone.005
Info,  T5284: Removed node from stack: Bone.004
Debug, T5284: Successfully added bone[Bone.004] to stack and bone node is: Bone.004
Info,  T5284: Removed node from stack: Bone.002
Debug, T5284: Successfully added bone[Bone.002] to stack and bone node is: Bone.002
Info,  T5284: Removed node from stack: Bone.001
Debug, T5284: Successfully added bone[Bone.001] to stack and bone node is: Bone.001
Info,  T5284: Removed node from stack: Bone
Debug, T5284: Successfully added bone[Bone] to stack and bone node is: Bone
Debug, T5284: Bone stack size: 9
Debug, T5284: active node lookup: Bone.008
Debug, T5284: GetArmatureRoot() Found valid armature: Armature
Debug, T5284: active node lookup: Bone.004
Debug, T5284: GetArmatureRoot() Found valid armature: Armature
Debug, T5284: active node lookup: Bone
Debug, T5284: GetArmatureRoot() Found valid armature: Armature
Debug, T5284: active node lookup: Bone.007
Debug, T5284: GetArmatureRoot() Found valid armature: Armature
Debug, T5284: active node lookup: Bone.003
Debug, T5284: GetArmatureRoot() Found valid armature: Armature
Debug, T5284: active node lookup: Bone.006
Debug, T5284: GetArmatureRoot() Found valid armature: Armature
Debug, T5284: active node lookup: Bone.005
Debug, T5284: GetArmatureRoot() Found valid armature: Armature
Debug, T5284: active node lookup: Bone.002
Debug, T5284: GetArmatureRoot() Found valid armature: Armature
Debug, T5284: active node lookup: Bone.001
Debug, T5284: GetArmatureRoot() Found valid armature: Armature
Info,  T5284: Leaving post processing pipeline
Debug, T5284: RemoveVCProcess begin
Debug, T5284: Setting AI_SCENE_FLAGS_INCOMPLETE flag
Debug, T5284: RemoveVCProcess finished. Nothing to be done ...
Debug, T5284: RemoveRedundantMatsProcess begin
Info,  T5284: RemoveRedundantMatsProcess finished. Removed 2 redundant and 0 unused materials.
Debug, T5284: RemoveRedundantMatsProcess begin
Debug, T5284: Found positive match in exclusion list: 'Unique Mat2'
Debug, T5284: Found positive match in exclusion list: 'Complex material name'
Info,  T5284: RemoveRedundantMatsProcess finished. Removed 1 redundant and 0 unused materials.
Info,  T5284: Load C:/projects/MM1/extern/assimp-master/assimp-master/test/models/OBJ/spider.obj
Debug, T5284: Assimp 6.0.0 amd64 gcc debug shared singlethreadedsingle : 
Info,  T5284: Found a matching importer for this file format: Wavefront Object Importer.
Info,  T5284: Import root directory is 'C:/projects/MM1/extern/assimp-master/assimp-master/test/models/OBJ\'
Debug, T5284: UpdateImporterScale scale set: 1
Debug, T5284: ValidateDataStructureProcess begin
Debug, T5284: ValidateDataStructureProcess end
Debug, T5284: FlipWindingOrderProcess begin
Debug, T5284: FlipWindingOrderProcess finished
Debug, T5284: FlipUVsProcess begin
Debug, T5284: FlipUVsProcess finished
Debug, T5284: MakeLeftHandedProcess begin
Debug, T5284: MakeLeftHandedProcess finished
Debug, T5284: TriangulateProcess begin
Debug, T5284: TriangulateProcess finished. There was nothing to be done.
Debug, T5284: SortByPTypeProcess begin
Info,  T5284: Points: 0, Lines: 0, Triangles: 19, Polygons: 0 (Meshes, X = removed)
Debug, T5284: SortByPTypeProcess finished
Info,  T5284: Load C:/projects/MM1/extern/assimp-master/assimp-master/test/models/TER/RealisticTerrain.ter
Debug, T5284: Assimp 6.0.0 amd64 gcc debug shared singlethreadedsingle : 
Info,  T5284: Found a matching importer for this file format: Terragen Heightmap Importer.
Info,  T5284: Import root directory is 'C:/projects/MM1/extern/assimp-master/assimp-master/test/models/TER\'
Debug, T5284: UpdateImporterScale scale set: 1
Debug, T5284: ValidateDataStructureProcess begin
Debug, T5284: ValidateDataStructureProcess end
Debug, T5284: ScenePreprocessor: Adding default material 'DefaultMaterial'
Info,  T5284: Load C:/projects/MM1/extern/assimp-master/assimp-master/test/models/RAW/Wuson.raw
Debug, T5284: Assimp 6.0.0 amd64 gcc debug shared singlethreadedsingle : 
Info,  T5284: Found a matching importer for this file format: Raw Importer.
Info,  T5284: Import root directory is 'C:/projects/MM1/extern/assimp-master/assimp-master/test/models/RAW\'
Debug, T5284: UpdateImporterScale scale set: 1
Debug, T5284: ValidateDataStructureProcess begin
Debug, T5284: ValidateDataStructureProcess end
Info,  T5284: Load C:/projects/MM1/extern/assimp-master/assimp-master/test/models/MDL/MDL (HL1)/multiple_roots.mdl
Debug, T5284: Assimp 6.0.0 amd64 gcc debug shared singlethreadedsingle : 
Info,  T5284: Found a matching importer for this file format: Quake Mesh / 3D GameStudio Mesh Importer.
Info,  T5284: Import root directory is 'C:/projects/MM1/extern/assimp-master/assimp-master/test/models/MDL/MDL (HL1)\'
Debug, T5284: MDL subtype: Half-Life 1/Goldsrc Engine, magic word is IDST/IDSQ
Debug, T5284: UpdateImporterScale scale set: 1
Debug, T5284: ValidateDataStructureProcess begin
Debug, T5284: ValidateDataStructureProcess end
Debug, T5284: ScenePreprocessor: Dummy scaling track has been generated
Info,  T5284: Load C:/projects/MM1/extern/assimp-master/assimp-master/test/models/MDL/MDL (HL1)/unnamed_bones.mdl
Debug, T5284: Assimp 6.0.0 amd64 gcc debug shared singlethreadedsingle : 
Info,  T5284: Found a matching importer for this file format: Quake Mesh / 3D GameStudio Mesh Importer.
Info,  T5284: Import root directory is 'C:/projects/MM1/extern/assimp-master/assimp-master/test/models/MDL/MDL (HL1)\'
Debug, T5284: MDL subtype: Half-Life 1/Goldsrc Engine, magic word is IDST/IDSQ
Debug, T5284: UpdateImporterScale scale set: 1
Debug, T5284: ValidateDataStructureProcess begin
Debug, T5284: ValidateDataStructureProcess end
Debug, T5284: ScenePreprocessor: Dummy scaling track has been generated
Info,  T5284: Load C:/projects/MM1/extern/assimp-master/assimp-master/test/models/MDL/MDL (HL1)/unnamed_bodyparts.mdl
Debug, T5284: Assimp 6.0.0 amd64 gcc debug shared singlethreadedsingle : 
Info,  T5284: Found a matching importer for this file format: Quake Mesh / 3D GameStudio Mesh Importer.
Info,  T5284: Import root directory is 'C:/projects/MM1/extern/assimp-master/assimp-master/test/models/MDL/MDL (HL1)\'
Debug, T5284: MDL subtype: Half-Life 1/Goldsrc Engine, magic word is IDST/IDSQ
Debug, T5284: UpdateImporterScale scale set: 1
Debug, T5284: ValidateDataStructureProcess begin
Debug, T5284: ValidateDataStructureProcess end
Debug, T5284: ScenePreprocessor: Dummy scaling track has been generated
Info,  T5284: Load C:/projects/MM1/extern/assimp-master/assimp-master/test/models/MDL/MDL (HL1)/duplicate_bodyparts.mdl
Debug, T5284: Assimp 6.0.0 amd64 gcc debug shared singlethreadedsingle : 
Info,  T5284: Found a matching importer for this file format: Quake Mesh / 3D GameStudio Mesh Importer.
Info,  T5284: Import root directory is 'C:/projects/MM1/extern/assimp-master/assimp-master/test/models/MDL/MDL (HL1)\'
Debug, T5284: MDL subtype: Half-Life 1/Goldsrc Engine, magic word is IDST/IDSQ
Debug, T5284: UpdateImporterScale scale set: 1
Debug, T5284: ValidateDataStructureProcess begin
Debug, T5284: ValidateDataStructureProcess end
Debug, T5284: ScenePreprocessor: Dummy scaling track has been generated
Info,  T5284: Load C:/projects/MM1/extern/assimp-master/assimp-master/test/models/MDL/MDL (HL1)/duplicate_submodels.mdl
Debug, T5284: Assimp 6.0.0 amd64 gcc debug shared singlethreadedsingle : 
Info,  T5284: Found a matching importer for this file format: Quake Mesh / 3D GameStudio Mesh Importer.
Info,  T5284: Import root directory is 'C:/projects/MM1/extern/assimp-master/assimp-master/test/models/MDL/MDL (HL1)\'
Debug, T5284: MDL subtype: Half-Life 1/Goldsrc Engine, magic word is IDST/IDSQ
Debug, T5284: UpdateImporterScale scale set: 1
Debug, T5284: ValidateDataStructureProcess begin
Debug, T5284: ValidateDataStructureProcess end
Debug, T5284: ScenePreprocessor: Dummy scaling track has been generated
Info,  T5284: Load C:/projects/MM1/extern/assimp-master/assimp-master/test/models/MDL/MDL (HL1)/unnamed_sequences.mdl
Debug, T5284: Assimp 6.0.0 amd64 gcc debug shared singlethreadedsingle : 
Info,  T5284: Found a matching importer for this file format: Quake Mesh / 3D GameStudio Mesh Importer.
Info,  T5284: Import root directory is 'C:/projects/MM1/extern/assimp-master/assimp-master/test/models/MDL/MDL (HL1)\'
Debug, T5284: MDL subtype: Half-Life 1/Goldsrc Engine, magic word is IDST/IDSQ
Debug, T5284: UpdateImporterScale scale set: 1
Debug, T5284: ValidateDataStructureProcess begin
Debug, T5284: ValidateDataStructureProcess end
Debug, T5284: ScenePreprocessor: Dummy scaling track has been generated
Info,  T5284: Load C:/projects/MM1/extern/assimp-master/assimp-master/test/models/MDL/MDL (HL1)/duplicate_sequences.mdl
Debug, T5284: Assimp 6.0.0 amd64 gcc debug shared singlethreadedsingle : 
Info,  T5284: Found a matching importer for this file format: Quake Mesh / 3D GameStudio Mesh Importer.
Info,  T5284: Import root directory is 'C:/projects/MM1/extern/assimp-master/assimp-master/test/models/MDL/MDL (HL1)\'
Debug, T5284: MDL subtype: Half-Life 1/Goldsrc Engine, magic word is IDST/IDSQ
Debug, T5284: UpdateImporterScale scale set: 1
Debug, T5284: ValidateDataStructureProcess begin
Debug, T5284: ValidateDataStructureProcess end
Debug, T5284: ScenePreprocessor: Dummy scaling track has been generated
Info,  T5284: Load C:/projects/MM1/extern/assimp-master/assimp-master/test/models/MDL/MDL (HL1)/unnamed_sequence_groups/unnamed_sequence_groups.mdl
Debug, T5284: Assimp 6.0.0 amd64 gcc debug shared singlethreadedsingle : 
Info,  T5284: Found a matching importer for this file format: Quake Mesh / 3D GameStudio Mesh Importer.
Info,  T5284: Import root directory is 'C:/projects/MM1/extern/assimp-master/assimp-master/test/models/MDL/MDL (HL1)/unnamed_sequence_groups\'
Debug, T5284: MDL subtype: Half-Life 1/Goldsrc Engine, magic word is IDST/IDSQ
Debug, T5284: UpdateImporterScale scale set: 1
Debug, T5284: ValidateDataStructureProcess begin
Debug, T5284: ValidateDataStructureProcess end
Debug, T5284: ScenePreprocessor: Dummy scaling track has been generated
Info,  T5284: Load C:/projects/MM1/extern/assimp-master/assimp-master/test/models/MDL/MDL (HL1)/duplicate_sequence_groups/duplicate_sequence_groups.mdl
Debug, T5284: Assimp 6.0.0 amd64 gcc debug shared singlethreadedsingle : 
Info,  T5284: Found a matching importer for this file format: Quake Mesh / 3D GameStudio Mesh Importer.
Info,  T5284: Import root directory is 'C:/projects/MM1/extern/assimp-master/assimp-master/test/models/MDL/MDL (HL1)/duplicate_sequence_groups\'
Debug, T5284: MDL subtype: Half-Life 1/Goldsrc Engine, magic word is IDST/IDSQ
Debug, T5284: UpdateImporterScale scale set: 1
Debug, T5284: ValidateDataStructureProcess begin
Debug, T5284: ValidateDataStructureProcess end
Debug, T5284: ScenePreprocessor: Dummy scaling track has been generated
Info,  T5284: Load C:/projects/MM1/extern/assimp-master/assimp-master/test/models/MDL/MDL (HL1)/man.mdl
Debug, T5284: Assimp 6.0.0 amd64 gcc debug shared singlethreadedsingle : 
Info,  T5284: Found a matching importer for this file format: Quake Mesh / 3D GameStudio Mesh Importer.
Info,  T5284: Import root directory is 'C:/projects/MM1/extern/assimp-master/assimp-master/test/models/MDL/MDL (HL1)\'
Debug, T5284: MDL subtype: Half-Life 1/Goldsrc Engine, magic word is IDST/IDSQ
Debug, T5284: UpdateImporterScale scale set: 1
Debug, T5284: ValidateDataStructureProcess begin
Debug, T5284: ValidateDataStructureProcess end
Debug, T5284: ScenePreprocessor: Dummy scaling track has been generated
Info,  T5284: Load C:/projects/MM1/extern/assimp-master/assimp-master/test/models/MDL/MDL (HL1)/chrome_sphere.mdl
Debug, T5284: Assimp 6.0.0 amd64 gcc debug shared singlethreadedsingle : 
Info,  T5284: Found a matching importer for this file format: Quake Mesh / 3D GameStudio Mesh Importer.
Info,  T5284: Import root directory is 'C:/projects/MM1/extern/assimp-master/assimp-master/test/models/MDL/MDL (HL1)\'
Debug, T5284: MDL subtype: Half-Life 1/Goldsrc Engine, magic word is IDST/IDSQ
Debug, T5284: UpdateImporterScale scale set: 1
Debug, T5284: ValidateDataStructureProcess begin
Debug, T5284: ValidateDataStructureProcess end
Debug, T5284: ScenePreprocessor: Dummy scaling track has been generated
Info,  T5284: Load C:/projects/MM1/extern/assimp-master/assimp-master/test/models/MDL/MDL (HL1)/chrome_sphere.mdl
Debug, T5284: Assimp 6.0.0 amd64 gcc debug shared singlethreadedsingle : 
Info,  T5284: Found a matching importer for this file format: Quake Mesh / 3D GameStudio Mesh Importer.
Info,  T5284: Import root directory is 'C:/projects/MM1/extern/assimp-master/assimp-master/test/models/MDL/MDL (HL1)\'
Debug, T5284: MDL subtype: Half-Life 1/Goldsrc Engine, magic word is IDST/IDSQ
Debug, T5284: UpdateImporterScale scale set: 1
Debug, T5284: ValidateDataStructureProcess begin
Debug, T5284: ValidateDataStructureProcess end
Debug, T5284: ScenePreprocessor: Dummy scaling track has been generated
Info,  T5284: Load C:/projects/MM1/extern/assimp-master/assimp-master/test/models/MDL/MDL (HL1)/blend_additive.mdl
Debug, T5284: Assimp 6.0.0 amd64 gcc debug shared singlethreadedsingle : 
Info,  T5284: Found a matching importer for this file format: Quake Mesh / 3D GameStudio Mesh Importer.
Info,  T5284: Import root directory is 'C:/projects/MM1/extern/assimp-master/assimp-master/test/models/MDL/MDL (HL1)\'
Debug, T5284: MDL subtype: Half-Life 1/Goldsrc Engine, magic word is IDST/IDSQ
Debug, T5284: UpdateImporterScale scale set: 1
Debug, T5284: ValidateDataStructureProcess begin
Debug, T5284: ValidateDataStructureProcess end
Debug, T5284: ScenePreprocessor: Dummy scaling track has been generated
Info,  T5284: Load C:/projects/MM1/extern/assimp-master/assimp-master/test/models/MDL/MDL (HL1)/alpha_test.mdl
Debug, T5284: Assimp 6.0.0 amd64 gcc debug shared singlethreadedsingle : 
Info,  T5284: Found a matching importer for this file format: Quake Mesh / 3D GameStudio Mesh Importer.
Info,  T5284: Import root directory is 'C:/projects/MM1/extern/assimp-master/assimp-master/test/models/MDL/MDL (HL1)\'
Debug, T5284: MDL subtype: Half-Life 1/Goldsrc Engine, magic word is IDST/IDSQ
Debug, T5284: UpdateImporterScale scale set: 1
Debug, T5284: ValidateDataStructureProcess begin
Debug, T5284: ValidateDataStructureProcess end
Debug, T5284: ScenePreprocessor: Dummy scaling track has been generated
Info,  T5284: Load C:/projects/MM1/extern/assimp-master/assimp-master/test/models/MDL/MDL (HL1)/man.mdl
Debug, T5284: Assimp 6.0.0 amd64 gcc debug shared singlethreadedsingle : 
Info,  T5284: Found a matching importer for this file format: Quake Mesh / 3D GameStudio Mesh Importer.
Info,  T5284: Import root directory is 'C:/projects/MM1/extern/assimp-master/assimp-master/test/models/MDL/MDL (HL1)\'
Debug, T5284: MDL subtype: Half-Life 1/Goldsrc Engine, magic word is IDST/IDSQ
Debug, T5284: UpdateImporterScale scale set: 1
Debug, T5284: ValidateDataStructureProcess begin
Debug, T5284: ValidateDataStructureProcess end
Info,  T5284: Load C:/projects/MM1/extern/assimp-master/assimp-master/test/models/MDL/MDL (HL1)/man.mdl
Debug, T5284: Assimp 6.0.0 amd64 gcc debug shared singlethreadedsingle : 
Info,  T5284: Found a matching importer for this file format: Quake Mesh / 3D GameStudio Mesh Importer.
Info,  T5284: Import root directory is 'C:/projects/MM1/extern/assimp-master/assimp-master/test/models/MDL/MDL (HL1)\'
Debug, T5284: MDL subtype: Half-Life 1/Goldsrc Engine, magic word is IDST/IDSQ
Debug, T5284: UpdateImporterScale scale set: 1
Debug, T5284: ValidateDataStructureProcess begin
Debug, T5284: ValidateDataStructureProcess end
Debug, T5284: ScenePreprocessor: Dummy scaling track has been generated
Info,  T5284: Load C:/projects/MM1/extern/assimp-master/assimp-master/test/models/MDL/MDL (HL1)/man.mdl
Debug, T5284: Assimp 6.0.0 amd64 gcc debug shared singlethreadedsingle : 
Info,  T5284: Found a matching importer for this file format: Quake Mesh / 3D GameStudio Mesh Importer.
Info,  T5284: Import root directory is 'C:/projects/MM1/extern/assimp-master/assimp-master/test/models/MDL/MDL (HL1)\'
Debug, T5284: MDL subtype: Half-Life 1/Goldsrc Engine, magic word is IDST/IDSQ
Debug, T5284: UpdateImporterScale scale set: 1
Debug, T5284: ValidateDataStructureProcess begin
Debug, T5284: ValidateDataStructureProcess end
Debug, T5284: ScenePreprocessor: Dummy scaling track has been generated
Info,  T5284: Load C:/projects/MM1/extern/assimp-master/assimp-master/test/models/MDL/MDL (HL1)/sequence_transitions.mdl
Debug, T5284: Assimp 6.0.0 amd64 gcc debug shared singlethreadedsingle : 
Info,  T5284: Found a matching importer for this file format: Quake Mesh / 3D GameStudio Mesh Importer.
Info,  T5284: Import root directory is 'C:/projects/MM1/extern/assimp-master/assimp-master/test/models/MDL/MDL (HL1)\'
Debug, T5284: MDL subtype: Half-Life 1/Goldsrc Engine, magic word is IDST/IDSQ
Debug, T5284: UpdateImporterScale scale set: 1
Debug, T5284: ValidateDataStructureProcess begin
Debug, T5284: ValidateDataStructureProcess end
Debug, T5284: ScenePreprocessor: Dummy scaling track has been generated
Info,  T5284: Load C:/projects/MM1/extern/assimp-master/assimp-master/test/models/MDL/MDL (HL1)/sequence_transitions.mdl
Debug, T5284: Assimp 6.0.0 amd64 gcc debug shared singlethreadedsingle : 
Info,  T5284: Found a matching importer for this file format: Quake Mesh / 3D GameStudio Mesh Importer.
Info,  T5284: Import root directory is 'C:/projects/MM1/extern/assimp-master/assimp-master/test/models/MDL/MDL (HL1)\'
Debug, T5284: MDL subtype: Half-Life 1/Goldsrc Engine, magic word is IDST/IDSQ
Debug, T5284: UpdateImporterScale scale set: 1
Debug, T5284: ValidateDataStructureProcess begin
Debug, T5284: ValidateDataStructureProcess end
Debug, T5284: ScenePreprocessor: Dummy scaling track has been generated
Info,  T5284: Load C:/projects/MM1/extern/assimp-master/assimp-master/test/models/MDL/MDL (HL1)/man.mdl
Debug, T5284: Assimp 6.0.0 amd64 gcc debug shared singlethreadedsingle : 
Info,  T5284: Found a matching importer for this file format: Quake Mesh / 3D GameStudio Mesh Importer.
Info,  T5284: Import root directory is 'C:/projects/MM1/extern/assimp-master/assimp-master/test/models/MDL/MDL (HL1)\'
Debug, T5284: MDL subtype: Half-Life 1/Goldsrc Engine, magic word is IDST/IDSQ
Debug, T5284: UpdateImporterScale scale set: 1
Debug, T5284: ValidateDataStructureProcess begin
Debug, T5284: ValidateDataStructureProcess end
Debug, T5284: ScenePreprocessor: Dummy scaling track has been generated
Info,  T5284: Load C:/projects/MM1/extern/assimp-master/assimp-master/test/models/MDL/MDL (HL1)/man.mdl
Debug, T5284: Assimp 6.0.0 amd64 gcc debug shared singlethreadedsingle : 
Info,  T5284: Found a matching importer for this file format: Quake Mesh / 3D GameStudio Mesh Importer.
Info,  T5284: Import root directory is 'C:/projects/MM1/extern/assimp-master/assimp-master/test/models/MDL/MDL (HL1)\'
Debug, T5284: MDL subtype: Half-Life 1/Goldsrc Engine, magic word is IDST/IDSQ
Debug, T5284: UpdateImporterScale scale set: 1
Debug, T5284: ValidateDataStructureProcess begin
Debug, T5284: ValidateDataStructureProcess end
Debug, T5284: ScenePreprocessor: Dummy scaling track has been generated
Info,  T5284: Load C:/projects/MM1/extern/assimp-master/assimp-master/test/models/MDL/MDL (HL1)/man.mdl
Debug, T5284: Assimp 6.0.0 amd64 gcc debug shared singlethreadedsingle : 
Info,  T5284: Found a matching importer for this file format: Quake Mesh / 3D GameStudio Mesh Importer.
Info,  T5284: Import root directory is 'C:/projects/MM1/extern/assimp-master/assimp-master/test/models/MDL/MDL (HL1)\'
Debug, T5284: MDL subtype: Half-Life 1/Goldsrc Engine, magic word is IDST/IDSQ
Debug, T5284: UpdateImporterScale scale set: 1
Debug, T5284: ValidateDataStructureProcess begin
Debug, T5284: ValidateDataStructureProcess end
Debug, T5284: ScenePreprocessor: Dummy scaling track has been generated
Info,  T5284: Load C:/projects/MM1/extern/assimp-master/assimp-master/test/models/MDL/MDL (HL1)/man.mdl
Debug, T5284: Assimp 6.0.0 amd64 gcc debug shared singlethreadedsingle : 
Info,  T5284: Found a matching importer for this file format: Quake Mesh / 3D GameStudio Mesh Importer.
Info,  T5284: Import root directory is 'C:/projects/MM1/extern/assimp-master/assimp-master/test/models/MDL/MDL (HL1)\'
Debug, T5284: MDL subtype: Half-Life 1/Goldsrc Engine, magic word is IDST/IDSQ
Debug, T5284: UpdateImporterScale scale set: 1
Debug, T5284: ValidateDataStructureProcess begin
Debug, T5284: ValidateDataStructureProcess end
Debug, T5284: ScenePreprocessor: Dummy scaling track has been generated
Info,  T5284: Load C:/projects/MM1/extern/assimp-master/assimp-master/test/models/MDL/MDL (HL1)/man.mdl
Debug, T5284: Assimp 6.0.0 amd64 gcc debug shared singlethreadedsingle : 
Info,  T5284: Found a matching importer for this file format: Quake Mesh / 3D GameStudio Mesh Importer.
Info,  T5284: Import root directory is 'C:/projects/MM1/extern/assimp-master/assimp-master/test/models/MDL/MDL (HL1)\'
Debug, T5284: MDL subtype: Half-Life 1/Goldsrc Engine, magic word is IDST/IDSQ
Debug, T5284: UpdateImporterScale scale set: 1
Debug, T5284: ScenePreprocessor: Dummy scaling track has been generated
Info,  T5284: Load C:/projects/MM1/extern/assimp-master/assimp-master/test/models/MDL/MDL (HL1)/manT.mdl
Debug, T5284: Assimp 6.0.0 amd64 gcc debug shared singlethreadedsingle : 
Debug, T5284: (Deleting previous scene)
Info,  T5284: Found a matching importer for this file format: Quake Mesh / 3D GameStudio Mesh Importer.
Info,  T5284: Import root directory is 'C:/projects/MM1/extern/assimp-master/assimp-master/test/models/MDL/MDL (HL1)\'
Debug, T5284: MDL subtype: Half-Life 1/Goldsrc Engine, magic word is IDST/IDSQ
Debug, T5284: UpdateImporterScale scale set: 1
Debug, T5284: ValidateDataStructureProcess begin
Debug, T5284: ValidateDataStructureProcess end
Info,  T5284: Load C:/projects/MM1/extern/assimp-master/assimp-master/test/models/MD5/invalid/empty.md5mesh
Debug, T5284: Assimp 6.0.0 amd64 gcc debug shared singlethreadedsingle : 
Error, T5284: Unable to open file "C:/projects/MM1/extern/assimp-master/assimp-master/test/models/MD5/invalid/empty.md5mesh".
Info,  T5284: Load C:/projects/MM1/extern/assimp-master/assimp-master/test/models/MD5/SimpleCube.md5mesh
Debug, T5284: Assimp 6.0.0 amd64 gcc debug shared singlethreadedsingle : 
Info,  T5284: Found a matching importer for this file format: Doom 3 / MD5 Mesh Importer.
Info,  T5284: Import root directory is 'C:/projects/MM1/extern/assimp-master/assimp-master/test/models/MD5\'
Debug, T5284: MD5Parser begin
Info,  T5284: commandline "mesh models/code/code.ma -dest models/code/code.md5mesh -game blackrose -game sw"

Debug, T5284: MD5Parser end. Parsed 3 sections
Debug, T5284: MD5MeshParser begin
Debug, T5284: MD5MeshParser end
Warn,  T5284: Failed to read MD5ANIM file: C:/projects/MM1/extern/assimp-master/assimp-master/test/models/MD5/SimpleCube.md5anim
Debug, T5284: UpdateImporterScale scale set: 1
Debug, T5284: ValidateDataStructureProcess begin
Debug, T5284: ValidateDataStructureProcess end
Info,  T5284: Load C:/projects/MM1/extern/assimp-master/assimp-master/test/models-nonbsd/MD5/BoarMan.md5mesh
Debug, T5284: Assimp 6.0.0 amd64 gcc debug shared singlethreadedsingle : 
Info,  T5284: Found a matching importer for this file format: Doom 3 / MD5 Mesh Importer.
Info,  T5284: Import root directory is 'C:/projects/MM1/extern/assimp-master/assimp-master/test/models-nonbsd/MD5\'
Debug, T5284: MD5Parser begin
Info,  T5284: commandline ""

Debug, T5284: MD5Parser end. Parsed 16 sections
Debug, T5284: MD5MeshParser begin
Debug, T5284: MD5MeshParser end
Warn,  T5284: Failed to read MD5ANIM file: C:/projects/MM1/extern/assimp-master/assimp-master/test/models-nonbsd/MD5/BoarMan.md5anim
Debug, T5284: UpdateImporterScale scale set: 1
Debug, T5284: ValidateDataStructureProcess begin
Debug, T5284: ValidateDataStructureProcess end
Info,  T5284: Load C:/projects/MM1/extern/assimp-master/assimp-master/test/models-nonbsd/MD5/Bob.md5mesh
Debug, T5284: Assimp 6.0.0 amd64 gcc debug shared singlethreadedsingle : 
Info,  T5284: Found a matching importer for this file format: Doom 3 / MD5 Mesh Importer.
Info,  T5284: Import root directory is 'C:/projects/MM1/extern/assimp-master/assimp-master/test/models-nonbsd/MD5\'
Debug, T5284: MD5Parser begin
Info,  T5284: commandline ""

Debug, T5284: MD5Parser end. Parsed 8 sections
Debug, T5284: MD5MeshParser begin
Debug, T5284: MD5MeshParser end
Debug, T5284: MD5Parser begin
Info,  T5284: commandline ""

Debug, T5284: MD5Parser end. Parsed 144 sections
Debug, T5284: MD5AnimParser begin
Debug, T5284: MD5AnimParser end
Debug, T5284: UpdateImporterScale scale set: 1
Debug, T5284: ValidateDataStructureProcess begin
Debug, T5284: ValidateDataStructureProcess end
Debug, T5284: ScenePreprocessor: Dummy scaling track has been generated
Info,  T5284: Load C:/projects/MM1/extern/assimp-master/assimp-master/test/models/MD2/faerie.md2
Debug, T5284: Assimp 6.0.0 amd64 gcc debug shared singlethreadedsingle : 
Info,  T5284: Found a matching importer for this file format: Quake II Mesh Importer.
Info,  T5284: Import root directory is 'C:/projects/MM1/extern/assimp-master/assimp-master/test/models/MD2\'
Debug, T5284: UpdateImporterScale scale set: 1
Debug, T5284: ValidateDataStructureProcess begin
Debug, T5284: ValidateDataStructureProcess end
Info,  T5284: Load C:/projects/MM1/extern/assimp-master/assimp-master/test/models/MD2/sydney.md2
Debug, T5284: Assimp 6.0.0 amd64 gcc debug shared singlethreadedsingle : 
Info,  T5284: Found a matching importer for this file format: Quake II Mesh Importer.
Info,  T5284: Import root directory is 'C:/projects/MM1/extern/assimp-master/assimp-master/test/models/MD2\'
Debug, T5284: UpdateImporterScale scale set: 1
Debug, T5284: ValidateDataStructureProcess begin
Debug, T5284: ValidateDataStructureProcess end
Info,  T5284: Load C:/projects/MM1/extern/assimp-master/assimp-master/test/models-nonbsd/MD2/dolphin.md2
Debug, T5284: Assimp 6.0.0 amd64 gcc debug shared singlethreadedsingle : 
Info,  T5284: Found a matching importer for this file format: Quake II Mesh Importer.
Info,  T5284: Import root directory is 'C:/projects/MM1/extern/assimp-master/assimp-master/test/models-nonbsd/MD2\'
Debug, T5284: UpdateImporterScale scale set: 1
Debug, T5284: ValidateDataStructureProcess begin
Debug, T5284: ValidateDataStructureProcess end
Info,  T5284: Load C:/projects/MM1/extern/assimp-master/assimp-master/test/models-nonbsd/MD2/flag.md2
Debug, T5284: Assimp 6.0.0 amd64 gcc debug shared singlethreadedsingle : 
Info,  T5284: Found a matching importer for this file format: Quake II Mesh Importer.
Info,  T5284: Import root directory is 'C:/projects/MM1/extern/assimp-master/assimp-master/test/models-nonbsd/MD2\'
Debug, T5284: UpdateImporterScale scale set: 1
Debug, T5284: ValidateDataStructureProcess begin
Debug, T5284: ValidateDataStructureProcess end
Info,  T5284: Load C:/projects/MM1/extern/assimp-master/assimp-master/test/models-nonbsd/MD2/horse.md2
Debug, T5284: Assimp 6.0.0 amd64 gcc debug shared singlethreadedsingle : 
Info,  T5284: Found a matching importer for this file format: Quake II Mesh Importer.
Info,  T5284: Import root directory is 'C:/projects/MM1/extern/assimp-master/assimp-master/test/models-nonbsd/MD2\'
Debug, T5284: UpdateImporterScale scale set: 1
Debug, T5284: ValidateDataStructureProcess begin
Debug, T5284: ValidateDataStructureProcess end
Info,  T5284: Load C:/projects/MM1/extern/assimp-master/assimp-master/test/models/XGL/BCN_Epileptic.zgl
Debug, T5284: Assimp 6.0.0 amd64 gcc debug shared singlethreadedsingle : 
Info,  T5284: Found a matching importer for this file format: XGL Importer.
Info,  T5284: Import root directory is 'C:/projects/MM1/extern/assimp-master/assimp-master/test/models/XGL\'
Debug, T5284: UpdateImporterScale scale set: 1
Debug, T5284: ValidateDataStructureProcess begin
Debug, T5284: ValidateDataStructureProcess end
Info,  T5284: Load C:/projects/MM1/extern/assimp-master/assimp-master/test/models/XGL/cubes_with_alpha.zgl
Debug, T5284: Assimp 6.0.0 amd64 gcc debug shared singlethreadedsingle : 
Info,  T5284: Found a matching importer for this file format: XGL Importer.
Info,  T5284: Import root directory is 'C:/projects/MM1/extern/assimp-master/assimp-master/test/models/XGL\'
Debug, T5284: UpdateImporterScale scale set: 1
Debug, T5284: ValidateDataStructureProcess begin
Debug, T5284: ValidateDataStructureProcess end
Info,  T5284: Load C:/projects/MM1/extern/assimp-master/assimp-master/test/models/XGL/sample_official.xgl
Debug, T5284: Assimp 6.0.0 amd64 gcc debug shared singlethreadedsingle : 
Info,  T5284: Found a matching importer for this file format: XGL Importer.
Info,  T5284: Import root directory is 'C:/projects/MM1/extern/assimp-master/assimp-master/test/models/XGL\'
Debug, T5284: UpdateImporterScale scale set: 1
Debug, T5284: ValidateDataStructureProcess begin
Debug, T5284: ValidateDataStructureProcess end
Info,  T5284: Load C:/projects/MM1/extern/assimp-master/assimp-master/test/models/XGL/sample_official_asxml.xml
Debug, T5284: Assimp 6.0.0 amd64 gcc debug shared singlethreadedsingle : 
Info,  T5284: Found a possible importer: Irrlicht Mesh Reader; trying signature-based detection
Info,  T5284: Found a possible importer: Irrlicht Scene Reader; trying signature-based detection
Info,  T5284: Found a possible importer: Collada Importer; trying signature-based detection
Info,  T5284: File extension not known, trying signature-based detection
Debug, T5284: Found positive match for header keyword: <world>
Info,  T5284: Found a matching importer for this file format: XGL Importer.
Info,  T5284: Import root directory is 'C:/projects/MM1/extern/assimp-master/assimp-master/test/models/XGL\'
Debug, T5284: UpdateImporterScale scale set: 1
Debug, T5284: ValidateDataStructureProcess begin
Debug, T5284: ValidateDataStructureProcess end
Info,  T5284: Load C:/projects/MM1/extern/assimp-master/assimp-master/test/models/XGL/sphere_with_mat_gloss_10pc.zgl
Debug, T5284: Assimp 6.0.0 amd64 gcc debug shared singlethreadedsingle : 
Info,  T5284: Found a matching importer for this file format: XGL Importer.
Info,  T5284: Import root directory is 'C:/projects/MM1/extern/assimp-master/assimp-master/test/models/XGL\'
Debug, T5284: UpdateImporterScale scale set: 1
Debug, T5284: ValidateDataStructureProcess begin
Debug, T5284: ValidateDataStructureProcess end
Info,  T5284: Load C:/projects/MM1/extern/assimp-master/assimp-master/test/models/XGL/Spider_ascii.zgl
Debug, T5284: Assimp 6.0.0 amd64 gcc debug shared singlethreadedsingle : 
Info,  T5284: Found a matching importer for this file format: XGL Importer.
Info,  T5284: Import root directory is 'C:/projects/MM1/extern/assimp-master/assimp-master/test/models/XGL\'
Debug, T5284: UpdateImporterScale scale set: 1
Debug, T5284: ValidateDataStructureProcess begin
Debug, T5284: ValidateDataStructureProcess end
Info,  T5284: Load C:/projects/MM1/extern/assimp-master/assimp-master/test/models/XGL/Wuson.zgl
Debug, T5284: Assimp 6.0.0 amd64 gcc debug shared singlethreadedsingle : 
Info,  T5284: Found a matching importer for this file format: XGL Importer.
Info,  T5284: Import root directory is 'C:/projects/MM1/extern/assimp-master/assimp-master/test/models/XGL\'
Debug, T5284: UpdateImporterScale scale set: 1
Debug, T5284: ValidateDataStructureProcess begin
Debug, T5284: ValidateDataStructureProcess end
Info,  T5284: Load C:/projects/MM1/extern/assimp-master/assimp-master/test/models/XGL/wuson_dxf.zgl
Debug, T5284: Assimp 6.0.0 amd64 gcc debug shared singlethreadedsingle : 
Info,  T5284: Found a matching importer for this file format: XGL Importer.
Info,  T5284: Import root directory is 'C:/projects/MM1/extern/assimp-master/assimp-master/test/models/XGL\'
Debug, T5284: UpdateImporterScale scale set: 1
Debug, T5284: ValidateDataStructureProcess begin
Debug, T5284: ValidateDataStructureProcess end
Info,  T5284: Load C:/projects/MM1/extern/assimp-master/assimp-master/test/models/NFF/ManyEarthsNotJustOne.nff
Debug, T5284: Assimp 6.0.0 amd64 gcc debug shared singlethreadedsingle : 
Info,  T5284: Found a matching importer for this file format: Neutral File Format Importer.
Info,  T5284: Import root directory is 'C:/projects/MM1/extern/assimp-master/assimp-master/test/models/NFF\'
Debug, T5284: UpdateImporterScale scale set: 1
Info,  T5284: Load C:/projects/MM1/extern/assimp-master/assimp-master/test/models/OFF/Cube.off
Debug, T5284: Assimp 6.0.0 amd64 gcc debug shared singlethreadedsingle : 
Info,  T5284: Found a matching importer for this file format: OFF Importer.
Info,  T5284: Import root directory is 'C:/projects/MM1/extern/assimp-master/assimp-master/test/models/OFF\'
Debug, T5284: UpdateImporterScale scale set: 1
Debug, T5284: ValidateDataStructureProcess begin
Debug, T5284: ValidateDataStructureProcess end
Info,  T5284: Load C:/projects/MM1/extern/assimp-master/assimp-master/test/models-nonbsd/PK3/SGDTT3.pk3
Debug, T5284: Assimp 6.0.0 amd64 gcc debug shared singlethreadedsingle : 
Info,  T5284: Found a matching importer for this file format: Quake III BSP Importer.
Info,  T5284: Import root directory is 'C:/projects/MM1/extern/assimp-master/assimp-master/test/models-nonbsd/PK3\'
Debug, T5284: UpdateImporterScale scale set: 1
Info,  T5284: Load C:/projects/MM1/extern/assimp-master/assimp-master/test/models/Ogre/TheThing/Mesh.mesh.xml
Debug, T5284: Assimp 6.0.0 amd64 gcc debug shared singlethreadedsingle : 
Info,  T5284: Found a possible importer: Irrlicht Mesh Reader; trying signature-based detection
Info,  T5284: Found a possible importer: Irrlicht Scene Reader; trying signature-based detection
Info,  T5284: Found a possible importer: Collada Importer; trying signature-based detection
Info,  T5284: Found a possible importer: Ogre3D Mesh Importer; trying signature-based detection
Debug, T5284: Found positive match for header keyword: <mesh>
Info,  T5284: Found a matching importer for this file format: Ogre3D Mesh Importer.
Info,  T5284: Import root directory is 'C:/projects/MM1/extern/assimp-master/assimp-master/test/models/Ogre/TheThing\'
Debug, T5284:   - Reading geometry of 1406 vertices
Debug, T5284:     - Contains positions
Debug, T5284:     - Contains normals
Debug, T5284:     - Contains 1 texture coords
Debug, T5284: Reading SubMesh 0
Debug, T5284:   - Material: 'BlockMat'
Debug, T5284:   - Uses shared geometry: true
Debug, T5284:   - Faces 2656
Debug, T5284: Reading Mesh
Debug, T5284: Reading material 'BlockMat'
Debug, T5284: material 'BlockMat'
Debug, T5284:  technique 'b2ogre_1331419912.514'
Debug, T5284:   pass 'b2ogre_1331419912.514'
Debug, T5284:    ambient 0.8 0.8 0.8
Debug, T5284:    diffuse 0.64 0.64 0.64
Debug, T5284:    specular 0.5 0.5 0.5
Debug, T5284:    emissive 0 0 0
Debug, T5284:    texture_unit 'b2ogre_1331419912.514'
Debug, T5284:     texture 'Wrinkles.jpg' type 1 index 0 UV 0
Debug, T5284: UpdateImporterScale scale set: 1
Debug, T5284: ValidateDataStructureProcess begin
Debug, T5284: ValidateDataStructureProcess end
Info,  T5284: Load C:/projects/MM1/extern/assimp-master/assimp-master/test/models/COB/dwarf_ascii.cob
Debug, T5284: Assimp 6.0.0 amd64 gcc debug shared singlethreadedsingle : 
Info,  T5284: Found a matching importer for this file format: TrueSpace Object Importer.
Info,  T5284: Import root directory is 'C:/projects/MM1/extern/assimp-master/assimp-master/test/models/COB\'
Info,  T5284: File format tag: V00.01
Warn,  T5284: Unexpected ThumbNailHdrSize, skipping this chunk
Error, T5284: Encountered unsupported chunk: Chan [version: 12, size: 849]
Error, T5284: End of file or read limit was reached
Info,  T5284: Load C:/projects/MM1/extern/assimp-master/assimp-master/test/models/COB/dwarf.cob
Debug, T5284: Assimp 6.0.0 amd64 gcc debug shared singlethreadedsingle : 
Info,  T5284: Found a matching importer for this file format: TrueSpace Object Importer.
Info,  T5284: Import root directory is 'C:/projects/MM1/extern/assimp-master/assimp-master/test/models/COB\'
Error, T5284: Encountered unsupported chunk: Chan [version: 12, size: 579]
Error, T5284: Encountered unsupported chunk: Chan [version: 12, size: 761]
Error, T5284: Encountered unsupported chunk: ObRQ [version: 1, size: 8]
Error, T5284: Encountered unsupported chunk: Chan [version: 12, size: 571]
Error, T5284: Encountered unsupported chunk: ShBx [version: 4, size: 401]
Error, T5284: Encountered unsupported chunk: ShBx [version: 4, size: 399]
Debug, T5284: FlipWindingOrderProcess begin
Debug, T5284: FlipWindingOrderProcess finished
Debug, T5284: UpdateImporterScale scale set: 1
Debug, T5284: ValidateDataStructureProcess begin
Debug, T5284: ValidateDataStructureProcess end
Info,  T5284: Load C:/projects/MM1/extern/assimp-master/assimp-master/test/models/COB/molecule_ascii.cob
Debug, T5284: Assimp 6.0.0 amd64 gcc debug shared singlethreadedsingle : 
Info,  T5284: Found a matching importer for this file format: TrueSpace Object Importer.
Info,  T5284: Import root directory is 'C:/projects/MM1/extern/assimp-master/assimp-master/test/models/COB\'
Info,  T5284: File format tag: V00.01
Warn,  T5284: Unexpected ThumbNailHdrSize, skipping this chunk
Debug, T5284: FlipWindingOrderProcess begin
Debug, T5284: FlipWindingOrderProcess finished
Debug, T5284: UpdateImporterScale scale set: 1
Debug, T5284: ValidateDataStructureProcess begin
Debug, T5284: ValidateDataStructureProcess end
Info,  T5284: Load C:/projects/MM1/extern/assimp-master/assimp-master/test/models/COB/molecule.cob
Debug, T5284: Assimp 6.0.0 amd64 gcc debug shared singlethreadedsingle : 
Info,  T5284: Found a matching importer for this file format: TrueSpace Object Importer.
Info,  T5284: Import root directory is 'C:/projects/MM1/extern/assimp-master/assimp-master/test/models/COB\'
Error, T5284: Encountered unsupported chunk: ObRQ [version: 1, size: 8]
Error, T5284: Encountered unsupported chunk: ShBx [version: 4, size: 283]
Error, T5284: Encountered unsupported chunk: ObRQ [version: 1, size: 8]
Error, T5284: Encountered unsupported chunk: ShBx [version: 4, size: 283]
Error, T5284: Encountered unsupported chunk: ObRQ [version: 1, size: 8]
Error, T5284: Encountered unsupported chunk: ShBx [version: 4, size: 283]
Error, T5284: Encountered unsupported chunk: ObRQ [version: 1, size: 8]
Error, T5284: Encountered unsupported chunk: ShBx [version: 4, size: 283]
Error, T5284: Encountered unsupported chunk: PhAn [version: 7, size: 124]
Debug, T5284: FlipWindingOrderProcess begin
Debug, T5284: FlipWindingOrderProcess finished
Debug, T5284: UpdateImporterScale scale set: 1
Debug, T5284: ValidateDataStructureProcess begin
Debug, T5284: ValidateDataStructureProcess end
Info,  T5284: Load C:/projects/MM1/extern/assimp-master/assimp-master/test/models/COB/spider_4_3_ascii.cob
Debug, T5284: Assimp 6.0.0 amd64 gcc debug shared singlethreadedsingle : 
Info,  T5284: Found a matching importer for this file format: TrueSpace Object Importer.
Info,  T5284: Import root directory is 'C:/projects/MM1/extern/assimp-master/assimp-master/test/models/COB\'
Info,  T5284: File format tag: V00.01
Debug, T5284: FlipWindingOrderProcess begin
Debug, T5284: FlipWindingOrderProcess finished
Debug, T5284: UpdateImporterScale scale set: 1
Debug, T5284: ValidateDataStructureProcess begin
Debug, T5284: ValidateDataStructureProcess end
Info,  T5284: Load C:/projects/MM1/extern/assimp-master/assimp-master/test/models/COB/spider_4_3.cob
Debug, T5284: Assimp 6.0.0 amd64 gcc debug shared singlethreadedsingle : 
Info,  T5284: Found a matching importer for this file format: TrueSpace Object Importer.
Info,  T5284: Import root directory is 'C:/projects/MM1/extern/assimp-master/assimp-master/test/models/COB\'
Error, T5284: Encountered unsupported chunk: RSOb [version: 1, size: 125505]
Error, T5284: Encountered unsupported chunk: ObRQ [version: 1, size: 8]
Error, T5284: Encountered unsupported chunk: ShBx [version: 4, size: 283]
Debug, T5284: FlipWindingOrderProcess begin
Debug, T5284: FlipWindingOrderProcess finished
Debug, T5284: UpdateImporterScale scale set: 1
Debug, T5284: ValidateDataStructureProcess begin
Debug, T5284: ValidateDataStructureProcess end
Info,  T5284: Load C:/projects/MM1/extern/assimp-master/assimp-master/test/models/COB/spider_6_6_ascii.cob
Debug, T5284: Assimp 6.0.0 amd64 gcc debug shared singlethreadedsingle : 
Info,  T5284: Found a matching importer for this file format: TrueSpace Object Importer.
Info,  T5284: Import root directory is 'C:/projects/MM1/extern/assimp-master/assimp-master/test/models/COB\'
Info,  T5284: File format tag: V00.01
Warn,  T5284: Unexpected ThumbNailHdrSize, skipping this chunk
Debug, T5284: FlipWindingOrderProcess begin
Debug, T5284: FlipWindingOrderProcess finished
Debug, T5284: UpdateImporterScale scale set: 1
Debug, T5284: ValidateDataStructureProcess begin
Debug, T5284: ValidateDataStructureProcess end
Info,  T5284: Load C:/projects/MM1/extern/assimp-master/assimp-master/test/models/COB/spider_6_6.cob
Debug, T5284: Assimp 6.0.0 amd64 gcc debug shared singlethreadedsingle : 
Info,  T5284: Found a matching importer for this file format: TrueSpace Object Importer.
Info,  T5284: Import root directory is 'C:/projects/MM1/extern/assimp-master/assimp-master/test/models/COB\'
Error, T5284: Encountered unsupported chunk: ObRQ [version: 1, size: 8]
Error, T5284: Encountered unsupported chunk: ShBx [version: 4, size: 283]
Debug, T5284: FlipWindingOrderProcess begin
Debug, T5284: FlipWindingOrderProcess finished
Debug, T5284: UpdateImporterScale scale set: 1
Debug, T5284: ValidateDataStructureProcess begin
Debug, T5284: ValidateDataStructureProcess end
Info,  T5284: Load $$$___magic___$$$.
Debug, T5284: Assimp 6.0.0 amd64 gcc debug shared singlethreadedsingle : 
Info,  T5284: File extension not known, trying signature-based detection
Debug, T5284: Loading GLTF2 asset
Debug, T5284: Parsing GLTF2 JSON
Error, T5284: No suitable reader found for the file format of file "$$$___magic___$$$.".
Info,  T5284: Load C:/projects/MM1/extern/assimp-master/assimp-master/test/models/OBJ/spider.obj
Debug, T5284: Assimp 6.0.0 amd64 gcc debug shared singlethreadedsingle : 
Info,  T5284: Found a matching importer for this file format: Wavefront Object Importer.
Info,  T5284: Import root directory is 'C:/projects/MM1/extern/assimp-master/assimp-master/test/models/OBJ\'
Debug, T5284: UpdateImporterScale scale set: 1
Debug, T5284: ValidateDataStructureProcess begin
Debug, T5284: ValidateDataStructureProcess end
Info,  T5284: Load C:/projects/MM1/extern/assimp-master/assimp-master/test/models/OBJ/spider.obj
Debug, T5284: Assimp 6.0.0 amd64 gcc debug shared singlethreadedsingle : 
Info,  T5284: Found a matching importer for this file format: Wavefront Object Importer.
Info,  T5284: Import root directory is 'C:/projects/MM1/extern/assimp-master/assimp-master/test/models/OBJ\'
Debug, T5284: UpdateImporterScale scale set: 1
Debug, T5284: ValidateDataStructureProcess begin
Debug, T5284: ValidateDataStructureProcess end
Info,  T5284: Load C:/projects/MM1/extern/assimp-master/assimp-master/test/models/OBJ/spider_out.assbin
Debug, T5284: Assimp 6.0.0 amd64 gcc debug shared singlethreadedsingle : 
Debug, T5284: (Deleting previous scene)
Info,  T5284: Found a matching importer for this file format: Assimp Binary Importer.
Info,  T5284: Import root directory is 'C:/projects/MM1/extern/assimp-master/assimp-master/test/models/OBJ\'
Debug, T5284: UpdateImporterScale scale set: 1
Debug, T5284: ValidateDataStructureProcess begin
Debug, T5284: ValidateDataStructureProcess end
Info,  T5284: Load C:/projects/MM1/extern/assimp-master/assimp-master/test/models/MDC/spider.mdc
Debug, T5284: Assimp 6.0.0 amd64 gcc debug shared singlethreadedsingle : 
Info,  T5284: Found a matching importer for this file format: Return To Castle Wolfenstein Mesh Importer.
Info,  T5284: Import root directory is 'C:/projects/MM1/extern/assimp-master/assimp-master/test/models/MDC\'
Debug, T5284: UpdateImporterScale scale set: 1
Info,  T5284: Load C:/projects/MM1/extern/assimp-master/assimp-master/test/models/B3D/WusonBlitz.b3d
Debug, T5284: Assimp 6.0.0 amd64 gcc debug shared singlethreadedsingle : 
Info,  T5284: Found a matching importer for this file format: BlitzBasic 3D Importer.
Info,  T5284: Import root directory is 'C:/projects/MM1/extern/assimp-master/assimp-master/test/models/B3D\'
Info,  T5284: B3D file format version: 1
Debug, T5284: MakeLeftHandedProcess begin
Debug, T5284: MakeLeftHandedProcess finished
Debug, T5284: FlipWindingOrderProcess begin
Debug, T5284: FlipWindingOrderProcess finished
Debug, T5284: UpdateImporterScale scale set: 1
Debug, T5284: ValidateDataStructureProcess begin
Debug, T5284: ValidateDataStructureProcess end
Info,  T5284: Load C:/projects/MM1/extern/assimp-master/assimp-master/test/models/CSM/ThomasFechten.csm
Debug, T5284: Assimp 6.0.0 amd64 gcc debug shared singlethreadedsingle : 
Info,  T5284: Found a matching importer for this file format: CharacterStudio Motion Importer (MoCap).
Info,  T5284: Import root directory is 'C:/projects/MM1/extern/assimp-master/assimp-master/test/models/CSM\'
Debug, T5284: UpdateImporterScale scale set: 1
Debug, T5284: ValidateDataStructureProcess begin
Debug, T5284: ValidateDataStructureProcess end
Debug, T5284: ScenePreprocessor: Dummy rotation track has been generated
Debug, T5284: ScenePreprocessor: Dummy scaling track has been generated
Debug, T5284: ScenePreprocessor: Dummy rotation track has been generated
Debug, T5284: ScenePreprocessor: Dummy scaling track has been generated
Debug, T5284: ScenePreprocessor: Dummy rotation track has been generated
Debug, T5284: ScenePreprocessor: Dummy scaling track has been generated
Debug, T5284: ScenePreprocessor: Dummy rotation track has been generated
Debug, T5284: ScenePreprocessor: Dummy scaling track has been generated
Debug, T5284: ScenePreprocessor: Dummy rotation track has been generated
Debug, T5284: ScenePreprocessor: Dummy scaling track has been generated
Debug, T5284: ScenePreprocessor: Dummy rotation track has been generated
Debug, T5284: ScenePreprocessor: Dummy scaling track has been generated
Debug, T5284: ScenePreprocessor: Dummy rotation track has been generated
Debug, T5284: ScenePreprocessor: Dummy scaling track has been generated
Debug, T5284: ScenePreprocessor: Dummy rotation track has been generated
Debug, T5284: ScenePreprocessor: Dummy scaling track has been generated
Debug, T5284: ScenePreprocessor: Dummy rotation track has been generated
Debug, T5284: ScenePreprocessor: Dummy scaling track has been generated
Debug, T5284: ScenePreprocessor: Dummy rotation track has been generated
Debug, T5284: ScenePreprocessor: Dummy scaling track has been generated
Debug, T5284: ScenePreprocessor: Dummy rotation track has been generated
Debug, T5284: ScenePreprocessor: Dummy scaling track has been generated
Debug, T5284: ScenePreprocessor: Dummy rotation track has been generated
Debug, T5284: ScenePreprocessor: Dummy scaling track has been generated
Debug, T5284: ScenePreprocessor: Dummy rotation track has been generated
Debug, T5284: ScenePreprocessor: Dummy scaling track has been generated
Debug, T5284: ScenePreprocessor: Dummy rotation track has been generated
Debug, T5284: ScenePreprocessor: Dummy scaling track has been generated
Debug, T5284: ScenePreprocessor: Dummy rotation track has been generated
Debug, T5284: ScenePreprocessor: Dummy scaling track has been generated
Debug, T5284: ScenePreprocessor: Dummy rotation track has been generated
Debug, T5284: ScenePreprocessor: Dummy scaling track has been generated
Debug, T5284: ScenePreprocessor: Dummy rotation track has been generated
Debug, T5284: ScenePreprocessor: Dummy scaling track has been generated
Debug, T5284: ScenePreprocessor: Dummy rotation track has been generated
Debug, T5284: ScenePreprocessor: Dummy scaling track has been generated
Debug, T5284: ScenePreprocessor: Dummy rotation track has been generated
Debug, T5284: ScenePreprocessor: Dummy scaling track has been generated
Debug, T5284: ScenePreprocessor: Dummy rotation track has been generated
Debug, T5284: ScenePreprocessor: Dummy scaling track has been generated
Debug, T5284: ScenePreprocessor: Dummy rotation track has been generated
Debug, T5284: ScenePreprocessor: Dummy scaling track has been generated
Debug, T5284: ScenePreprocessor: Dummy rotation track has been generated
Debug, T5284: ScenePreprocessor: Dummy scaling track has been generated
Debug, T5284: ScenePreprocessor: Dummy rotation track has been generated
Debug, T5284: ScenePreprocessor: Dummy scaling track has been generated
Debug, T5284: ScenePreprocessor: Dummy rotation track has been generated
Debug, T5284: ScenePreprocessor: Dummy scaling track has been generated
Debug, T5284: ScenePreprocessor: Dummy rotation track has been generated
Debug, T5284: ScenePreprocessor: Dummy scaling track has been generated
Debug, T5284: ScenePreprocessor: Dummy rotation track has been generated
Debug, T5284: ScenePreprocessor: Dummy scaling track has been generated
Debug, T5284: ScenePreprocessor: Dummy rotation track has been generated
Debug, T5284: ScenePreprocessor: Dummy scaling track has been generated
Debug, T5284: ScenePreprocessor: Dummy rotation track has been generated
Debug, T5284: ScenePreprocessor: Dummy scaling track has been generated
Debug, T5284: ScenePreprocessor: Dummy rotation track has been generated
Debug, T5284: ScenePreprocessor: Dummy scaling track has been generated
Debug, T5284: ScenePreprocessor: Dummy rotation track has been generated
Debug, T5284: ScenePreprocessor: Dummy scaling track has been generated
Debug, T5284: ScenePreprocessor: Dummy rotation track has been generated
Debug, T5284: ScenePreprocessor: Dummy scaling track has been generated
Debug, T5284: ScenePreprocessor: Dummy rotation track has been generated
Debug, T5284: ScenePreprocessor: Dummy scaling track has been generated
Debug, T5284: ScenePreprocessor: Dummy rotation track has been generated
Debug, T5284: ScenePreprocessor: Dummy scaling track has been generated
Debug, T5284: ScenePreprocessor: Dummy rotation track has been generated
Debug, T5284: ScenePreprocessor: Dummy scaling track has been generated
Debug, T5284: ScenePreprocessor: Dummy rotation track has been generated
Debug, T5284: ScenePreprocessor: Dummy scaling track has been generated
Debug, T5284: ScenePreprocessor: Dummy rotation track has been generated
Debug, T5284: ScenePreprocessor: Dummy scaling track has been generated
Debug, T5284: ScenePreprocessor: Dummy rotation track has been generated
Debug, T5284: ScenePreprocessor: Dummy scaling track has been generated
Debug, T5284: ScenePreprocessor: Dummy rotation track has been generated
Debug, T5284: ScenePreprocessor: Dummy scaling track has been generated
Debug, T5284: ScenePreprocessor: Dummy rotation track has been generated
Debug, T5284: ScenePreprocessor: Dummy scaling track has been generated
Debug, T5284: ScenePreprocessor: Dummy rotation track has been generated
Debug, T5284: ScenePreprocessor: Dummy scaling track has been generated
Debug, T5284: ScenePreprocessor: Dummy rotation track has been generated
Debug, T5284: ScenePreprocessor: Dummy scaling track has been generated
Debug, T5284: ScenePreprocessor: Dummy rotation track has been generated
Debug, T5284: ScenePreprocessor: Dummy scaling track has been generated
Debug, T5284: ScenePreprocessor: Dummy rotation track has been generated
Debug, T5284: ScenePreprocessor: Dummy scaling track has been generated
Info,  T5284: Load C:/projects/MM1/extern/assimp-master/assimp-master/test/models/BVH/01_01.bvh
Debug, T5284: Assimp 6.0.0 amd64 gcc debug shared singlethreadedsingle : 
Info,  T5284: Found a matching importer for this file format: BVH Importer (MoCap).
Info,  T5284: Import root directory is 'C:/projects/MM1/extern/assimp-master/assimp-master/test/models/BVH\'
Debug, T5284: UpdateImporterScale scale set: 1
Debug, T5284: ValidateDataStructureProcess begin
Debug, T5284: ValidateDataStructureProcess end
Info,  T5284: Load C:/projects/MM1/extern/assimp-master/assimp-master/test/models/BVH/01_03.bvh
Debug, T5284: Assimp 6.0.0 amd64 gcc debug shared singlethreadedsingle : 
Info,  T5284: Found a matching importer for this file format: BVH Importer (MoCap).
Info,  T5284: Import root directory is 'C:/projects/MM1/extern/assimp-master/assimp-master/test/models/BVH\'
Debug, T5284: UpdateImporterScale scale set: 1
Debug, T5284: ValidateDataStructureProcess begin
Debug, T5284: ValidateDataStructureProcess end
Info,  T5284: Load C:/projects/MM1/extern/assimp-master/assimp-master/test/models/BVH/Boxing_Toes.bvh
Debug, T5284: Assimp 6.0.0 amd64 gcc debug shared singlethreadedsingle : 
Info,  T5284: Found a matching importer for this file format: BVH Importer (MoCap).
Info,  T5284: Import root directory is 'C:/projects/MM1/extern/assimp-master/assimp-master/test/models/BVH\'
Debug, T5284: UpdateImporterScale scale set: 1
Debug, T5284: ValidateDataStructureProcess begin
Debug, T5284: ValidateDataStructureProcess end
Info,  T5284: Load C:/projects/MM1/extern/assimp-master/assimp-master/test/models/BLEND/test_279.blend
Debug, T5284: Assimp 6.0.0 amd64 gcc debug shared singlethreadedsingle : 
Info,  T5284: Found a matching importer for this file format: Blender 3D Importer (http://www.blender3d.org).
Info,  T5284: Import root directory is 'C:/projects/MM1/extern/assimp-master/assimp-master/test/models/BLEND\'
Info,  T5284: BLEND: Blender version is 2.79 (64bit: true, little endian: true)
Debug, T5284: REND
Debug, T5284: TEST
Debug, T5284: GLOB
Debug, T5284: WM
Debug, T5284: DATA
Debug, T5284: SC
Debug, T5284: DATA
Debug, T5284: LS
Debug, T5284: DATA
Debug, T5284: OB
Debug, T5284: DATA
Debug, T5284: OB
Debug, T5284: DATA
Debug, T5284: OB
Debug, T5284: DATA
Debug, T5284: SN
Debug, T5284: DATA
Debug, T5284: SN
Debug, T5284: DATA
Debug, T5284: SN
Debug, T5284: DATA
Debug, T5284: SN
Debug, T5284: DATA
Debug, T5284: SN
Debug, T5284: DATA
Debug, T5284: SN
Debug, T5284: DATA
Debug, T5284: SN
Debug, T5284: DATA
Debug, T5284: SN
Debug, T5284: DATA
Debug, T5284: SN
Debug, T5284: DATA
Debug, T5284: WO
Debug, T5284: DATA
Debug, T5284: BR
Debug, T5284: DATA
Debug, T5284: BR
Debug, T5284: DATA
Debug, T5284: BR
Debug, T5284: DATA
Debug, T5284: BR
Debug, T5284: DATA
Debug, T5284: BR
Debug, T5284: DATA
Debug, T5284: BR
Debug, T5284: DATA
Debug, T5284: BR
Debug, T5284: DATA
Debug, T5284: BR
Debug, T5284: DATA
Debug, T5284: BR
Debug, T5284: DATA
Debug, T5284: BR
Debug, T5284: DATA
Debug, T5284: BR
Debug, T5284: DATA
Debug, T5284: BR
Debug, T5284: DATA
Debug, T5284: BR
Debug, T5284: DATA
Debug, T5284: BR
Debug, T5284: DATA
Debug, T5284: BR
Debug, T5284: DATA
Debug, T5284: BR
Debug, T5284: DATA
Debug, T5284: BR
Debug, T5284: DATA
Debug, T5284: BR
Debug, T5284: DATA
Debug, T5284: BR
Debug, T5284: DATA
Debug, T5284: BR
Debug, T5284: DATA
Debug, T5284: BR
Debug, T5284: DATA
Debug, T5284: BR
Debug, T5284: DATA
Debug, T5284: BR
Debug, T5284: DATA
Debug, T5284: BR
Debug, T5284: DATA
Debug, T5284: BR
Debug, T5284: DATA
Debug, T5284: BR
Debug, T5284: DATA
Debug, T5284: BR
Debug, T5284: DATA
Debug, T5284: BR
Debug, T5284: DATA
Debug, T5284: BR
Debug, T5284: DATA
Debug, T5284: BR
Debug, T5284: DATA
Debug, T5284: BR
Debug, T5284: DATA
Debug, T5284: CA
Debug, T5284: LA
Debug, T5284: DATA
Debug, T5284: ME
Debug, T5284: DATA
Debug, T5284: MA
Debug, T5284: DATA
Debug, T5284: TE
Debug, T5284: DATA
Debug, T5284: TE
Debug, T5284: DATA
Debug, T5284: TE
Debug, T5284: DATA
Debug, T5284: TE
Debug, T5284: DATA
Debug, T5284: TE
Debug, T5284: DATA
Debug, T5284: TE
Debug, T5284: DATA
Debug, T5284: TE
Debug, T5284: DATA
Debug, T5284: TE
Debug, T5284: DATA
Debug, T5284: TE
Debug, T5284: DATA
Debug, T5284: TE
Debug, T5284: DATA
Debug, T5284: IM
Debug, T5284: DATA
Debug, T5284: IM
Debug, T5284: DATA
Debug, T5284: IM
Debug, T5284: DATA
Debug, T5284: IM
Debug, T5284: DATA
Debug, T5284: DNA1
Debug, T5284: BlenderDNA: Got 621 structures with totally 7224 fields
Debug, T5284: ENDB
Warn,  T5284: <add reason>
Warn,  T5284: BlendDNA: Did not find a field named `*master_collection` in structure `Scene`
Warn,  T5284: <add reason>
Info,  T5284: (Stats) Fields read: 156534775, pointers resolved: 32786, cache hits: 4294966155, cached objects: 1280
Debug, T5284: UpdateImporterScale scale set: 1
Debug, T5284: ValidateDataStructureProcess begin
Warn,  T5284: Validation warning: aiLight::mAttenuationXXX - all are zero
Debug, T5284: ValidateDataStructureProcess end
Info,  T5284: Load C:/projects/MM1/extern/assimp-master/assimp-master/test/models/BLEND/BlenderMaterial_269.blend
Debug, T5284: Assimp 6.0.0 amd64 gcc debug shared singlethreadedsingle : 
Info,  T5284: Found a matching importer for this file format: Blender 3D Importer (http://www.blender3d.org).
Info,  T5284: Import root directory is 'C:/projects/MM1/extern/assimp-master/assimp-master/test/models/BLEND\'
Info,  T5284: BLEND: Blender version is 2.69 (64bit: true, little endian: true)
Debug, T5284: REND
Debug, T5284: TEST
Debug, T5284: GLOB
Debug, T5284: WM
Debug, T5284: DATA
Debug, T5284: SN
Debug, T5284: DATA
Debug, T5284: SN
Debug, T5284: DATA
Debug, T5284: SN
Debug, T5284: DATA
Debug, T5284: SN
Debug, T5284: DATA
Debug, T5284: SN
Debug, T5284: DATA
Debug, T5284: SN
Debug, T5284: DATA
Debug, T5284: SN
Debug, T5284: DATA
Debug, T5284: SN
Debug, T5284: DATA
Debug, T5284: SN
Debug, T5284: DATA
Debug, T5284: SC
Debug, T5284: DATA
Debug, T5284: CA
Debug, T5284: LA
Debug, T5284: DATA
Debug, T5284: WO
Debug, T5284: DATA
Debug, T5284: AC
Debug, T5284: DATA
Debug, T5284: OB
Debug, T5284: DATA
Debug, T5284: OB
Debug, T5284: DATA
Debug, T5284: OB
Debug, T5284: DATA
Debug, T5284: MA
Debug, T5284: DATA
Debug, T5284: TE
Debug, T5284: DATA
Debug, T5284: ME
Debug, T5284: DATA
Debug, T5284: BR
Debug, T5284: DATA
Debug, T5284: BR
Debug, T5284: DATA
Debug, T5284: BR
Debug, T5284: DATA
Debug, T5284: BR
Debug, T5284: DATA
Debug, T5284: BR
Debug, T5284: DATA
Debug, T5284: BR
Debug, T5284: DATA
Debug, T5284: BR
Debug, T5284: DATA
Debug, T5284: BR
Debug, T5284: DATA
Debug, T5284: BR
Debug, T5284: DATA
Debug, T5284: BR
Debug, T5284: DATA
Debug, T5284: BR
Debug, T5284: DATA
Debug, T5284: BR
Debug, T5284: DATA
Debug, T5284: BR
Debug, T5284: DATA
Debug, T5284: BR
Debug, T5284: DATA
Debug, T5284: BR
Debug, T5284: DATA
Debug, T5284: BR
Debug, T5284: DATA
Debug, T5284: BR
Debug, T5284: DATA
Debug, T5284: BR
Debug, T5284: DATA
Debug, T5284: BR
Debug, T5284: DATA
Debug, T5284: BR
Debug, T5284: DATA
Debug, T5284: BR
Debug, T5284: DATA
Debug, T5284: BR
Debug, T5284: DATA
Debug, T5284: BR
Debug, T5284: DATA
Debug, T5284: BR
Debug, T5284: DATA
Debug, T5284: BR
Debug, T5284: DATA
Debug, T5284: BR
Debug, T5284: DATA
Debug, T5284: BR
Debug, T5284: DATA
Debug, T5284: BR
Debug, T5284: DATA
Debug, T5284: BR
Debug, T5284: DATA
Debug, T5284: BR
Debug, T5284: DATA
Debug, T5284: BR
Debug, T5284: DATA
Debug, T5284: BR
Debug, T5284: DATA
Debug, T5284: LS
Debug, T5284: DATA
Debug, T5284: DNA1
Debug, T5284: BlenderDNA: Got 551 structures with totally 6353 fields
Debug, T5284: ENDB
Warn,  T5284: <add reason>
Warn,  T5284: BlendDNA: Did not find a field named `coeff_const` in structure `Lamp`
Warn,  T5284: BlendDNA: Did not find a field named `coeff_lin` in structure `Lamp`
Warn,  T5284: BlendDNA: Did not find a field named `coeff_quad` in structure `Lamp`
Warn,  T5284: BlendDNA: Did not find a field named `*master_collection` in structure `Scene`
Info,  T5284: (Stats) Fields read: 156531500, pointers resolved: 32781, cache hits: 4294966067, cached objects: 1277
Debug, T5284: UpdateImporterScale scale set: 1
Debug, T5284: ValidateDataStructureProcess begin
Warn,  T5284: Validation warning: aiLight::mAttenuationXXX - all are zero
Debug, T5284: ValidateDataStructureProcess end
Info,  T5284: Load C:/projects/MM1/extern/assimp-master/assimp-master/test/models/BLEND/plane_2_textures_2_texcoords_279.blend
Debug, T5284: Assimp 6.0.0 amd64 gcc debug shared singlethreadedsingle : 
Info,  T5284: Found a matching importer for this file format: Blender 3D Importer (http://www.blender3d.org).
Info,  T5284: Import root directory is 'C:/projects/MM1/extern/assimp-master/assimp-master/test/models/BLEND\'
Info,  T5284: BLEND: Blender version is 2.79 (64bit: true, little endian: true)
Debug, T5284: REND
Debug, T5284: TEST
Debug, T5284: GLOB
Debug, T5284: WM
Debug, T5284: DATA
Debug, T5284: SC
Debug, T5284: DATA
Debug, T5284: LS
Debug, T5284: DATA
Debug, T5284: OB
Debug, T5284: DATA
Debug, T5284: OB
Debug, T5284: DATA
Debug, T5284: OB
Debug, T5284: DATA
Debug, T5284: SN
Debug, T5284: DATA
Debug, T5284: SN
Debug, T5284: DATA
Debug, T5284: SN
Debug, T5284: DATA
Debug, T5284: SN
Debug, T5284: DATA
Debug, T5284: SN
Debug, T5284: DATA
Debug, T5284: SN
Debug, T5284: DATA
Debug, T5284: SN
Debug, T5284: DATA
Debug, T5284: SN
Debug, T5284: DATA
Debug, T5284: SN
Debug, T5284: DATA
Debug, T5284: WO
Debug, T5284: DATA
Debug, T5284: BR
Debug, T5284: DATA
Debug, T5284: BR
Debug, T5284: DATA
Debug, T5284: BR
Debug, T5284: DATA
Debug, T5284: BR
Debug, T5284: DATA
Debug, T5284: BR
Debug, T5284: DATA
Debug, T5284: BR
Debug, T5284: DATA
Debug, T5284: BR
Debug, T5284: DATA
Debug, T5284: BR
Debug, T5284: DATA
Debug, T5284: BR
Debug, T5284: DATA
Debug, T5284: BR
Debug, T5284: DATA
Debug, T5284: BR
Debug, T5284: DATA
Debug, T5284: BR
Debug, T5284: DATA
Debug, T5284: BR
Debug, T5284: DATA
Debug, T5284: BR
Debug, T5284: DATA
Debug, T5284: BR
Debug, T5284: DATA
Debug, T5284: BR
Debug, T5284: DATA
Debug, T5284: BR
Debug, T5284: DATA
Debug, T5284: BR
Debug, T5284: DATA
Debug, T5284: BR
Debug, T5284: DATA
Debug, T5284: BR
Debug, T5284: DATA
Debug, T5284: BR
Debug, T5284: DATA
Debug, T5284: BR
Debug, T5284: DATA
Debug, T5284: BR
Debug, T5284: DATA
Debug, T5284: BR
Debug, T5284: DATA
Debug, T5284: BR
Debug, T5284: DATA
Debug, T5284: BR
Debug, T5284: DATA
Debug, T5284: BR
Debug, T5284: DATA
Debug, T5284: BR
Debug, T5284: DATA
Debug, T5284: BR
Debug, T5284: DATA
Debug, T5284: BR
Debug, T5284: DATA
Debug, T5284: BR
Debug, T5284: DATA
Debug, T5284: CA
Debug, T5284: LA
Debug, T5284: DATA
Debug, T5284: ME
Debug, T5284: DATA
Debug, T5284: MA
Debug, T5284: DATA
Debug, T5284: TE
Debug, T5284: DATA
Debug, T5284: TE
Debug, T5284: DATA
Debug, T5284: IM
Debug, T5284: DATA
Debug, T5284: IM
Debug, T5284: DATA
Debug, T5284: IM
Debug, T5284: DATA
Debug, T5284: DNA1
Debug, T5284: BlenderDNA: Got 621 structures with totally 7225 fields
Debug, T5284: ENDB
Warn,  T5284: <add reason>
Warn,  T5284: BlendDNA: Did not find a field named `*master_collection` in structure `Scene`
Info,  T5284: (Stats) Fields read: 156531269, pointers resolved: 32787, cache hits: 4294966070, cached objects: 1281
Debug, T5284: UpdateImporterScale scale set: 1
Debug, T5284: ValidateDataStructureProcess begin
Warn,  T5284: Validation warning: aiLight::mAttenuationXXX - all are zero
Debug, T5284: ValidateDataStructureProcess end
Info,  T5284: Load C:/projects/MM1/extern/assimp-master/assimp-master/test/models/BLEND/box.blend
Debug, T5284: Assimp 6.0.0 amd64 gcc debug shared singlethreadedsingle : 
Info,  T5284: Found a matching importer for this file format: Blender 3D Importer (http://www.blender3d.org).
Info,  T5284: Import root directory is 'C:/projects/MM1/extern/assimp-master/assimp-master/test/models/BLEND\'
Info,  T5284: BLEND: Blender version is 2.93 (64bit: true, little endian: true)
Debug, T5284: REND
Debug, T5284: TEST
Debug, T5284: GLOB
Debug, T5284: WM
Debug, T5284: DATA
Debug, T5284: WS
Debug, T5284: DATA
Debug, T5284: WS
Debug, T5284: DATA
Debug, T5284: WS
Debug, T5284: DATA
Debug, T5284: WS
Debug, T5284: DATA
Debug, T5284: WS
Debug, T5284: DATA
Debug, T5284: WS
Debug, T5284: DATA
Debug, T5284: WS
Debug, T5284: DATA
Debug, T5284: WS
Debug, T5284: DATA
Debug, T5284: WS
Debug, T5284: DATA
Debug, T5284: WS
Debug, T5284: DATA
Debug, T5284: WS
Debug, T5284: DATA
Debug, T5284: SN
Debug, T5284: DATA
Debug, T5284: SN
Debug, T5284: DATA
Debug, T5284: SN
Debug, T5284: DATA
Debug, T5284: SN
Debug, T5284: DATA
Debug, T5284: SN
Debug, T5284: DATA
Debug, T5284: SN
Debug, T5284: DATA
Debug, T5284: SN
Debug, T5284: DATA
Debug, T5284: SN
Debug, T5284: DATA
Debug, T5284: SN
Debug, T5284: DATA
Debug, T5284: SN
Debug, T5284: DATA
Debug, T5284: SN
Debug, T5284: DATA
Debug, T5284: SC
Debug, T5284: DATA
Debug, T5284: BR
Debug, T5284: DATA
Debug, T5284: BR
Debug, T5284: DATA
Debug, T5284: BR
Debug, T5284: DATA
Debug, T5284: BR
Debug, T5284: DATA
Debug, T5284: BR
Debug, T5284: DATA
Debug, T5284: BR
Debug, T5284: DATA
Debug, T5284: BR
Debug, T5284: DATA
Debug, T5284: BR
Debug, T5284: DATA
Debug, T5284: BR
Debug, T5284: DATA
Debug, T5284: BR
Debug, T5284: DATA
Debug, T5284: BR
Debug, T5284: DATA
Debug, T5284: BR
Debug, T5284: DATA
Debug, T5284: BR
Debug, T5284: DATA
Debug, T5284: BR
Debug, T5284: DATA
Debug, T5284: BR
Debug, T5284: DATA
Debug, T5284: BR
Debug, T5284: DATA
Debug, T5284: BR
Debug, T5284: DATA
Debug, T5284: BR
Debug, T5284: DATA
Debug, T5284: BR
Debug, T5284: DATA
Debug, T5284: BR
Debug, T5284: DATA
Debug, T5284: BR
Debug, T5284: DATA
Debug, T5284: BR
Debug, T5284: DATA
Debug, T5284: BR
Debug, T5284: DATA
Debug, T5284: BR
Debug, T5284: DATA
Debug, T5284: BR
Debug, T5284: DATA
Debug, T5284: BR
Debug, T5284: DATA
Debug, T5284: BR
Debug, T5284: DATA
Debug, T5284: BR
Debug, T5284: DATA
Debug, T5284: BR
Debug, T5284: DATA
Debug, T5284: BR
Debug, T5284: DATA
Debug, T5284: BR
Debug, T5284: DATA
Debug, T5284: BR
Debug, T5284: DATA
Debug, T5284: BR
Debug, T5284: DATA
Debug, T5284: BR
Debug, T5284: DATA
Debug, T5284: BR
Debug, T5284: DATA
Debug, T5284: BR
Debug, T5284: DATA
Debug, T5284: BR
Debug, T5284: DATA
Debug, T5284: BR
Debug, T5284: DATA
Debug, T5284: BR
Debug, T5284: DATA
Debug, T5284: BR
Debug, T5284: DATA
Debug, T5284: BR
Debug, T5284: DATA
Debug, T5284: BR
Debug, T5284: DATA
Debug, T5284: BR
Debug, T5284: DATA
Debug, T5284: BR
Debug, T5284: DATA
Debug, T5284: BR
Debug, T5284: DATA
Debug, T5284: BR
Debug, T5284: DATA
Debug, T5284: BR
Debug, T5284: DATA
Debug, T5284: BR
Debug, T5284: DATA
Debug, T5284: BR
Debug, T5284: DATA
Debug, T5284: BR
Debug, T5284: DATA
Debug, T5284: BR
Debug, T5284: DATA
Debug, T5284: BR
Debug, T5284: DATA
Debug, T5284: BR
Debug, T5284: DATA
Debug, T5284: BR
Debug, T5284: DATA
Debug, T5284: BR
Debug, T5284: DATA
Debug, T5284: BR
Debug, T5284: DATA
Debug, T5284: BR
Debug, T5284: DATA
Debug, T5284: BR
Debug, T5284: DATA
Debug, T5284: BR
Debug, T5284: DATA
Debug, T5284: BR
Debug, T5284: DATA
Debug, T5284: BR
Debug, T5284: DATA
Debug, T5284: BR
Debug, T5284: DATA
Debug, T5284: BR
Debug, T5284: DATA
Debug, T5284: BR
Debug, T5284: DATA
Debug, T5284: BR
Debug, T5284: DATA
Debug, T5284: BR
Debug, T5284: DATA
Debug, T5284: BR
Debug, T5284: DATA
Debug, T5284: BR
Debug, T5284: DATA
Debug, T5284: BR
Debug, T5284: DATA
Debug, T5284: BR
Debug, T5284: DATA
Debug, T5284: BR
Debug, T5284: DATA
Debug, T5284: BR
Debug, T5284: DATA
Debug, T5284: BR
Debug, T5284: DATA
Debug, T5284: BR
Debug, T5284: DATA
Debug, T5284: PL
Debug, T5284: DATA
Debug, T5284: GR
Debug, T5284: DATA
Debug, T5284: OB
Debug, T5284: DATA
Debug, T5284: OB
Debug, T5284: DATA
Debug, T5284: OB
Debug, T5284: DATA
Debug, T5284: CA
Debug, T5284: LA
Debug, T5284: DATA
Debug, T5284: ME
Debug, T5284: DATA
Debug, T5284: WO
Debug, T5284: DATA
Debug, T5284: LS
Debug, T5284: DATA
Debug, T5284: MA
Debug, T5284: DATA
Debug, T5284: MA
Debug, T5284: DATA
Debug, T5284: IM
Debug, T5284: DATA
Debug, T5284: DNA1
Debug, T5284: BlenderDNA: Got 738 structures with totally 8260 fields
Debug, T5284: ENDB
Warn,  T5284: <add reason>
Warn,  T5284: BlendDNA: Did not find a field named `colormodel` in structure `Lamp`
Warn,  T5284: BlendDNA: Did not find a field named `totex` in structure `Lamp`
Warn,  T5284: BlendDNA: Did not find a field named `sun_brightness` in structure `Lamp`
Warn,  T5284: <add reason>
Warn,  T5284: BlendDNA: Did not find a field named `*mtpoly` in structure `Mesh`
Warn,  T5284: <add reason>
Warn,  T5284: BlendDNA: Did not find a field named `har` in structure `Material`
Warn,  T5284: BlendDNA: Did not find a field named `ambr` in structure `Material`
Warn,  T5284: BlendDNA: Did not find a field named `ambg` in structure `Material`
Warn,  T5284: BlendDNA: Did not find a field named `ambb` in structure `Material`
Warn,  T5284: BlendDNA: Did not find a field named `mirr` in structure `Material`
Warn,  T5284: BlendDNA: Did not find a field named `mirg` in structure `Material`
Warn,  T5284: BlendDNA: Did not find a field named `mirb` in structure `Material`
Warn,  T5284: BlendDNA: Did not find a field named `emit` in structure `Material`
Warn,  T5284: BlendDNA: Did not find a field named `ref` in structure `Material`
Warn,  T5284: BlendDNA: Did not find a field named `translucency` in structure `Material`
Warn,  T5284: BlendDNA: Did not find a field named `mode` in structure `Material`
Warn,  T5284: BlendDNA: Did not find a field named `darkness` in structure `Material`
Warn,  T5284: BlendDNA: Did not find a field named `refrac` in structure `Material`
Warn,  T5284: BlendDNA: Did not find a field named `*group` in structure `Material`
Warn,  T5284: BlendDNA: Did not find a field named `diff_shader` in structure `Material`
Warn,  T5284: BlendDNA: Did not find a field named `spec_shader` in structure `Material`
Warn,  T5284: BlendDNA: Did not find a field named `*mtex` in structure `Material`
Warn,  T5284: BlendDNA: Did not find a field named `amb` in structure `Material`
Warn,  T5284: BlendDNA: Did not find a field named `ang` in structure `Material`
Warn,  T5284: BlendDNA: Did not find a field named `spectra` in structure `Material`
Warn,  T5284: BlendDNA: Did not find a field named `zoffs` in structure `Material`
Warn,  T5284: BlendDNA: Did not find a field named `add` in structure `Material`
Warn,  T5284: BlendDNA: Did not find a field named `fresnel_mir` in structure `Material`
Warn,  T5284: BlendDNA: Did not find a field named `fresnel_mir_i` in structure `Material`
Warn,  T5284: BlendDNA: Did not find a field named `fresnel_tra` in structure `Material`
Warn,  T5284: BlendDNA: Did not find a field named `fresnel_tra_i` in structure `Material`
Warn,  T5284: BlendDNA: Did not find a field named `filter` in structure `Material`
Warn,  T5284: BlendDNA: Did not find a field named `tx_limit` in structure `Material`
Warn,  T5284: BlendDNA: Did not find a field named `tx_falloff` in structure `Material`
Warn,  T5284: BlendDNA: Did not find a field named `gloss_tra` in structure `Material`
Warn,  T5284: BlendDNA: Did not find a field named `adapt_thresh_mir` in structure `Material`
Warn,  T5284: BlendDNA: Did not find a field named `adapt_thresh_tra` in structure `Material`
Warn,  T5284: BlendDNA: Did not find a field named `aniso_gloss_mir` in structure `Material`
Warn,  T5284: BlendDNA: Did not find a field named `dist_mir` in structure `Material`
Warn,  T5284: BlendDNA: Did not find a field named `hasize` in structure `Material`
Warn,  T5284: BlendDNA: Did not find a field named `flaresize` in structure `Material`
Warn,  T5284: BlendDNA: Did not find a field named `subsize` in structure `Material`
Warn,  T5284: BlendDNA: Did not find a field named `flareboost` in structure `Material`
Warn,  T5284: BlendDNA: Did not find a field named `strand_sta` in structure `Material`
Warn,  T5284: BlendDNA: Did not find a field named `strand_end` in structure `Material`
Warn,  T5284: BlendDNA: Did not find a field named `strand_ease` in structure `Material`
Warn,  T5284: BlendDNA: Did not find a field named `strand_surfnor` in structure `Material`
Warn,  T5284: BlendDNA: Did not find a field named `strand_min` in structure `Material`
Warn,  T5284: BlendDNA: Did not find a field named `strand_widthfade` in structure `Material`
Warn,  T5284: BlendDNA: Did not find a field named `sbias` in structure `Material`
Warn,  T5284: BlendDNA: Did not find a field named `lbias` in structure `Material`
Warn,  T5284: BlendDNA: Did not find a field named `shad_alpha` in structure `Material`
Warn,  T5284: BlendDNA: Did not find a field named `param` in structure `Material`
Warn,  T5284: BlendDNA: Did not find a field named `rms` in structure `Material`
Warn,  T5284: BlendDNA: Did not find a field named `rampfac_col` in structure `Material`
Warn,  T5284: BlendDNA: Did not find a field named `rampfac_spec` in structure `Material`
Warn,  T5284: BlendDNA: Did not find a field named `friction` in structure `Material`
Warn,  T5284: BlendDNA: Did not find a field named `fh` in structure `Material`
Warn,  T5284: BlendDNA: Did not find a field named `reflect` in structure `Material`
Warn,  T5284: BlendDNA: Did not find a field named `fhdist` in structure `Material`
Warn,  T5284: BlendDNA: Did not find a field named `xyfrict` in structure `Material`
Warn,  T5284: BlendDNA: Did not find a field named `sss_radius` in structure `Material`
Warn,  T5284: BlendDNA: Did not find a field named `sss_col` in structure `Material`
Warn,  T5284: BlendDNA: Did not find a field named `sss_error` in structure `Material`
Warn,  T5284: BlendDNA: Did not find a field named `sss_scale` in structure `Material`
Warn,  T5284: BlendDNA: Did not find a field named `sss_ior` in structure `Material`
Warn,  T5284: BlendDNA: Did not find a field named `sss_colfac` in structure `Material`
Warn,  T5284: BlendDNA: Did not find a field named `sss_texfac` in structure `Material`
Warn,  T5284: BlendDNA: Did not find a field named `sss_front` in structure `Material`
Warn,  T5284: BlendDNA: Did not find a field named `sss_back` in structure `Material`
Warn,  T5284: BlendDNA: Did not find a field named `material_type` in structure `Material`
Warn,  T5284: BlendDNA: Did not find a field named `ray_depth` in structure `Material`
Warn,  T5284: BlendDNA: Did not find a field named `ray_depth_tra` in structure `Material`
Warn,  T5284: BlendDNA: Did not find a field named `samp_gloss_mir` in structure `Material`
Warn,  T5284: BlendDNA: Did not find a field named `samp_gloss_tra` in structure `Material`
Warn,  T5284: BlendDNA: Did not find a field named `fadeto_mir` in structure `Material`
Warn,  T5284: BlendDNA: Did not find a field named `shade_flag` in structure `Material`
Warn,  T5284: BlendDNA: Did not find a field named `flarec` in structure `Material`
Warn,  T5284: BlendDNA: Did not find a field named `starc` in structure `Material`
Warn,  T5284: BlendDNA: Did not find a field named `linec` in structure `Material`
Warn,  T5284: BlendDNA: Did not find a field named `ringc` in structure `Material`
Warn,  T5284: BlendDNA: Did not find a field named `pr_lamp` in structure `Material`
Warn,  T5284: BlendDNA: Did not find a field named `ml_flag` in structure `Material`
Warn,  T5284: BlendDNA: Did not find a field named `diff_shader` in structure `Material`
Warn,  T5284: BlendDNA: Did not find a field named `spec_shader` in structure `Material`
Warn,  T5284: BlendDNA: Did not find a field named `texco` in structure `Material`
Warn,  T5284: BlendDNA: Did not find a field named `mapto` in structure `Material`
Warn,  T5284: BlendDNA: Did not find a field named `ramp_show` in structure `Material`
Warn,  T5284: BlendDNA: Did not find a field named `pad3` in structure `Material`
Warn,  T5284: BlendDNA: Did not find a field named `dynamode` in structure `Material`
Warn,  T5284: BlendDNA: Did not find a field named `pad2` in structure `Material`
Warn,  T5284: BlendDNA: Did not find a field named `sss_flag` in structure `Material`
Warn,  T5284: BlendDNA: Did not find a field named `sss_preset` in structure `Material`
Warn,  T5284: BlendDNA: Did not find a field named `shadowonly_flag` in structure `Material`
Warn,  T5284: BlendDNA: Did not find a field named `pad4` in structure `Material`
Warn,  T5284: BlendDNA: Did not find a field named `seed1` in structure `Material`
Warn,  T5284: BlendDNA: Did not find a field named `seed2` in structure `Material`
Warn,  T5284: CustomData.type 42 out of index
Info,  T5284: (Stats) Fields read: 156531452, pointers resolved: 32783, cache hits: 4294966067, cached objects: 1278
Debug, T5284: UpdateImporterScale scale set: 1
Debug, T5284: ValidateDataStructureProcess begin
Warn,  T5284: Validation warning: aiLight::mAttenuationXXX - all are zero
Debug, T5284: ValidateDataStructureProcess end
Info,  T5284: Load C:/projects/MM1/extern/assimp-master/assimp-master/test/models/BLEND/subdivision_test_277.blend
Debug, T5284: Assimp 6.0.0 amd64 gcc debug shared singlethreadedsingle : 
Info,  T5284: Found a matching importer for this file format: Blender 3D Importer (http://www.blender3d.org).
Info,  T5284: Import root directory is 'C:/projects/MM1/extern/assimp-master/assimp-master/test/models/BLEND\'
Info,  T5284: BLEND: Blender version is 2.77 (64bit: true, little endian: true)
Debug, T5284: REND
Debug, T5284: TEST
Debug, T5284: GLOB
Debug, T5284: WM
Debug, T5284: DATA
Debug, T5284: SN
Debug, T5284: DATA
Debug, T5284: SN
Debug, T5284: DATA
Debug, T5284: SN
Debug, T5284: DATA
Debug, T5284: SN
Debug, T5284: DATA
Debug, T5284: SN
Debug, T5284: DATA
Debug, T5284: SN
Debug, T5284: DATA
Debug, T5284: SN
Debug, T5284: DATA
Debug, T5284: SN
Debug, T5284: DATA
Debug, T5284: SN
Debug, T5284: DATA
Debug, T5284: SC
Debug, T5284: DATA
Debug, T5284: CA
Debug, T5284: LA
Debug, T5284: DATA
Debug, T5284: WO
Debug, T5284: DATA
Debug, T5284: OB
Debug, T5284: DATA
Debug, T5284: OB
Debug, T5284: DATA
Debug, T5284: OB
Debug, T5284: DATA
Debug, T5284: OB
Debug, T5284: DATA
Debug, T5284: MA
Debug, T5284: DATA
Debug, T5284: TE
Debug, T5284: DATA
Debug, T5284: ME
Debug, T5284: DATA
Debug, T5284: ME
Debug, T5284: DATA
Debug, T5284: BR
Debug, T5284: DATA
Debug, T5284: BR
Debug, T5284: DATA
Debug, T5284: BR
Debug, T5284: DATA
Debug, T5284: BR
Debug, T5284: DATA
Debug, T5284: BR
Debug, T5284: DATA
Debug, T5284: BR
Debug, T5284: DATA
Debug, T5284: BR
Debug, T5284: DATA
Debug, T5284: BR
Debug, T5284: DATA
Debug, T5284: BR
Debug, T5284: DATA
Debug, T5284: BR
Debug, T5284: DATA
Debug, T5284: BR
Debug, T5284: DATA
Debug, T5284: BR
Debug, T5284: DATA
Debug, T5284: BR
Debug, T5284: DATA
Debug, T5284: BR
Debug, T5284: DATA
Debug, T5284: BR
Debug, T5284: DATA
Debug, T5284: BR
Debug, T5284: DATA
Debug, T5284: BR
Debug, T5284: DATA
Debug, T5284: BR
Debug, T5284: DATA
Debug, T5284: BR
Debug, T5284: DATA
Debug, T5284: BR
Debug, T5284: DATA
Debug, T5284: BR
Debug, T5284: DATA
Debug, T5284: BR
Debug, T5284: DATA
Debug, T5284: BR
Debug, T5284: DATA
Debug, T5284: BR
Debug, T5284: DATA
Debug, T5284: BR
Debug, T5284: DATA
Debug, T5284: BR
Debug, T5284: DATA
Debug, T5284: BR
Debug, T5284: DATA
Debug, T5284: BR
Debug, T5284: DATA
Debug, T5284: BR
Debug, T5284: DATA
Debug, T5284: BR
Debug, T5284: DATA
Debug, T5284: BR
Debug, T5284: DATA
Debug, T5284: LS
Debug, T5284: DATA
Debug, T5284: DNA1
Debug, T5284: BlenderDNA: Got 608 structures with totally 7011 fields
Debug, T5284: ENDB
Warn,  T5284: <add reason>
Warn,  T5284: BlendDNA: Did not find a field named `coeff_const` in structure `Lamp`
Warn,  T5284: BlendDNA: Did not find a field named `coeff_lin` in structure `Lamp`
Warn,  T5284: BlendDNA: Did not find a field named `coeff_quad` in structure `Lamp`
Warn,  T5284: BlendDNA: Did not find a field named `*master_collection` in structure `Scene`
Warn,  T5284: <add reason>
Info,  T5284: (Stats) Fields read: 156536472, pointers resolved: 32789, cache hits: 4294966069, cached objects: 1281
Info,  T5284: BlendModifier: Applied the `Subdivision` modifier to `OBCube`
Debug, T5284: BlendModifier: found handlers for 1 of 1 modifiers on `OBCube`, check log messages above for errors
Debug, T5284: UpdateImporterScale scale set: 1
Debug, T5284: ValidateDataStructureProcess begin
Warn,  T5284: Validation warning: aiLight::mAttenuationXXX - all are zero
Debug, T5284: ValidateDataStructureProcess end
Info,  T5284: Load C:/projects/MM1/extern/assimp-master/assimp-master/test/models/BLEND/4Cubes4Mats_248.blend
Debug, T5284: Assimp 6.0.0 amd64 gcc debug shared singlethreadedsingle : 
Info,  T5284: Found a matching importer for this file format: Blender 3D Importer (http://www.blender3d.org).
Info,  T5284: Import root directory is 'C:/projects/MM1/extern/assimp-master/assimp-master/test/models/BLEND\'
Info,  T5284: BLEND: Blender version is 2.48 (64bit: false, little endian: true)
Debug, T5284: REND
Debug, T5284: GLOB
Debug, T5284: SR
Debug, T5284: DATA
Debug, T5284: SR
Debug, T5284: DATA
Debug, T5284: SR
Debug, T5284: DATA
Debug, T5284: SR
Debug, T5284: DATA
Debug, T5284: SR
Debug, T5284: DATA
Debug, T5284: SC
Debug, T5284: DATA
Debug, T5284: CA
Debug, T5284: LA
Debug, T5284: DATA
Debug, T5284: WO
Debug, T5284: TX
Debug, T5284: DATA
Debug, T5284: OB
Debug, T5284: DATA
Debug, T5284: OB
Debug, T5284: DATA
Debug, T5284: OB
Debug, T5284: DATA
Debug, T5284: OB
Debug, T5284: DATA
Debug, T5284: OB
Debug, T5284: MA
Debug, T5284: DATA
Debug, T5284: MA
Debug, T5284: DATA
Debug, T5284: MA
Debug, T5284: DATA
Debug, T5284: MA
Debug, T5284: DATA
Debug, T5284: TE
Debug, T5284: ME
Debug, T5284: DATA
Debug, T5284: ME
Debug, T5284: DATA
Debug, T5284: ME
Debug, T5284: DATA
Debug, T5284: ME
Debug, T5284: DATA
Debug, T5284: DNA1
Debug, T5284: BlenderDNA: Got 310 structures with totally 3868 fields
Debug, T5284: ENDB
Warn,  T5284: <add reason>
Warn,  T5284: BlendDNA: Did not find a field named `sensor_x` in structure `Camera`
Warn,  T5284: <add reason>
Warn,  T5284: BlendDNA: Did not find a field named `totloop` in structure `Mesh`
Warn,  T5284: BlendDNA: Did not find a field named `totpoly` in structure `Mesh`
Warn,  T5284: BlendDNA: Did not find a field named `*mloop` in structure `Mesh`
Warn,  T5284: BlendDNA: Did not find a field named `*mloopuv` in structure `Mesh`
Warn,  T5284: BlendDNA: Did not find a field named `*mloopcol` in structure `Mesh`
Warn,  T5284: BlendDNA: Did not find a field named `*mpoly` in structure `Mesh`
Warn,  T5284: BlendDNA: Did not find a field named `*mtpoly` in structure `Mesh`
Warn,  T5284: <add reason>
Warn,  T5284: BlendDNA: Did not find a field named `rot` in structure `MTex`
Warn,  T5284: BlendDNA: Did not find a field named `colspecfac` in structure `MTex`
Warn,  T5284: BlendDNA: Did not find a field named `mirrfac` in structure `MTex`
Warn,  T5284: BlendDNA: Did not find a field named `alphafac` in structure `MTex`
Warn,  T5284: BlendDNA: Did not find a field named `difffac` in structure `MTex`
Warn,  T5284: BlendDNA: Did not find a field named `specfac` in structure `MTex`
Warn,  T5284: BlendDNA: Did not find a field named `emitfac` in structure `MTex`
Warn,  T5284: BlendDNA: Did not find a field named `hardfac` in structure `MTex`
Warn,  T5284: BlendDNA: Did not find a field named `material_type` in structure `Material`
Warn,  T5284: BlendDNA: Did not find a field named `pr_texture` in structure `Material`
Warn,  T5284: BlendDNA: Did not find a field named `shadowonly_flag` in structure `Material`
Warn,  T5284: BlendDNA: Did not find a field named `index` in structure `Material`
Warn,  T5284: BlendDNA: Did not find a field named `vcol_alpha` in structure `Material`
Warn,  T5284: BlendDNA: Did not find a field named `typemap` in structure `CustomData`
Warn,  T5284: BlendDNA: Did not find a field named `active_clone` in structure `CustomDataLayer`
Warn,  T5284: BlendDNA: Did not find a field named `active_mask` in structure `CustomDataLayer`
Warn,  T5284: BlendDNA: Did not find a field named `uid` in structure `CustomDataLayer`
Warn,  T5284: <add reason>
Warn,  T5284: BlendDNA: Did not find a field named `active_clone` in structure `CustomDataLayer`
Warn,  T5284: BlendDNA: Did not find a field named `active_mask` in structure `CustomDataLayer`
Warn,  T5284: BlendDNA: Did not find a field named `uid` in structure `CustomDataLayer`
Warn,  T5284: <add reason>
Warn,  T5284: BlendDNA: Did not find a field named `active_clone` in structure `CustomDataLayer`
Warn,  T5284: BlendDNA: Did not find a field named `active_mask` in structure `CustomDataLayer`
Warn,  T5284: BlendDNA: Did not find a field named `uid` in structure `CustomDataLayer`
Warn,  T5284: <add reason>
Warn,  T5284: BlendDNA: Did not find a field named `active_clone` in structure `CustomDataLayer`
Warn,  T5284: BlendDNA: Did not find a field named `active_mask` in structure `CustomDataLayer`
Warn,  T5284: BlendDNA: Did not find a field named `uid` in structure `CustomDataLayer`
Warn,  T5284: <add reason>
Warn,  T5284: BlendDNA: Did not find a field named `active_clone` in structure `CustomDataLayer`
Warn,  T5284: BlendDNA: Did not find a field named `active_mask` in structure `CustomDataLayer`
Warn,  T5284: BlendDNA: Did not find a field named `uid` in structure `CustomDataLayer`
Warn,  T5284: <add reason>
Warn,  T5284: BlendDNA: Did not find a field named `typemap` in structure `CustomData`
Warn,  T5284: BlendDNA: Did not find a field named `active_clone` in structure `CustomDataLayer`
Warn,  T5284: BlendDNA: Did not find a field named `active_mask` in structure `CustomDataLayer`
Warn,  T5284: BlendDNA: Did not find a field named `uid` in structure `CustomDataLayer`
Warn,  T5284: <add reason>
Warn,  T5284: BlendDNA: Did not find a field named `active_clone` in structure `CustomDataLayer`
Warn,  T5284: BlendDNA: Did not find a field named `active_mask` in structure `CustomDataLayer`
Warn,  T5284: BlendDNA: Did not find a field named `uid` in structure `CustomDataLayer`
Warn,  T5284: <add reason>
Warn,  T5284: BlendDNA: Did not find a field named `active_clone` in structure `CustomDataLayer`
Warn,  T5284: BlendDNA: Did not find a field named `active_mask` in structure `CustomDataLayer`
Warn,  T5284: BlendDNA: Did not find a field named `uid` in structure `CustomDataLayer`
Warn,  T5284: <add reason>
Warn,  T5284: BlendDNA: Did not find a field named `active_clone` in structure `CustomDataLayer`
Warn,  T5284: BlendDNA: Did not find a field named `active_mask` in structure `CustomDataLayer`
Warn,  T5284: BlendDNA: Did not find a field named `uid` in structure `CustomDataLayer`
Warn,  T5284: <add reason>
Warn,  T5284: BlendDNA: Did not find a field named `active_clone` in structure `CustomDataLayer`
Warn,  T5284: BlendDNA: Did not find a field named `active_mask` in structure `CustomDataLayer`
Warn,  T5284: BlendDNA: Did not find a field named `uid` in structure `CustomDataLayer`
Warn,  T5284: <add reason>
Warn,  T5284: BlendDNA: Did not find a field named `typemap` in structure `CustomData`
Warn,  T5284: BlendDNA: Did not find a field named `active_clone` in structure `CustomDataLayer`
Warn,  T5284: BlendDNA: Did not find a field named `active_mask` in structure `CustomDataLayer`
Warn,  T5284: BlendDNA: Did not find a field named `uid` in structure `CustomDataLayer`
Warn,  T5284: <add reason>
Warn,  T5284: BlendDNA: Did not find a field named `active_clone` in structure `CustomDataLayer`
Warn,  T5284: BlendDNA: Did not find a field named `active_mask` in structure `CustomDataLayer`
Warn,  T5284: BlendDNA: Did not find a field named `uid` in structure `CustomDataLayer`
Warn,  T5284: <add reason>
Warn,  T5284: BlendDNA: Did not find a field named `active_clone` in structure `CustomDataLayer`
Warn,  T5284: BlendDNA: Did not find a field named `active_mask` in structure `CustomDataLayer`
Warn,  T5284: BlendDNA: Did not find a field named `uid` in structure `CustomDataLayer`
Warn,  T5284: <add reason>
Warn,  T5284: BlendDNA: Did not find a field named `active_clone` in structure `CustomDataLayer`
Warn,  T5284: BlendDNA: Did not find a field named `active_mask` in structure `CustomDataLayer`
Warn,  T5284: BlendDNA: Did not find a field named `uid` in structure `CustomDataLayer`
Warn,  T5284: <add reason>
Warn,  T5284: BlendDNA: Did not find a field named `active_clone` in structure `CustomDataLayer`
Warn,  T5284: BlendDNA: Did not find a field named `active_mask` in structure `CustomDataLayer`
Warn,  T5284: BlendDNA: Did not find a field named `uid` in structure `CustomDataLayer`
Warn,  T5284: <add reason>
Warn,  T5284: BlendDNA: Did not find a field named `pdata` in structure `Mesh`
Warn,  T5284: BlendDNA: Did not find a field named `ldata` in structure `Mesh`
Warn,  T5284: <add reason>
Warn,  T5284: BlendDNA: Did not find a field named `totloop` in structure `Mesh`
Warn,  T5284: BlendDNA: Did not find a field named `totpoly` in structure `Mesh`
Warn,  T5284: BlendDNA: Did not find a field named `*mloop` in structure `Mesh`
Warn,  T5284: BlendDNA: Did not find a field named `*mloopuv` in structure `Mesh`
Warn,  T5284: BlendDNA: Did not find a field named `*mloopcol` in structure `Mesh`
Warn,  T5284: BlendDNA: Did not find a field named `*mpoly` in structure `Mesh`
Warn,  T5284: BlendDNA: Did not find a field named `*mtpoly` in structure `Mesh`
Warn,  T5284: <add reason>
Warn,  T5284: BlendDNA: Did not find a field named `rot` in structure `MTex`
Warn,  T5284: BlendDNA: Did not find a field named `colspecfac` in structure `MTex`
Warn,  T5284: BlendDNA: Did not find a field named `mirrfac` in structure `MTex`
Warn,  T5284: BlendDNA: Did not find a field named `alphafac` in structure `MTex`
Warn,  T5284: BlendDNA: Did not find a field named `difffac` in structure `MTex`
Warn,  T5284: BlendDNA: Did not find a field named `specfac` in structure `MTex`
Warn,  T5284: BlendDNA: Did not find a field named `emitfac` in structure `MTex`
Warn,  T5284: BlendDNA: Did not find a field named `hardfac` in structure `MTex`
Warn,  T5284: BlendDNA: Did not find a field named `material_type` in structure `Material`
Warn,  T5284: BlendDNA: Did not find a field named `pr_texture` in structure `Material`
Warn,  T5284: BlendDNA: Did not find a field named `shadowonly_flag` in structure `Material`
Warn,  T5284: BlendDNA: Did not find a field named `index` in structure `Material`
Warn,  T5284: BlendDNA: Did not find a field named `vcol_alpha` in structure `Material`
Warn,  T5284: BlendDNA: Did not find a field named `typemap` in structure `CustomData`
Warn,  T5284: BlendDNA: Did not find a field named `active_clone` in structure `CustomDataLayer`
Warn,  T5284: BlendDNA: Did not find a field named `active_mask` in structure `CustomDataLayer`
Warn,  T5284: BlendDNA: Did not find a field named `uid` in structure `CustomDataLayer`
Warn,  T5284: <add reason>
Warn,  T5284: BlendDNA: Did not find a field named `active_clone` in structure `CustomDataLayer`
Warn,  T5284: BlendDNA: Did not find a field named `active_mask` in structure `CustomDataLayer`
Warn,  T5284: BlendDNA: Did not find a field named `uid` in structure `CustomDataLayer`
Warn,  T5284: <add reason>
Warn,  T5284: BlendDNA: Did not find a field named `active_clone` in structure `CustomDataLayer`
Warn,  T5284: BlendDNA: Did not find a field named `active_mask` in structure `CustomDataLayer`
Warn,  T5284: BlendDNA: Did not find a field named `uid` in structure `CustomDataLayer`
Warn,  T5284: <add reason>
Warn,  T5284: BlendDNA: Did not find a field named `active_clone` in structure `CustomDataLayer`
Warn,  T5284: BlendDNA: Did not find a field named `active_mask` in structure `CustomDataLayer`
Warn,  T5284: BlendDNA: Did not find a field named `uid` in structure `CustomDataLayer`
Warn,  T5284: <add reason>
Warn,  T5284: BlendDNA: Did not find a field named `active_clone` in structure `CustomDataLayer`
Warn,  T5284: BlendDNA: Did not find a field named `active_mask` in structure `CustomDataLayer`
Warn,  T5284: BlendDNA: Did not find a field named `uid` in structure `CustomDataLayer`
Warn,  T5284: <add reason>
Warn,  T5284: BlendDNA: Did not find a field named `typemap` in structure `CustomData`
Warn,  T5284: BlendDNA: Did not find a field named `active_clone` in structure `CustomDataLayer`
Warn,  T5284: BlendDNA: Did not find a field named `active_mask` in structure `CustomDataLayer`
Warn,  T5284: BlendDNA: Did not find a field named `uid` in structure `CustomDataLayer`
Warn,  T5284: <add reason>
Warn,  T5284: BlendDNA: Did not find a field named `active_clone` in structure `CustomDataLayer`
Warn,  T5284: BlendDNA: Did not find a field named `active_mask` in structure `CustomDataLayer`
Warn,  T5284: BlendDNA: Did not find a field named `uid` in structure `CustomDataLayer`
Warn,  T5284: <add reason>
Warn,  T5284: BlendDNA: Did not find a field named `active_clone` in structure `CustomDataLayer`
Warn,  T5284: BlendDNA: Did not find a field named `active_mask` in structure `CustomDataLayer`
Warn,  T5284: BlendDNA: Did not find a field named `uid` in structure `CustomDataLayer`
Warn,  T5284: <add reason>
Warn,  T5284: BlendDNA: Did not find a field named `active_clone` in structure `CustomDataLayer`
Warn,  T5284: BlendDNA: Did not find a field named `active_mask` in structure `CustomDataLayer`
Warn,  T5284: BlendDNA: Did not find a field named `uid` in structure `CustomDataLayer`
Warn,  T5284: <add reason>
Warn,  T5284: BlendDNA: Did not find a field named `active_clone` in structure `CustomDataLayer`
Warn,  T5284: BlendDNA: Did not find a field named `active_mask` in structure `CustomDataLayer`
Warn,  T5284: BlendDNA: Did not find a field named `uid` in structure `CustomDataLayer`
Warn,  T5284: <add reason>
Warn,  T5284: BlendDNA: Did not find a field named `typemap` in structure `CustomData`
Warn,  T5284: BlendDNA: Did not find a field named `active_clone` in structure `CustomDataLayer`
Warn,  T5284: BlendDNA: Did not find a field named `active_mask` in structure `CustomDataLayer`
Warn,  T5284: BlendDNA: Did not find a field named `uid` in structure `CustomDataLayer`
Warn,  T5284: <add reason>
Warn,  T5284: BlendDNA: Did not find a field named `active_clone` in structure `CustomDataLayer`
Warn,  T5284: BlendDNA: Did not find a field named `active_mask` in structure `CustomDataLayer`
Warn,  T5284: BlendDNA: Did not find a field named `uid` in structure `CustomDataLayer`
Warn,  T5284: <add reason>
Warn,  T5284: BlendDNA: Did not find a field named `active_clone` in structure `CustomDataLayer`
Warn,  T5284: BlendDNA: Did not find a field named `active_mask` in structure `CustomDataLayer`
Warn,  T5284: BlendDNA: Did not find a field named `uid` in structure `CustomDataLayer`
Warn,  T5284: <add reason>
Warn,  T5284: BlendDNA: Did not find a field named `active_clone` in structure `CustomDataLayer`
Warn,  T5284: BlendDNA: Did not find a field named `active_mask` in structure `CustomDataLayer`
Warn,  T5284: BlendDNA: Did not find a field named `uid` in structure `CustomDataLayer`
Warn,  T5284: <add reason>
Warn,  T5284: BlendDNA: Did not find a field named `active_clone` in structure `CustomDataLayer`
Warn,  T5284: BlendDNA: Did not find a field named `active_mask` in structure `CustomDataLayer`
Warn,  T5284: BlendDNA: Did not find a field named `uid` in structure `CustomDataLayer`
Warn,  T5284: <add reason>
Warn,  T5284: BlendDNA: Did not find a field named `pdata` in structure `Mesh`
Warn,  T5284: BlendDNA: Did not find a field named `ldata` in structure `Mesh`
Warn,  T5284: <add reason>
Warn,  T5284: BlendDNA: Did not find a field named `totloop` in structure `Mesh`
Warn,  T5284: BlendDNA: Did not find a field named `totpoly` in structure `Mesh`
Warn,  T5284: BlendDNA: Did not find a field named `*mloop` in structure `Mesh`
Warn,  T5284: BlendDNA: Did not find a field named `*mloopuv` in structure `Mesh`
Warn,  T5284: BlendDNA: Did not find a field named `*mloopcol` in structure `Mesh`
Warn,  T5284: BlendDNA: Did not find a field named `*mpoly` in structure `Mesh`
Warn,  T5284: BlendDNA: Did not find a field named `*mtpoly` in structure `Mesh`
Warn,  T5284: <add reason>
Warn,  T5284: BlendDNA: Did not find a field named `rot` in structure `MTex`
Warn,  T5284: BlendDNA: Did not find a field named `colspecfac` in structure `MTex`
Warn,  T5284: BlendDNA: Did not find a field named `mirrfac` in structure `MTex`
Warn,  T5284: BlendDNA: Did not find a field named `alphafac` in structure `MTex`
Warn,  T5284: BlendDNA: Did not find a field named `difffac` in structure `MTex`
Warn,  T5284: BlendDNA: Did not find a field named `specfac` in structure `MTex`
Warn,  T5284: BlendDNA: Did not find a field named `emitfac` in structure `MTex`
Warn,  T5284: BlendDNA: Did not find a field named `hardfac` in structure `MTex`
Warn,  T5284: BlendDNA: Did not find a field named `material_type` in structure `Material`
Warn,  T5284: BlendDNA: Did not find a field named `pr_texture` in structure `Material`
Warn,  T5284: BlendDNA: Did not find a field named `shadowonly_flag` in structure `Material`
Warn,  T5284: BlendDNA: Did not find a field named `index` in structure `Material`
Warn,  T5284: BlendDNA: Did not find a field named `vcol_alpha` in structure `Material`
Warn,  T5284: BlendDNA: Did not find a field named `typemap` in structure `CustomData`
Warn,  T5284: BlendDNA: Did not find a field named `active_clone` in structure `CustomDataLayer`
Warn,  T5284: BlendDNA: Did not find a field named `active_mask` in structure `CustomDataLayer`
Warn,  T5284: BlendDNA: Did not find a field named `uid` in structure `CustomDataLayer`
Warn,  T5284: <add reason>
Warn,  T5284: BlendDNA: Did not find a field named `active_clone` in structure `CustomDataLayer`
Warn,  T5284: BlendDNA: Did not find a field named `active_mask` in structure `CustomDataLayer`
Warn,  T5284: BlendDNA: Did not find a field named `uid` in structure `CustomDataLayer`
Warn,  T5284: <add reason>
Warn,  T5284: BlendDNA: Did not find a field named `active_clone` in structure `CustomDataLayer`
Warn,  T5284: BlendDNA: Did not find a field named `active_mask` in structure `CustomDataLayer`
Warn,  T5284: BlendDNA: Did not find a field named `uid` in structure `CustomDataLayer`
Warn,  T5284: <add reason>
Warn,  T5284: BlendDNA: Did not find a field named `active_clone` in structure `CustomDataLayer`
Warn,  T5284: BlendDNA: Did not find a field named `active_mask` in structure `CustomDataLayer`
Warn,  T5284: BlendDNA: Did not find a field named `uid` in structure `CustomDataLayer`
Warn,  T5284: <add reason>
Warn,  T5284: BlendDNA: Did not find a field named `active_clone` in structure `CustomDataLayer`
Warn,  T5284: BlendDNA: Did not find a field named `active_mask` in structure `CustomDataLayer`
Warn,  T5284: BlendDNA: Did not find a field named `uid` in structure `CustomDataLayer`
Warn,  T5284: <add reason>
Warn,  T5284: BlendDNA: Did not find a field named `typemap` in structure `CustomData`
Warn,  T5284: BlendDNA: Did not find a field named `active_clone` in structure `CustomDataLayer`
Warn,  T5284: BlendDNA: Did not find a field named `active_mask` in structure `CustomDataLayer`
Warn,  T5284: BlendDNA: Did not find a field named `uid` in structure `CustomDataLayer`
Warn,  T5284: <add reason>
Warn,  T5284: BlendDNA: Did not find a field named `active_clone` in structure `CustomDataLayer`
Warn,  T5284: BlendDNA: Did not find a field named `active_mask` in structure `CustomDataLayer`
Warn,  T5284: BlendDNA: Did not find a field named `uid` in structure `CustomDataLayer`
Warn,  T5284: <add reason>
Warn,  T5284: BlendDNA: Did not find a field named `active_clone` in structure `CustomDataLayer`
Warn,  T5284: BlendDNA: Did not find a field named `active_mask` in structure `CustomDataLayer`
Warn,  T5284: BlendDNA: Did not find a field named `uid` in structure `CustomDataLayer`
Warn,  T5284: <add reason>
Warn,  T5284: BlendDNA: Did not find a field named `active_clone` in structure `CustomDataLayer`
Warn,  T5284: BlendDNA: Did not find a field named `active_mask` in structure `CustomDataLayer`
Warn,  T5284: BlendDNA: Did not find a field named `uid` in structure `CustomDataLayer`
Warn,  T5284: <add reason>
Warn,  T5284: BlendDNA: Did not find a field named `active_clone` in structure `CustomDataLayer`
Warn,  T5284: BlendDNA: Did not find a field named `active_mask` in structure `CustomDataLayer`
Warn,  T5284: BlendDNA: Did not find a field named `uid` in structure `CustomDataLayer`
Warn,  T5284: <add reason>
Warn,  T5284: BlendDNA: Did not find a field named `typemap` in structure `CustomData`
Warn,  T5284: BlendDNA: Did not find a field named `active_clone` in structure `CustomDataLayer`
Warn,  T5284: BlendDNA: Did not find a field named `active_mask` in structure `CustomDataLayer`
Warn,  T5284: BlendDNA: Did not find a field named `uid` in structure `CustomDataLayer`
Warn,  T5284: <add reason>
Warn,  T5284: BlendDNA: Did not find a field named `active_clone` in structure `CustomDataLayer`
Warn,  T5284: BlendDNA: Did not find a field named `active_mask` in structure `CustomDataLayer`
Warn,  T5284: BlendDNA: Did not find a field named `uid` in structure `CustomDataLayer`
Warn,  T5284: <add reason>
Warn,  T5284: BlendDNA: Did not find a field named `active_clone` in structure `CustomDataLayer`
Warn,  T5284: BlendDNA: Did not find a field named `active_mask` in structure `CustomDataLayer`
Warn,  T5284: BlendDNA: Did not find a field named `uid` in structure `CustomDataLayer`
Warn,  T5284: <add reason>
Warn,  T5284: BlendDNA: Did not find a field named `active_clone` in structure `CustomDataLayer`
Warn,  T5284: BlendDNA: Did not find a field named `active_mask` in structure `CustomDataLayer`
Warn,  T5284: BlendDNA: Did not find a field named `uid` in structure `CustomDataLayer`
Warn,  T5284: <add reason>
Warn,  T5284: BlendDNA: Did not find a field named `active_clone` in structure `CustomDataLayer`
Warn,  T5284: BlendDNA: Did not find a field named `active_mask` in structure `CustomDataLayer`
Warn,  T5284: BlendDNA: Did not find a field named `uid` in structure `CustomDataLayer`
Warn,  T5284: <add reason>
Warn,  T5284: BlendDNA: Did not find a field named `pdata` in structure `Mesh`
Warn,  T5284: BlendDNA: Did not find a field named `ldata` in structure `Mesh`
Warn,  T5284: <add reason>
Warn,  T5284: BlendDNA: Did not find a field named `flag` in structure `Lamp`
Warn,  T5284: BlendDNA: Did not find a field named `coeff_const` in structure `Lamp`
Warn,  T5284: BlendDNA: Did not find a field named `coeff_lin` in structure `Lamp`
Warn,  T5284: BlendDNA: Did not find a field named `coeff_quad` in structure `Lamp`
Warn,  T5284: BlendDNA: Did not find a field named `*master_collection` in structure `Scene`
Warn,  T5284: <add reason>
Warn,  T5284: BlendDNA: Did not find a field named `totloop` in structure `Mesh`
Warn,  T5284: BlendDNA: Did not find a field named `totpoly` in structure `Mesh`
Warn,  T5284: BlendDNA: Did not find a field named `*mloop` in structure `Mesh`
Warn,  T5284: BlendDNA: Did not find a field named `*mloopuv` in structure `Mesh`
Warn,  T5284: BlendDNA: Did not find a field named `*mloopcol` in structure `Mesh`
Warn,  T5284: BlendDNA: Did not find a field named `*mpoly` in structure `Mesh`
Warn,  T5284: BlendDNA: Did not find a field named `*mtpoly` in structure `Mesh`
Warn,  T5284: <add reason>
Warn,  T5284: BlendDNA: Did not find a field named `rot` in structure `MTex`
Warn,  T5284: BlendDNA: Did not find a field named `colspecfac` in structure `MTex`
Warn,  T5284: BlendDNA: Did not find a field named `mirrfac` in structure `MTex`
Warn,  T5284: BlendDNA: Did not find a field named `alphafac` in structure `MTex`
Warn,  T5284: BlendDNA: Did not find a field named `difffac` in structure `MTex`
Warn,  T5284: BlendDNA: Did not find a field named `specfac` in structure `MTex`
Warn,  T5284: BlendDNA: Did not find a field named `emitfac` in structure `MTex`
Warn,  T5284: BlendDNA: Did not find a field named `hardfac` in structure `MTex`
Warn,  T5284: BlendDNA: Did not find a field named `material_type` in structure `Material`
Warn,  T5284: BlendDNA: Did not find a field named `pr_texture` in structure `Material`
Warn,  T5284: BlendDNA: Did not find a field named `shadowonly_flag` in structure `Material`
Warn,  T5284: BlendDNA: Did not find a field named `index` in structure `Material`
Warn,  T5284: BlendDNA: Did not find a field named `vcol_alpha` in structure `Material`
Warn,  T5284: BlendDNA: Did not find a field named `typemap` in structure `CustomData`
Warn,  T5284: BlendDNA: Did not find a field named `active_clone` in structure `CustomDataLayer`
Warn,  T5284: BlendDNA: Did not find a field named `active_mask` in structure `CustomDataLayer`
Warn,  T5284: BlendDNA: Did not find a field named `uid` in structure `CustomDataLayer`
Warn,  T5284: <add reason>
Warn,  T5284: BlendDNA: Did not find a field named `active_clone` in structure `CustomDataLayer`
Warn,  T5284: BlendDNA: Did not find a field named `active_mask` in structure `CustomDataLayer`
Warn,  T5284: BlendDNA: Did not find a field named `uid` in structure `CustomDataLayer`
Warn,  T5284: <add reason>
Warn,  T5284: BlendDNA: Did not find a field named `active_clone` in structure `CustomDataLayer`
Warn,  T5284: BlendDNA: Did not find a field named `active_mask` in structure `CustomDataLayer`
Warn,  T5284: BlendDNA: Did not find a field named `uid` in structure `CustomDataLayer`
Warn,  T5284: <add reason>
Warn,  T5284: BlendDNA: Did not find a field named `active_clone` in structure `CustomDataLayer`
Warn,  T5284: BlendDNA: Did not find a field named `active_mask` in structure `CustomDataLayer`
Warn,  T5284: BlendDNA: Did not find a field named `uid` in structure `CustomDataLayer`
Warn,  T5284: <add reason>
Warn,  T5284: BlendDNA: Did not find a field named `active_clone` in structure `CustomDataLayer`
Warn,  T5284: BlendDNA: Did not find a field named `active_mask` in structure `CustomDataLayer`
Warn,  T5284: BlendDNA: Did not find a field named `uid` in structure `CustomDataLayer`
Warn,  T5284: <add reason>
Warn,  T5284: BlendDNA: Did not find a field named `typemap` in structure `CustomData`
Warn,  T5284: BlendDNA: Did not find a field named `active_clone` in structure `CustomDataLayer`
Warn,  T5284: BlendDNA: Did not find a field named `active_mask` in structure `CustomDataLayer`
Warn,  T5284: BlendDNA: Did not find a field named `uid` in structure `CustomDataLayer`
Warn,  T5284: <add reason>
Warn,  T5284: BlendDNA: Did not find a field named `active_clone` in structure `CustomDataLayer`
Warn,  T5284: BlendDNA: Did not find a field named `active_mask` in structure `CustomDataLayer`
Warn,  T5284: BlendDNA: Did not find a field named `uid` in structure `CustomDataLayer`
Warn,  T5284: <add reason>
Warn,  T5284: BlendDNA: Did not find a field named `active_clone` in structure `CustomDataLayer`
Warn,  T5284: BlendDNA: Did not find a field named `active_mask` in structure `CustomDataLayer`
Warn,  T5284: BlendDNA: Did not find a field named `uid` in structure `CustomDataLayer`
Warn,  T5284: <add reason>
Warn,  T5284: BlendDNA: Did not find a field named `active_clone` in structure `CustomDataLayer`
Warn,  T5284: BlendDNA: Did not find a field named `active_mask` in structure `CustomDataLayer`
Warn,  T5284: BlendDNA: Did not find a field named `uid` in structure `CustomDataLayer`
Warn,  T5284: <add reason>
Warn,  T5284: BlendDNA: Did not find a field named `active_clone` in structure `CustomDataLayer`
Warn,  T5284: BlendDNA: Did not find a field named `active_mask` in structure `CustomDataLayer`
Warn,  T5284: BlendDNA: Did not find a field named `uid` in structure `CustomDataLayer`
Warn,  T5284: <add reason>
Warn,  T5284: BlendDNA: Did not find a field named `typemap` in structure `CustomData`
Warn,  T5284: BlendDNA: Did not find a field named `active_clone` in structure `CustomDataLayer`
Warn,  T5284: BlendDNA: Did not find a field named `active_mask` in structure `CustomDataLayer`
Warn,  T5284: BlendDNA: Did not find a field named `uid` in structure `CustomDataLayer`
Warn,  T5284: <add reason>
Warn,  T5284: BlendDNA: Did not find a field named `active_clone` in structure `CustomDataLayer`
Warn,  T5284: BlendDNA: Did not find a field named `active_mask` in structure `CustomDataLayer`
Warn,  T5284: BlendDNA: Did not find a field named `uid` in structure `CustomDataLayer`
Warn,  T5284: <add reason>
Warn,  T5284: BlendDNA: Did not find a field named `active_clone` in structure `CustomDataLayer`
Warn,  T5284: BlendDNA: Did not find a field named `active_mask` in structure `CustomDataLayer`
Warn,  T5284: BlendDNA: Did not find a field named `uid` in structure `CustomDataLayer`
Warn,  T5284: <add reason>
Warn,  T5284: BlendDNA: Did not find a field named `active_clone` in structure `CustomDataLayer`
Warn,  T5284: BlendDNA: Did not find a field named `active_mask` in structure `CustomDataLayer`
Warn,  T5284: BlendDNA: Did not find a field named `uid` in structure `CustomDataLayer`
Warn,  T5284: <add reason>
Warn,  T5284: BlendDNA: Did not find a field named `active_clone` in structure `CustomDataLayer`
Warn,  T5284: BlendDNA: Did not find a field named `active_mask` in structure `CustomDataLayer`
Warn,  T5284: BlendDNA: Did not find a field named `uid` in structure `CustomDataLayer`
Warn,  T5284: <add reason>
Warn,  T5284: BlendDNA: Did not find a field named `pdata` in structure `Mesh`
Warn,  T5284: BlendDNA: Did not find a field named `ldata` in structure `Mesh`
Info,  T5284: (Stats) Fields read: 156533172, pointers resolved: 32804, cache hits: 4294966070, cached objects: 1292
Debug, T5284: UpdateImporterScale scale set: 1
Debug, T5284: ValidateDataStructureProcess begin
Warn,  T5284: Validation warning: aiLight::mAttenuationXXX - all are zero
Debug, T5284: ValidateDataStructureProcess end
Info,  T5284: Load C:/projects/MM1/extern/assimp-master/assimp-master/test/models/BLEND/blender_269_regress1.blend
Debug, T5284: Assimp 6.0.0 amd64 gcc debug shared singlethreadedsingle : 
Info,  T5284: Found a matching importer for this file format: Blender 3D Importer (http://www.blender3d.org).
Info,  T5284: Import root directory is 'C:/projects/MM1/extern/assimp-master/assimp-master/test/models/BLEND\'
Info,  T5284: BLEND: Blender version is 2.69 (64bit: true, little endian: true)
Debug, T5284: REND
Debug, T5284: TEST
Debug, T5284: GLOB
Debug, T5284: WM
Debug, T5284: DATA
Debug, T5284: SN
Debug, T5284: DATA
Debug, T5284: SN
Debug, T5284: DATA
Debug, T5284: SN
Debug, T5284: DATA
Debug, T5284: SN
Debug, T5284: DATA
Debug, T5284: SN
Debug, T5284: DATA
Debug, T5284: SN
Debug, T5284: DATA
Debug, T5284: SN
Debug, T5284: DATA
Debug, T5284: SN
Debug, T5284: DATA
Debug, T5284: SN
Debug, T5284: DATA
Debug, T5284: SC
Debug, T5284: DATA
Debug, T5284: CA
Debug, T5284: LA
Debug, T5284: DATA
Debug, T5284: KE
Debug, T5284: DATA
Debug, T5284: WO
Debug, T5284: DATA
Debug, T5284: OB
Debug, T5284: DATA
Debug, T5284: OB
Debug, T5284: DATA
Debug, T5284: OB
Debug, T5284: DATA
Debug, T5284: MA
Debug, T5284: DATA
Debug, T5284: TE
Debug, T5284: DATA
Debug, T5284: ME
Debug, T5284: DATA
Debug, T5284: BR
Debug, T5284: DATA
Debug, T5284: BR
Debug, T5284: DATA
Debug, T5284: BR
Debug, T5284: DATA
Debug, T5284: BR
Debug, T5284: DATA
Debug, T5284: BR
Debug, T5284: DATA
Debug, T5284: BR
Debug, T5284: DATA
Debug, T5284: BR
Debug, T5284: DATA
Debug, T5284: BR
Debug, T5284: DATA
Debug, T5284: BR
Debug, T5284: DATA
Debug, T5284: BR
Debug, T5284: DATA
Debug, T5284: BR
Debug, T5284: DATA
Debug, T5284: BR
Debug, T5284: DATA
Debug, T5284: BR
Debug, T5284: DATA
Debug, T5284: BR
Debug, T5284: DATA
Debug, T5284: BR
Debug, T5284: DATA
Debug, T5284: BR
Debug, T5284: DATA
Debug, T5284: BR
Debug, T5284: DATA
Debug, T5284: BR
Debug, T5284: DATA
Debug, T5284: BR
Debug, T5284: DATA
Debug, T5284: BR
Debug, T5284: DATA
Debug, T5284: BR
Debug, T5284: DATA
Debug, T5284: BR
Debug, T5284: DATA
Debug, T5284: BR
Debug, T5284: DATA
Debug, T5284: BR
Debug, T5284: DATA
Debug, T5284: BR
Debug, T5284: DATA
Debug, T5284: BR
Debug, T5284: DATA
Debug, T5284: BR
Debug, T5284: DATA
Debug, T5284: BR
Debug, T5284: DATA
Debug, T5284: BR
Debug, T5284: DATA
Debug, T5284: BR
Debug, T5284: DATA
Debug, T5284: BR
Debug, T5284: DATA
Debug, T5284: BR
Debug, T5284: DATA
Debug, T5284: LS
Debug, T5284: DATA
Debug, T5284: DNA1
Debug, T5284: BlenderDNA: Got 551 structures with totally 6353 fields
Debug, T5284: ENDB
Warn,  T5284: <add reason>
Warn,  T5284: BlendDNA: Did not find a field named `coeff_const` in structure `Lamp`
Warn,  T5284: BlendDNA: Did not find a field named `coeff_lin` in structure `Lamp`
Warn,  T5284: BlendDNA: Did not find a field named `coeff_quad` in structure `Lamp`
Warn,  T5284: BlendDNA: Did not find a field named `*master_collection` in structure `Scene`
Info,  T5284: (Stats) Fields read: 156557119, pointers resolved: 32779, cache hits: 4294966067, cached objects: 1275
Debug, T5284: UpdateImporterScale scale set: 1
Debug, T5284: ValidateDataStructureProcess begin
Warn,  T5284: Validation warning: aiLight::mAttenuationXXX - all are zero
Debug, T5284: ValidateDataStructureProcess end
Info,  T5284: Load C:/projects/MM1/extern/assimp-master/assimp-master/test/models/BLEND/BlenderDefault_248.blend
Debug, T5284: Assimp 6.0.0 amd64 gcc debug shared singlethreadedsingle : 
Info,  T5284: Found a matching importer for this file format: Blender 3D Importer (http://www.blender3d.org).
Info,  T5284: Import root directory is 'C:/projects/MM1/extern/assimp-master/assimp-master/test/models/BLEND\'
Info,  T5284: BLEND: Blender version is 2.48 (64bit: false, little endian: true)
Debug, T5284: REND
Debug, T5284: GLOB
Debug, T5284: SR
Debug, T5284: DATA
Debug, T5284: SR
Debug, T5284: DATA
Debug, T5284: SR
Debug, T5284: DATA
Debug, T5284: SR
Debug, T5284: DATA
Debug, T5284: SR
Debug, T5284: DATA
Debug, T5284: SC
Debug, T5284: DATA
Debug, T5284: CA
Debug, T5284: LA
Debug, T5284: DATA
Debug, T5284: WO
Debug, T5284: TX
Debug, T5284: DATA
Debug, T5284: OB
Debug, T5284: DATA
Debug, T5284: OB
Debug, T5284: MA
Debug, T5284: DATA
Debug, T5284: TE
Debug, T5284: ME
Debug, T5284: DATA
Debug, T5284: DNA1
Debug, T5284: BlenderDNA: Got 310 structures with totally 3868 fields
Debug, T5284: ENDB
Warn,  T5284: <add reason>
Warn,  T5284: BlendDNA: Did not find a field named `sensor_x` in structure `Camera`
Warn,  T5284: <add reason>
Warn,  T5284: BlendDNA: Did not find a field named `totloop` in structure `Mesh`
Warn,  T5284: BlendDNA: Did not find a field named `totpoly` in structure `Mesh`
Warn,  T5284: BlendDNA: Did not find a field named `*mloop` in structure `Mesh`
Warn,  T5284: BlendDNA: Did not find a field named `*mloopuv` in structure `Mesh`
Warn,  T5284: BlendDNA: Did not find a field named `*mloopcol` in structure `Mesh`
Warn,  T5284: BlendDNA: Did not find a field named `*mpoly` in structure `Mesh`
Warn,  T5284: BlendDNA: Did not find a field named `*mtpoly` in structure `Mesh`
Warn,  T5284: <add reason>
Warn,  T5284: BlendDNA: Did not find a field named `rot` in structure `MTex`
Warn,  T5284: BlendDNA: Did not find a field named `colspecfac` in structure `MTex`
Warn,  T5284: BlendDNA: Did not find a field named `mirrfac` in structure `MTex`
Warn,  T5284: BlendDNA: Did not find a field named `alphafac` in structure `MTex`
Warn,  T5284: BlendDNA: Did not find a field named `difffac` in structure `MTex`
Warn,  T5284: BlendDNA: Did not find a field named `specfac` in structure `MTex`
Warn,  T5284: BlendDNA: Did not find a field named `emitfac` in structure `MTex`
Warn,  T5284: BlendDNA: Did not find a field named `hardfac` in structure `MTex`
Warn,  T5284: BlendDNA: Did not find a field named `material_type` in structure `Material`
Warn,  T5284: BlendDNA: Did not find a field named `pr_texture` in structure `Material`
Warn,  T5284: BlendDNA: Did not find a field named `shadowonly_flag` in structure `Material`
Warn,  T5284: BlendDNA: Did not find a field named `index` in structure `Material`
Warn,  T5284: BlendDNA: Did not find a field named `vcol_alpha` in structure `Material`
Warn,  T5284: BlendDNA: Did not find a field named `typemap` in structure `CustomData`
Warn,  T5284: BlendDNA: Did not find a field named `active_clone` in structure `CustomDataLayer`
Warn,  T5284: BlendDNA: Did not find a field named `active_mask` in structure `CustomDataLayer`
Warn,  T5284: BlendDNA: Did not find a field named `uid` in structure `CustomDataLayer`
Warn,  T5284: <add reason>
Warn,  T5284: BlendDNA: Did not find a field named `active_clone` in structure `CustomDataLayer`
Warn,  T5284: BlendDNA: Did not find a field named `active_mask` in structure `CustomDataLayer`
Warn,  T5284: BlendDNA: Did not find a field named `uid` in structure `CustomDataLayer`
Warn,  T5284: <add reason>
Warn,  T5284: BlendDNA: Did not find a field named `active_clone` in structure `CustomDataLayer`
Warn,  T5284: BlendDNA: Did not find a field named `active_mask` in structure `CustomDataLayer`
Warn,  T5284: BlendDNA: Did not find a field named `uid` in structure `CustomDataLayer`
Warn,  T5284: <add reason>
Warn,  T5284: BlendDNA: Did not find a field named `active_clone` in structure `CustomDataLayer`
Warn,  T5284: BlendDNA: Did not find a field named `active_mask` in structure `CustomDataLayer`
Warn,  T5284: BlendDNA: Did not find a field named `uid` in structure `CustomDataLayer`
Warn,  T5284: <add reason>
Warn,  T5284: BlendDNA: Did not find a field named `active_clone` in structure `CustomDataLayer`
Warn,  T5284: BlendDNA: Did not find a field named `active_mask` in structure `CustomDataLayer`
Warn,  T5284: BlendDNA: Did not find a field named `uid` in structure `CustomDataLayer`
Warn,  T5284: <add reason>
Warn,  T5284: BlendDNA: Did not find a field named `typemap` in structure `CustomData`
Warn,  T5284: BlendDNA: Did not find a field named `active_clone` in structure `CustomDataLayer`
Warn,  T5284: BlendDNA: Did not find a field named `active_mask` in structure `CustomDataLayer`
Warn,  T5284: BlendDNA: Did not find a field named `uid` in structure `CustomDataLayer`
Warn,  T5284: <add reason>
Warn,  T5284: BlendDNA: Did not find a field named `active_clone` in structure `CustomDataLayer`
Warn,  T5284: BlendDNA: Did not find a field named `active_mask` in structure `CustomDataLayer`
Warn,  T5284: BlendDNA: Did not find a field named `uid` in structure `CustomDataLayer`
Warn,  T5284: <add reason>
Warn,  T5284: BlendDNA: Did not find a field named `active_clone` in structure `CustomDataLayer`
Warn,  T5284: BlendDNA: Did not find a field named `active_mask` in structure `CustomDataLayer`
Warn,  T5284: BlendDNA: Did not find a field named `uid` in structure `CustomDataLayer`
Warn,  T5284: <add reason>
Warn,  T5284: BlendDNA: Did not find a field named `active_clone` in structure `CustomDataLayer`
Warn,  T5284: BlendDNA: Did not find a field named `active_mask` in structure `CustomDataLayer`
Warn,  T5284: BlendDNA: Did not find a field named `uid` in structure `CustomDataLayer`
Warn,  T5284: <add reason>
Warn,  T5284: BlendDNA: Did not find a field named `active_clone` in structure `CustomDataLayer`
Warn,  T5284: BlendDNA: Did not find a field named `active_mask` in structure `CustomDataLayer`
Warn,  T5284: BlendDNA: Did not find a field named `uid` in structure `CustomDataLayer`
Warn,  T5284: <add reason>
Warn,  T5284: BlendDNA: Did not find a field named `typemap` in structure `CustomData`
Warn,  T5284: BlendDNA: Did not find a field named `active_clone` in structure `CustomDataLayer`
Warn,  T5284: BlendDNA: Did not find a field named `active_mask` in structure `CustomDataLayer`
Warn,  T5284: BlendDNA: Did not find a field named `uid` in structure `CustomDataLayer`
Warn,  T5284: <add reason>
Warn,  T5284: BlendDNA: Did not find a field named `active_clone` in structure `CustomDataLayer`
Warn,  T5284: BlendDNA: Did not find a field named `active_mask` in structure `CustomDataLayer`
Warn,  T5284: BlendDNA: Did not find a field named `uid` in structure `CustomDataLayer`
Warn,  T5284: <add reason>
Warn,  T5284: BlendDNA: Did not find a field named `active_clone` in structure `CustomDataLayer`
Warn,  T5284: BlendDNA: Did not find a field named `active_mask` in structure `CustomDataLayer`
Warn,  T5284: BlendDNA: Did not find a field named `uid` in structure `CustomDataLayer`
Warn,  T5284: <add reason>
Warn,  T5284: BlendDNA: Did not find a field named `active_clone` in structure `CustomDataLayer`
Warn,  T5284: BlendDNA: Did not find a field named `active_mask` in structure `CustomDataLayer`
Warn,  T5284: BlendDNA: Did not find a field named `uid` in structure `CustomDataLayer`
Warn,  T5284: <add reason>
Warn,  T5284: BlendDNA: Did not find a field named `active_clone` in structure `CustomDataLayer`
Warn,  T5284: BlendDNA: Did not find a field named `active_mask` in structure `CustomDataLayer`
Warn,  T5284: BlendDNA: Did not find a field named `uid` in structure `CustomDataLayer`
Warn,  T5284: <add reason>
Warn,  T5284: BlendDNA: Did not find a field named `pdata` in structure `Mesh`
Warn,  T5284: BlendDNA: Did not find a field named `ldata` in structure `Mesh`
Warn,  T5284: <add reason>
Warn,  T5284: BlendDNA: Did not find a field named `flag` in structure `Lamp`
Warn,  T5284: BlendDNA: Did not find a field named `coeff_const` in structure `Lamp`
Warn,  T5284: BlendDNA: Did not find a field named `coeff_lin` in structure `Lamp`
Warn,  T5284: BlendDNA: Did not find a field named `coeff_quad` in structure `Lamp`
Warn,  T5284: BlendDNA: Did not find a field named `*master_collection` in structure `Scene`
Info,  T5284: (Stats) Fields read: 156531363, pointers resolved: 32780, cache hits: 4294966067, cached objects: 1277
Debug, T5284: UpdateImporterScale scale set: 1
Debug, T5284: ValidateDataStructureProcess begin
Warn,  T5284: Validation warning: aiLight::mAttenuationXXX - all are zero
Debug, T5284: ValidateDataStructureProcess end
Info,  T5284: Load C:/projects/MM1/extern/assimp-master/assimp-master/test/models/BLEND/BlenderDefault_250.blend
Debug, T5284: Assimp 6.0.0 amd64 gcc debug shared singlethreadedsingle : 
Info,  T5284: Found a matching importer for this file format: Blender 3D Importer (http://www.blender3d.org).
Info,  T5284: Import root directory is 'C:/projects/MM1/extern/assimp-master/assimp-master/test/models/BLEND\'
Info,  T5284: BLEND: Blender version is 2.52 (64bit: true, little endian: true)
Debug, T5284: REND
Debug, T5284: GLOB
Debug, T5284: WM
Debug, T5284: DATA
Debug, T5284: SN
Debug, T5284: DATA
Debug, T5284: SN
Debug, T5284: DATA
Debug, T5284: SN
Debug, T5284: DATA
Debug, T5284: SN
Debug, T5284: DATA
Debug, T5284: SN
Debug, T5284: DATA
Debug, T5284: SN
Debug, T5284: DATA
Debug, T5284: SN
Debug, T5284: DATA
Debug, T5284: SC
Debug, T5284: DATA
Debug, T5284: CA
Debug, T5284: LA
Debug, T5284: DATA
Debug, T5284: WO
Debug, T5284: TX
Debug, T5284: DATA
Debug, T5284: OB
Debug, T5284: DATA
Debug, T5284: OB
Debug, T5284: MA
Debug, T5284: DATA
Debug, T5284: TE
Debug, T5284: DATA
Debug, T5284: ME
Debug, T5284: DATA
Debug, T5284: BR
Debug, T5284: DATA
Debug, T5284: BR
Debug, T5284: DATA
Debug, T5284: BR
Debug, T5284: DATA
Debug, T5284: BR
Debug, T5284: DATA
Debug, T5284: BR
Debug, T5284: DATA
Debug, T5284: BR
Debug, T5284: DATA
Debug, T5284: BR
Debug, T5284: DATA
Debug, T5284: BR
Debug, T5284: DATA
Debug, T5284: BR
Debug, T5284: DATA
Debug, T5284: BR
Debug, T5284: DATA
Debug, T5284: BR
Debug, T5284: DATA
Debug, T5284: BR
Debug, T5284: DATA
Debug, T5284: BR
Debug, T5284: DATA
Debug, T5284: BR
Debug, T5284: DATA
Debug, T5284: BR
Debug, T5284: DATA
Debug, T5284: BR
Debug, T5284: DATA
Debug, T5284: BR
Debug, T5284: DATA
Debug, T5284: BR
Debug, T5284: DATA
Debug, T5284: DNA1
Debug, T5284: BlenderDNA: Got 406 structures with totally 4985 fields
Debug, T5284: ENDB
Warn,  T5284: <add reason>
Warn,  T5284: BlendDNA: Did not find a field named `sensor_x` in structure `Camera`
Warn,  T5284: <add reason>
Warn,  T5284: BlendDNA: Did not find a field named `totloop` in structure `Mesh`
Warn,  T5284: BlendDNA: Did not find a field named `totpoly` in structure `Mesh`
Warn,  T5284: BlendDNA: Did not find a field named `*mloop` in structure `Mesh`
Warn,  T5284: BlendDNA: Did not find a field named `*mloopuv` in structure `Mesh`
Warn,  T5284: BlendDNA: Did not find a field named `*mloopcol` in structure `Mesh`
Warn,  T5284: BlendDNA: Did not find a field named `*mpoly` in structure `Mesh`
Warn,  T5284: BlendDNA: Did not find a field named `*mtpoly` in structure `Mesh`
Warn,  T5284: <add reason>
Warn,  T5284: BlendDNA: Did not find a field named `ambr` in structure `Material`
Warn,  T5284: BlendDNA: Did not find a field named `ambg` in structure `Material`
Warn,  T5284: BlendDNA: Did not find a field named `ambb` in structure `Material`
Warn,  T5284: BlendDNA: Did not find a field named `shadowonly_flag` in structure `Material`
Warn,  T5284: BlendDNA: Did not find a field named `index` in structure `Material`
Warn,  T5284: BlendDNA: Did not find a field named `vcol_alpha` in structure `Material`
Warn,  T5284: BlendDNA: Did not find a field named `typemap` in structure `CustomData`
Warn,  T5284: BlendDNA: Did not find a field named `uid` in structure `CustomDataLayer`
Warn,  T5284: <add reason>
Warn,  T5284: BlendDNA: Did not find a field named `uid` in structure `CustomDataLayer`
Warn,  T5284: <add reason>
Warn,  T5284: BlendDNA: Did not find a field named `uid` in structure `CustomDataLayer`
Warn,  T5284: <add reason>
Warn,  T5284: BlendDNA: Did not find a field named `uid` in structure `CustomDataLayer`
Warn,  T5284: <add reason>
Warn,  T5284: BlendDNA: Did not find a field named `uid` in structure `CustomDataLayer`
Warn,  T5284: <add reason>
Warn,  T5284: BlendDNA: Did not find a field named `typemap` in structure `CustomData`
Warn,  T5284: BlendDNA: Did not find a field named `uid` in structure `CustomDataLayer`
Warn,  T5284: <add reason>
Warn,  T5284: BlendDNA: Did not find a field named `uid` in structure `CustomDataLayer`
Warn,  T5284: <add reason>
Warn,  T5284: BlendDNA: Did not find a field named `uid` in structure `CustomDataLayer`
Warn,  T5284: <add reason>
Warn,  T5284: BlendDNA: Did not find a field named `uid` in structure `CustomDataLayer`
Warn,  T5284: <add reason>
Warn,  T5284: BlendDNA: Did not find a field named `uid` in structure `CustomDataLayer`
Warn,  T5284: <add reason>
Warn,  T5284: BlendDNA: Did not find a field named `typemap` in structure `CustomData`
Warn,  T5284: BlendDNA: Did not find a field named `uid` in structure `CustomDataLayer`
Warn,  T5284: <add reason>
Warn,  T5284: BlendDNA: Did not find a field named `uid` in structure `CustomDataLayer`
Warn,  T5284: <add reason>
Warn,  T5284: BlendDNA: Did not find a field named `uid` in structure `CustomDataLayer`
Warn,  T5284: <add reason>
Warn,  T5284: BlendDNA: Did not find a field named `uid` in structure `CustomDataLayer`
Warn,  T5284: <add reason>
Warn,  T5284: BlendDNA: Did not find a field named `uid` in structure `CustomDataLayer`
Warn,  T5284: <add reason>
Warn,  T5284: BlendDNA: Did not find a field named `pdata` in structure `Mesh`
Warn,  T5284: BlendDNA: Did not find a field named `ldata` in structure `Mesh`
Warn,  T5284: <add reason>
Warn,  T5284: BlendDNA: Did not find a field named `coeff_const` in structure `Lamp`
Warn,  T5284: BlendDNA: Did not find a field named `coeff_lin` in structure `Lamp`
Warn,  T5284: BlendDNA: Did not find a field named `coeff_quad` in structure `Lamp`
Warn,  T5284: BlendDNA: Did not find a field named `att1` in structure `Lamp`
Warn,  T5284: BlendDNA: Did not find a field named `att2` in structure `Lamp`
Warn,  T5284: BlendDNA: Did not find a field named `area_sizez` in structure `Lamp`
Warn,  T5284: BlendDNA: Did not find a field named `*master_collection` in structure `Scene`
Info,  T5284: (Stats) Fields read: 156531519, pointers resolved: 32782, cache hits: 4294966067, cached objects: 1277
Debug, T5284: UpdateImporterScale scale set: 1
Debug, T5284: ValidateDataStructureProcess begin
Warn,  T5284: Validation warning: aiLight::mAttenuationXXX - all are zero
Debug, T5284: ValidateDataStructureProcess end
Info,  T5284: Load C:/projects/MM1/extern/assimp-master/assimp-master/test/models/BLEND/BlenderDefault_250_Compressed.blend
Debug, T5284: Assimp 6.0.0 amd64 gcc debug shared singlethreadedsingle : 
Info,  T5284: Found a matching importer for this file format: Blender 3D Importer (http://www.blender3d.org).
Info,  T5284: Import root directory is 'C:/projects/MM1/extern/assimp-master/assimp-master/test/models/BLEND\'
Debug, T5284: BLEND: Found no BLENDER magic word but a GZIP header, might be a compressed file
Info,  T5284: BLEND: Blender version is 2.52 (64bit: true, little endian: true)
Debug, T5284: REND
Debug, T5284: GLOB
Debug, T5284: WM
Debug, T5284: DATA
Debug, T5284: SN
Debug, T5284: DATA
Debug, T5284: SN
Debug, T5284: DATA
Debug, T5284: SN
Debug, T5284: DATA
Debug, T5284: SN
Debug, T5284: DATA
Debug, T5284: SN
Debug, T5284: DATA
Debug, T5284: SN
Debug, T5284: DATA
Debug, T5284: SN
Debug, T5284: DATA
Debug, T5284: SC
Debug, T5284: DATA
Debug, T5284: CA
Debug, T5284: LA
Debug, T5284: DATA
Debug, T5284: WO
Debug, T5284: TX
Debug, T5284: DATA
Debug, T5284: OB
Debug, T5284: DATA
Debug, T5284: OB
Debug, T5284: MA
Debug, T5284: DATA
Debug, T5284: TE
Debug, T5284: DATA
Debug, T5284: ME
Debug, T5284: DATA
Debug, T5284: BR
Debug, T5284: DATA
Debug, T5284: BR
Debug, T5284: DATA
Debug, T5284: BR
Debug, T5284: DATA
Debug, T5284: BR
Debug, T5284: DATA
Debug, T5284: BR
Debug, T5284: DATA
Debug, T5284: BR
Debug, T5284: DATA
Debug, T5284: BR
Debug, T5284: DATA
Debug, T5284: BR
Debug, T5284: DATA
Debug, T5284: BR
Debug, T5284: DATA
Debug, T5284: BR
Debug, T5284: DATA
Debug, T5284: BR
Debug, T5284: DATA
Debug, T5284: BR
Debug, T5284: DATA
Debug, T5284: BR
Debug, T5284: DATA
Debug, T5284: BR
Debug, T5284: DATA
Debug, T5284: BR
Debug, T5284: DATA
Debug, T5284: BR
Debug, T5284: DATA
Debug, T5284: BR
Debug, T5284: DATA
Debug, T5284: BR
Debug, T5284: DATA
Debug, T5284: DNA1
Debug, T5284: BlenderDNA: Got 406 structures with totally 4985 fields
Debug, T5284: ENDB
Warn,  T5284: <add reason>
Warn,  T5284: BlendDNA: Did not find a field named `sensor_x` in structure `Camera`
Warn,  T5284: <add reason>
Warn,  T5284: BlendDNA: Did not find a field named `totloop` in structure `Mesh`
Warn,  T5284: BlendDNA: Did not find a field named `totpoly` in structure `Mesh`
Warn,  T5284: BlendDNA: Did not find a field named `*mloop` in structure `Mesh`
Warn,  T5284: BlendDNA: Did not find a field named `*mloopuv` in structure `Mesh`
Warn,  T5284: BlendDNA: Did not find a field named `*mloopcol` in structure `Mesh`
Warn,  T5284: BlendDNA: Did not find a field named `*mpoly` in structure `Mesh`
Warn,  T5284: BlendDNA: Did not find a field named `*mtpoly` in structure `Mesh`
Warn,  T5284: <add reason>
Warn,  T5284: BlendDNA: Did not find a field named `ambr` in structure `Material`
Warn,  T5284: BlendDNA: Did not find a field named `ambg` in structure `Material`
Warn,  T5284: BlendDNA: Did not find a field named `ambb` in structure `Material`
Warn,  T5284: BlendDNA: Did not find a field named `shadowonly_flag` in structure `Material`
Warn,  T5284: BlendDNA: Did not find a field named `index` in structure `Material`
Warn,  T5284: BlendDNA: Did not find a field named `vcol_alpha` in structure `Material`
Warn,  T5284: BlendDNA: Did not find a field named `typemap` in structure `CustomData`
Warn,  T5284: BlendDNA: Did not find a field named `uid` in structure `CustomDataLayer`
Warn,  T5284: <add reason>
Warn,  T5284: BlendDNA: Did not find a field named `uid` in structure `CustomDataLayer`
Warn,  T5284: <add reason>
Warn,  T5284: BlendDNA: Did not find a field named `uid` in structure `CustomDataLayer`
Warn,  T5284: <add reason>
Warn,  T5284: BlendDNA: Did not find a field named `uid` in structure `CustomDataLayer`
Warn,  T5284: <add reason>
Warn,  T5284: BlendDNA: Did not find a field named `uid` in structure `CustomDataLayer`
Warn,  T5284: <add reason>
Warn,  T5284: BlendDNA: Did not find a field named `typemap` in structure `CustomData`
Warn,  T5284: BlendDNA: Did not find a field named `uid` in structure `CustomDataLayer`
Warn,  T5284: <add reason>
Warn,  T5284: BlendDNA: Did not find a field named `uid` in structure `CustomDataLayer`
Warn,  T5284: <add reason>
Warn,  T5284: BlendDNA: Did not find a field named `uid` in structure `CustomDataLayer`
Warn,  T5284: <add reason>
Warn,  T5284: BlendDNA: Did not find a field named `uid` in structure `CustomDataLayer`
Warn,  T5284: <add reason>
Warn,  T5284: BlendDNA: Did not find a field named `uid` in structure `CustomDataLayer`
Warn,  T5284: <add reason>
Warn,  T5284: BlendDNA: Did not find a field named `typemap` in structure `CustomData`
Warn,  T5284: BlendDNA: Did not find a field named `uid` in structure `CustomDataLayer`
Warn,  T5284: <add reason>
Warn,  T5284: BlendDNA: Did not find a field named `uid` in structure `CustomDataLayer`
Warn,  T5284: <add reason>
Warn,  T5284: BlendDNA: Did not find a field named `uid` in structure `CustomDataLayer`
Warn,  T5284: <add reason>
Warn,  T5284: BlendDNA: Did not find a field named `uid` in structure `CustomDataLayer`
Warn,  T5284: <add reason>
Warn,  T5284: BlendDNA: Did not find a field named `uid` in structure `CustomDataLayer`
Warn,  T5284: <add reason>
Warn,  T5284: BlendDNA: Did not find a field named `pdata` in structure `Mesh`
Warn,  T5284: BlendDNA: Did not find a field named `ldata` in structure `Mesh`
Warn,  T5284: <add reason>
Warn,  T5284: BlendDNA: Did not find a field named `coeff_const` in structure `Lamp`
Warn,  T5284: BlendDNA: Did not find a field named `coeff_lin` in structure `Lamp`
Warn,  T5284: BlendDNA: Did not find a field named `coeff_quad` in structure `Lamp`
Warn,  T5284: BlendDNA: Did not find a field named `att1` in structure `Lamp`
Warn,  T5284: BlendDNA: Did not find a field named `att2` in structure `Lamp`
Warn,  T5284: BlendDNA: Did not find a field named `area_sizez` in structure `Lamp`
Warn,  T5284: BlendDNA: Did not find a field named `*master_collection` in structure `Scene`
Info,  T5284: (Stats) Fields read: 156531519, pointers resolved: 32782, cache hits: 4294966067, cached objects: 1277
Debug, T5284: UpdateImporterScale scale set: 1
Debug, T5284: ValidateDataStructureProcess begin
Warn,  T5284: Validation warning: aiLight::mAttenuationXXX - all are zero
Debug, T5284: ValidateDataStructureProcess end
Info,  T5284: Load C:/projects/MM1/extern/assimp-master/assimp-master/test/models/BLEND/BlenderDefault_262.blend
Debug, T5284: Assimp 6.0.0 amd64 gcc debug shared singlethreadedsingle : 
Info,  T5284: Found a matching importer for this file format: Blender 3D Importer (http://www.blender3d.org).
Info,  T5284: Import root directory is 'C:/projects/MM1/extern/assimp-master/assimp-master/test/models/BLEND\'
Info,  T5284: BLEND: Blender version is 2.62 (64bit: true, little endian: true)
Debug, T5284: REND
Debug, T5284: TEST
Debug, T5284: GLOB
Debug, T5284: WM
Debug, T5284: DATA
Debug, T5284: SN
Debug, T5284: DATA
Debug, T5284: SN
Debug, T5284: DATA
Debug, T5284: SN
Debug, T5284: DATA
Debug, T5284: SN
Debug, T5284: DATA
Debug, T5284: SN
Debug, T5284: DATA
Debug, T5284: SN
Debug, T5284: DATA
Debug, T5284: SN
Debug, T5284: DATA
Debug, T5284: SC
Debug, T5284: DATA
Debug, T5284: CA
Debug, T5284: LA
Debug, T5284: DATA
Debug, T5284: WO
Debug, T5284: DATA
Debug, T5284: OB
Debug, T5284: DATA
Debug, T5284: OB
Debug, T5284: DATA
Debug, T5284: OB
Debug, T5284: DATA
Debug, T5284: MA
Debug, T5284: DATA
Debug, T5284: TE
Debug, T5284: DATA
Debug, T5284: ME
Debug, T5284: DATA
Debug, T5284: BR
Debug, T5284: DATA
Debug, T5284: BR
Debug, T5284: DATA
Debug, T5284: BR
Debug, T5284: DATA
Debug, T5284: BR
Debug, T5284: DATA
Debug, T5284: BR
Debug, T5284: DATA
Debug, T5284: BR
Debug, T5284: DATA
Debug, T5284: BR
Debug, T5284: DATA
Debug, T5284: BR
Debug, T5284: DATA
Debug, T5284: BR
Debug, T5284: DATA
Debug, T5284: BR
Debug, T5284: DATA
Debug, T5284: BR
Debug, T5284: DATA
Debug, T5284: BR
Debug, T5284: DATA
Debug, T5284: BR
Debug, T5284: DATA
Debug, T5284: BR
Debug, T5284: DATA
Debug, T5284: BR
Debug, T5284: DATA
Debug, T5284: BR
Debug, T5284: DATA
Debug, T5284: BR
Debug, T5284: DATA
Debug, T5284: BR
Debug, T5284: DATA
Debug, T5284: BR
Debug, T5284: DATA
Debug, T5284: BR
Debug, T5284: DATA
Debug, T5284: BR
Debug, T5284: DATA
Debug, T5284: BR
Debug, T5284: DATA
Debug, T5284: BR
Debug, T5284: DATA
Debug, T5284: BR
Debug, T5284: DATA
Debug, T5284: BR
Debug, T5284: DATA
Debug, T5284: BR
Debug, T5284: DATA
Debug, T5284: BR
Debug, T5284: DATA
Debug, T5284: BR
Debug, T5284: DATA
Debug, T5284: BR
Debug, T5284: DATA
Debug, T5284: BR
Debug, T5284: DATA
Debug, T5284: DNA1
Debug, T5284: BlenderDNA: Got 459 structures with totally 5554 fields
Debug, T5284: ENDB
Warn,  T5284: <add reason>
Warn,  T5284: BlendDNA: Did not find a field named `vcol_alpha` in structure `Material`
Warn,  T5284: BlendDNA: Did not find a field named `pad4` in structure `Material`
Warn,  T5284: <add reason>
Warn,  T5284: BlendDNA: Did not find a field named `uid` in structure `CustomDataLayer`
Warn,  T5284: <add reason>
Warn,  T5284: BlendDNA: Did not find a field named `uid` in structure `CustomDataLayer`
Warn,  T5284: <add reason>
Warn,  T5284: BlendDNA: Did not find a field named `uid` in structure `CustomDataLayer`
Error, T5284: Failure resolving pointer 0x604971f1, no file block falls into this address range
Info,  T5284: Load C:/projects/MM1/extern/assimp-master/assimp-master/test/models/BLEND/BlenderDefault_269.blend
Debug, T5284: Assimp 6.0.0 amd64 gcc debug shared singlethreadedsingle : 
Info,  T5284: Found a matching importer for this file format: Blender 3D Importer (http://www.blender3d.org).
Info,  T5284: Import root directory is 'C:/projects/MM1/extern/assimp-master/assimp-master/test/models/BLEND\'
Info,  T5284: BLEND: Blender version is 2.69 (64bit: true, little endian: true)
Debug, T5284: REND
Debug, T5284: TEST
Debug, T5284: GLOB
Debug, T5284: WM
Debug, T5284: DATA
Debug, T5284: SN
Debug, T5284: DATA
Debug, T5284: SN
Debug, T5284: DATA
Debug, T5284: SN
Debug, T5284: DATA
Debug, T5284: SN
Debug, T5284: DATA
Debug, T5284: SN
Debug, T5284: DATA
Debug, T5284: SN
Debug, T5284: DATA
Debug, T5284: SN
Debug, T5284: DATA
Debug, T5284: SN
Debug, T5284: DATA
Debug, T5284: SN
Debug, T5284: DATA
Debug, T5284: SC
Debug, T5284: DATA
Debug, T5284: CA
Debug, T5284: LA
Debug, T5284: DATA
Debug, T5284: WO
Debug, T5284: DATA
Debug, T5284: OB
Debug, T5284: DATA
Debug, T5284: OB
Debug, T5284: DATA
Debug, T5284: OB
Debug, T5284: DATA
Debug, T5284: MA
Debug, T5284: DATA
Debug, T5284: TE
Debug, T5284: DATA
Debug, T5284: ME
Debug, T5284: DATA
Debug, T5284: BR
Debug, T5284: DATA
Debug, T5284: BR
Debug, T5284: DATA
Debug, T5284: BR
Debug, T5284: DATA
Debug, T5284: BR
Debug, T5284: DATA
Debug, T5284: BR
Debug, T5284: DATA
Debug, T5284: BR
Debug, T5284: DATA
Debug, T5284: BR
Debug, T5284: DATA
Debug, T5284: BR
Debug, T5284: DATA
Debug, T5284: BR
Debug, T5284: DATA
Debug, T5284: BR
Debug, T5284: DATA
Debug, T5284: BR
Debug, T5284: DATA
Debug, T5284: BR
Debug, T5284: DATA
Debug, T5284: BR
Debug, T5284: DATA
Debug, T5284: BR
Debug, T5284: DATA
Debug, T5284: BR
Debug, T5284: DATA
Debug, T5284: BR
Debug, T5284: DATA
Debug, T5284: BR
Debug, T5284: DATA
Debug, T5284: BR
Debug, T5284: DATA
Debug, T5284: BR
Debug, T5284: DATA
Debug, T5284: BR
Debug, T5284: DATA
Debug, T5284: BR
Debug, T5284: DATA
Debug, T5284: BR
Debug, T5284: DATA
Debug, T5284: BR
Debug, T5284: DATA
Debug, T5284: BR
Debug, T5284: DATA
Debug, T5284: BR
Debug, T5284: DATA
Debug, T5284: BR
Debug, T5284: DATA
Debug, T5284: BR
Debug, T5284: DATA
Debug, T5284: BR
Debug, T5284: DATA
Debug, T5284: BR
Debug, T5284: DATA
Debug, T5284: BR
Debug, T5284: DATA
Debug, T5284: BR
Debug, T5284: DATA
Debug, T5284: BR
Debug, T5284: DATA
Debug, T5284: LS
Debug, T5284: DATA
Debug, T5284: DNA1
Debug, T5284: BlenderDNA: Got 551 structures with totally 6353 fields
Debug, T5284: ENDB
Warn,  T5284: <add reason>
Warn,  T5284: BlendDNA: Did not find a field named `coeff_const` in structure `Lamp`
Warn,  T5284: BlendDNA: Did not find a field named `coeff_lin` in structure `Lamp`
Warn,  T5284: BlendDNA: Did not find a field named `coeff_quad` in structure `Lamp`
Warn,  T5284: BlendDNA: Did not find a field named `*master_collection` in structure `Scene`
Info,  T5284: (Stats) Fields read: 156531500, pointers resolved: 32781, cache hits: 4294966067, cached objects: 1277
Debug, T5284: UpdateImporterScale scale set: 1
Debug, T5284: ValidateDataStructureProcess begin
Warn,  T5284: Validation warning: aiLight::mAttenuationXXX - all are zero
Debug, T5284: ValidateDataStructureProcess end
Info,  T5284: Load C:/projects/MM1/extern/assimp-master/assimp-master/test/models/BLEND/BlenderDefault_271.blend
Debug, T5284: Assimp 6.0.0 amd64 gcc debug shared singlethreadedsingle : 
Info,  T5284: Found a matching importer for this file format: Blender 3D Importer (http://www.blender3d.org).
Info,  T5284: Import root directory is 'C:/projects/MM1/extern/assimp-master/assimp-master/test/models/BLEND\'
Info,  T5284: BLEND: Blender version is 2.71 (64bit: true, little endian: true)
Debug, T5284: REND
Debug, T5284: TEST
Debug, T5284: GLOB
Debug, T5284: WM
Debug, T5284: DATA
Debug, T5284: SN
Debug, T5284: DATA
Debug, T5284: SN
Debug, T5284: DATA
Debug, T5284: SN
Debug, T5284: DATA
Debug, T5284: SN
Debug, T5284: DATA
Debug, T5284: SN
Debug, T5284: DATA
Debug, T5284: SN
Debug, T5284: DATA
Debug, T5284: SN
Debug, T5284: DATA
Debug, T5284: SN
Debug, T5284: DATA
Debug, T5284: SN
Debug, T5284: DATA
Debug, T5284: SC
Debug, T5284: DATA
Debug, T5284: CA
Debug, T5284: LA
Debug, T5284: DATA
Debug, T5284: WO
Debug, T5284: DATA
Debug, T5284: OB
Debug, T5284: DATA
Debug, T5284: OB
Debug, T5284: DATA
Debug, T5284: OB
Debug, T5284: DATA
Debug, T5284: MA
Debug, T5284: DATA
Debug, T5284: TE
Debug, T5284: DATA
Debug, T5284: ME
Debug, T5284: DATA
Debug, T5284: BR
Debug, T5284: DATA
Debug, T5284: BR
Debug, T5284: DATA
Debug, T5284: BR
Debug, T5284: DATA
Debug, T5284: BR
Debug, T5284: DATA
Debug, T5284: BR
Debug, T5284: DATA
Debug, T5284: BR
Debug, T5284: DATA
Debug, T5284: BR
Debug, T5284: DATA
Debug, T5284: BR
Debug, T5284: DATA
Debug, T5284: BR
Debug, T5284: DATA
Debug, T5284: BR
Debug, T5284: DATA
Debug, T5284: BR
Debug, T5284: DATA
Debug, T5284: BR
Debug, T5284: DATA
Debug, T5284: BR
Debug, T5284: DATA
Debug, T5284: BR
Debug, T5284: DATA
Debug, T5284: BR
Debug, T5284: DATA
Debug, T5284: BR
Debug, T5284: DATA
Debug, T5284: BR
Debug, T5284: DATA
Debug, T5284: BR
Debug, T5284: DATA
Debug, T5284: BR
Debug, T5284: DATA
Debug, T5284: BR
Debug, T5284: DATA
Debug, T5284: BR
Debug, T5284: DATA
Debug, T5284: BR
Debug, T5284: DATA
Debug, T5284: BR
Debug, T5284: DATA
Debug, T5284: BR
Debug, T5284: DATA
Debug, T5284: BR
Debug, T5284: DATA
Debug, T5284: BR
Debug, T5284: DATA
Debug, T5284: BR
Debug, T5284: DATA
Debug, T5284: BR
Debug, T5284: DATA
Debug, T5284: BR
Debug, T5284: DATA
Debug, T5284: BR
Debug, T5284: DATA
Debug, T5284: BR
Debug, T5284: DATA
Debug, T5284: BR
Debug, T5284: DATA
Debug, T5284: LS
Debug, T5284: DATA
Debug, T5284: DNA1
Debug, T5284: BlenderDNA: Got 559 structures with totally 6483 fields
Debug, T5284: ENDB
Warn,  T5284: <add reason>
Warn,  T5284: BlendDNA: Did not find a field named `coeff_const` in structure `Lamp`
Warn,  T5284: BlendDNA: Did not find a field named `coeff_lin` in structure `Lamp`
Warn,  T5284: BlendDNA: Did not find a field named `coeff_quad` in structure `Lamp`
Warn,  T5284: BlendDNA: Did not find a field named `*master_collection` in structure `Scene`
Info,  T5284: (Stats) Fields read: 156531500, pointers resolved: 32781, cache hits: 4294966067, cached objects: 1277
Debug, T5284: UpdateImporterScale scale set: 1
Debug, T5284: ValidateDataStructureProcess begin
Warn,  T5284: Validation warning: aiLight::mAttenuationXXX - all are zero
Debug, T5284: ValidateDataStructureProcess end
Info,  T5284: Load C:/projects/MM1/extern/assimp-master/assimp-master/test/models/BLEND/BlenderDefault_276.blend
Debug, T5284: Assimp 6.0.0 amd64 gcc debug shared singlethreadedsingle : 
Info,  T5284: Found a matching importer for this file format: Blender 3D Importer (http://www.blender3d.org).
Info,  T5284: Import root directory is 'C:/projects/MM1/extern/assimp-master/assimp-master/test/models/BLEND\'
Info,  T5284: BLEND: Blender version is 2.76 (64bit: true, little endian: true)
Debug, T5284: REND
Debug, T5284: TEST
Debug, T5284: GLOB
Debug, T5284: WM
Debug, T5284: DATA
Debug, T5284: SN
Debug, T5284: DATA
Debug, T5284: SN
Debug, T5284: DATA
Debug, T5284: SN
Debug, T5284: DATA
Debug, T5284: SN
Debug, T5284: DATA
Debug, T5284: SN
Debug, T5284: DATA
Debug, T5284: SN
Debug, T5284: DATA
Debug, T5284: SN
Debug, T5284: DATA
Debug, T5284: SN
Debug, T5284: DATA
Debug, T5284: SN
Debug, T5284: DATA
Debug, T5284: SC
Debug, T5284: DATA
Debug, T5284: CA
Debug, T5284: LA
Debug, T5284: DATA
Debug, T5284: WO
Debug, T5284: DATA
Debug, T5284: OB
Debug, T5284: DATA
Debug, T5284: OB
Debug, T5284: DATA
Debug, T5284: OB
Debug, T5284: DATA
Debug, T5284: MA
Debug, T5284: DATA
Debug, T5284: TE
Debug, T5284: DATA
Debug, T5284: ME
Debug, T5284: DATA
Debug, T5284: BR
Debug, T5284: DATA
Debug, T5284: BR
Debug, T5284: DATA
Debug, T5284: BR
Debug, T5284: DATA
Debug, T5284: BR
Debug, T5284: DATA
Debug, T5284: BR
Debug, T5284: DATA
Debug, T5284: BR
Debug, T5284: DATA
Debug, T5284: BR
Debug, T5284: DATA
Debug, T5284: BR
Debug, T5284: DATA
Debug, T5284: BR
Debug, T5284: DATA
Debug, T5284: BR
Debug, T5284: DATA
Debug, T5284: BR
Debug, T5284: DATA
Debug, T5284: BR
Debug, T5284: DATA
Debug, T5284: BR
Debug, T5284: DATA
Debug, T5284: BR
Debug, T5284: DATA
Debug, T5284: BR
Debug, T5284: DATA
Debug, T5284: BR
Debug, T5284: DATA
Debug, T5284: BR
Debug, T5284: DATA
Debug, T5284: BR
Debug, T5284: DATA
Debug, T5284: BR
Debug, T5284: DATA
Debug, T5284: BR
Debug, T5284: DATA
Debug, T5284: BR
Debug, T5284: DATA
Debug, T5284: BR
Debug, T5284: DATA
Debug, T5284: BR
Debug, T5284: DATA
Debug, T5284: BR
Debug, T5284: DATA
Debug, T5284: BR
Debug, T5284: DATA
Debug, T5284: BR
Debug, T5284: DATA
Debug, T5284: BR
Debug, T5284: DATA
Debug, T5284: BR
Debug, T5284: DATA
Debug, T5284: BR
Debug, T5284: DATA
Debug, T5284: BR
Debug, T5284: DATA
Debug, T5284: BR
Debug, T5284: DATA
Debug, T5284: LS
Debug, T5284: DATA
Debug, T5284: DNA1
Debug, T5284: BlenderDNA: Got 604 structures with totally 6955 fields
Debug, T5284: ENDB
Warn,  T5284: <add reason>
Warn,  T5284: BlendDNA: Did not find a field named `coeff_const` in structure `Lamp`
Warn,  T5284: BlendDNA: Did not find a field named `coeff_lin` in structure `Lamp`
Warn,  T5284: BlendDNA: Did not find a field named `coeff_quad` in structure `Lamp`
Warn,  T5284: BlendDNA: Did not find a field named `*master_collection` in structure `Scene`
Info,  T5284: (Stats) Fields read: 156531340, pointers resolved: 32781, cache hits: 4294966067, cached objects: 1277
Debug, T5284: UpdateImporterScale scale set: 1
Debug, T5284: ValidateDataStructureProcess begin
Warn,  T5284: Validation warning: aiLight::mAttenuationXXX - all are zero
Debug, T5284: ValidateDataStructureProcess end
Info,  T5284: Load C:/projects/MM1/extern/assimp-master/assimp-master/test/models/BLEND/CubeHierarchy_248.blend
Debug, T5284: Assimp 6.0.0 amd64 gcc debug shared singlethreadedsingle : 
Info,  T5284: Found a matching importer for this file format: Blender 3D Importer (http://www.blender3d.org).
Info,  T5284: Import root directory is 'C:/projects/MM1/extern/assimp-master/assimp-master/test/models/BLEND\'
Info,  T5284: BLEND: Blender version is 2.48 (64bit: false, little endian: true)
Debug, T5284: REND
Debug, T5284: GLOB
Debug, T5284: SR
Debug, T5284: DATA
Debug, T5284: SR
Debug, T5284: DATA
Debug, T5284: SR
Debug, T5284: DATA
Debug, T5284: SR
Debug, T5284: DATA
Debug, T5284: SR
Debug, T5284: DATA
Debug, T5284: SC
Debug, T5284: DATA
Debug, T5284: CA
Debug, T5284: LA
Debug, T5284: DATA
Debug, T5284: WO
Debug, T5284: TX
Debug, T5284: DATA
Debug, T5284: OB
Debug, T5284: DATA
Debug, T5284: OB
Debug, T5284: DATA
Debug, T5284: OB
Debug, T5284: DATA
Debug, T5284: OB
Debug, T5284: DATA
Debug, T5284: OB
Debug, T5284: DATA
Debug, T5284: OB
Debug, T5284: DATA
Debug, T5284: OB
Debug, T5284: DATA
Debug, T5284: OB
Debug, T5284: DATA
Debug, T5284: OB
Debug, T5284: DATA
Debug, T5284: OB
Debug, T5284: DATA
Debug, T5284: OB
Debug, T5284: MA
Debug, T5284: DATA
Debug, T5284: TE
Debug, T5284: ME
Debug, T5284: DATA
Debug, T5284: ME
Debug, T5284: DATA
Debug, T5284: ME
Debug, T5284: DATA
Debug, T5284: ME
Debug, T5284: DATA
Debug, T5284: ME
Debug, T5284: DATA
Debug, T5284: ME
Debug, T5284: DATA
Debug, T5284: ME
Debug, T5284: DATA
Debug, T5284: ME
Debug, T5284: DATA
Debug, T5284: ME
Debug, T5284: DATA
Debug, T5284: ME
Debug, T5284: DATA
Debug, T5284: ME
Debug, T5284: DATA
Debug, T5284: DNA1
Debug, T5284: BlenderDNA: Got 310 structures with totally 3868 fields
Debug, T5284: ENDB
Warn,  T5284: <add reason>
Warn,  T5284: BlendDNA: Did not find a field named `sensor_x` in structure `Camera`
Warn,  T5284: <add reason>
Warn,  T5284: BlendDNA: Did not find a field named `totloop` in structure `Mesh`
Warn,  T5284: BlendDNA: Did not find a field named `totpoly` in structure `Mesh`
Warn,  T5284: BlendDNA: Did not find a field named `*mloop` in structure `Mesh`
Warn,  T5284: BlendDNA: Did not find a field named `*mloopuv` in structure `Mesh`
Warn,  T5284: BlendDNA: Did not find a field named `*mloopcol` in structure `Mesh`
Warn,  T5284: BlendDNA: Did not find a field named `*mpoly` in structure `Mesh`
Warn,  T5284: BlendDNA: Did not find a field named `*mtpoly` in structure `Mesh`
Warn,  T5284: BlendDNA: Did not find a field named `typemap` in structure `CustomData`
Warn,  T5284: BlendDNA: Did not find a field named `active_clone` in structure `CustomDataLayer`
Warn,  T5284: BlendDNA: Did not find a field named `active_mask` in structure `CustomDataLayer`
Warn,  T5284: BlendDNA: Did not find a field named `uid` in structure `CustomDataLayer`
Warn,  T5284: <add reason>
Warn,  T5284: BlendDNA: Did not find a field named `active_clone` in structure `CustomDataLayer`
Warn,  T5284: BlendDNA: Did not find a field named `active_mask` in structure `CustomDataLayer`
Warn,  T5284: BlendDNA: Did not find a field named `uid` in structure `CustomDataLayer`
Warn,  T5284: <add reason>
Warn,  T5284: BlendDNA: Did not find a field named `active_clone` in structure `CustomDataLayer`
Warn,  T5284: BlendDNA: Did not find a field named `active_mask` in structure `CustomDataLayer`
Warn,  T5284: BlendDNA: Did not find a field named `uid` in structure `CustomDataLayer`
Warn,  T5284: <add reason>
Warn,  T5284: BlendDNA: Did not find a field named `active_clone` in structure `CustomDataLayer`
Warn,  T5284: BlendDNA: Did not find a field named `active_mask` in structure `CustomDataLayer`
Warn,  T5284: BlendDNA: Did not find a field named `uid` in structure `CustomDataLayer`
Warn,  T5284: <add reason>
Warn,  T5284: BlendDNA: Did not find a field named `active_clone` in structure `CustomDataLayer`
Warn,  T5284: BlendDNA: Did not find a field named `active_mask` in structure `CustomDataLayer`
Warn,  T5284: BlendDNA: Did not find a field named `uid` in structure `CustomDataLayer`
Warn,  T5284: <add reason>
Warn,  T5284: BlendDNA: Did not find a field named `typemap` in structure `CustomData`
Warn,  T5284: BlendDNA: Did not find a field named `active_clone` in structure `CustomDataLayer`
Warn,  T5284: BlendDNA: Did not find a field named `active_mask` in structure `CustomDataLayer`
Warn,  T5284: BlendDNA: Did not find a field named `uid` in structure `CustomDataLayer`
Warn,  T5284: <add reason>
Warn,  T5284: BlendDNA: Did not find a field named `active_clone` in structure `CustomDataLayer`
Warn,  T5284: BlendDNA: Did not find a field named `active_mask` in structure `CustomDataLayer`
Warn,  T5284: BlendDNA: Did not find a field named `uid` in structure `CustomDataLayer`
Warn,  T5284: <add reason>
Warn,  T5284: BlendDNA: Did not find a field named `active_clone` in structure `CustomDataLayer`
Warn,  T5284: BlendDNA: Did not find a field named `active_mask` in structure `CustomDataLayer`
Warn,  T5284: BlendDNA: Did not find a field named `uid` in structure `CustomDataLayer`
Warn,  T5284: <add reason>
Warn,  T5284: BlendDNA: Did not find a field named `active_clone` in structure `CustomDataLayer`
Warn,  T5284: BlendDNA: Did not find a field named `active_mask` in structure `CustomDataLayer`
Warn,  T5284: BlendDNA: Did not find a field named `uid` in structure `CustomDataLayer`
Warn,  T5284: <add reason>
Warn,  T5284: BlendDNA: Did not find a field named `active_clone` in structure `CustomDataLayer`
Warn,  T5284: BlendDNA: Did not find a field named `active_mask` in structure `CustomDataLayer`
Warn,  T5284: BlendDNA: Did not find a field named `uid` in structure `CustomDataLayer`
Warn,  T5284: <add reason>
Warn,  T5284: BlendDNA: Did not find a field named `typemap` in structure `CustomData`
Warn,  T5284: BlendDNA: Did not find a field named `active_clone` in structure `CustomDataLayer`
Warn,  T5284: BlendDNA: Did not find a field named `active_mask` in structure `CustomDataLayer`
Warn,  T5284: BlendDNA: Did not find a field named `uid` in structure `CustomDataLayer`
Warn,  T5284: <add reason>
Warn,  T5284: BlendDNA: Did not find a field named `active_clone` in structure `CustomDataLayer`
Warn,  T5284: BlendDNA: Did not find a field named `active_mask` in structure `CustomDataLayer`
Warn,  T5284: BlendDNA: Did not find a field named `uid` in structure `CustomDataLayer`
Warn,  T5284: <add reason>
Warn,  T5284: BlendDNA: Did not find a field named `active_clone` in structure `CustomDataLayer`
Warn,  T5284: BlendDNA: Did not find a field named `active_mask` in structure `CustomDataLayer`
Warn,  T5284: BlendDNA: Did not find a field named `uid` in structure `CustomDataLayer`
Warn,  T5284: <add reason>
Warn,  T5284: BlendDNA: Did not find a field named `active_clone` in structure `CustomDataLayer`
Warn,  T5284: BlendDNA: Did not find a field named `active_mask` in structure `CustomDataLayer`
Warn,  T5284: BlendDNA: Did not find a field named `uid` in structure `CustomDataLayer`
Warn,  T5284: <add reason>
Warn,  T5284: BlendDNA: Did not find a field named `active_clone` in structure `CustomDataLayer`
Warn,  T5284: BlendDNA: Did not find a field named `active_mask` in structure `CustomDataLayer`
Warn,  T5284: BlendDNA: Did not find a field named `uid` in structure `CustomDataLayer`
Warn,  T5284: <add reason>
Warn,  T5284: BlendDNA: Did not find a field named `pdata` in structure `Mesh`
Warn,  T5284: BlendDNA: Did not find a field named `ldata` in structure `Mesh`
Warn,  T5284: <add reason>
Warn,  T5284: BlendDNA: Did not find a field named `totloop` in structure `Mesh`
Warn,  T5284: BlendDNA: Did not find a field named `totpoly` in structure `Mesh`
Warn,  T5284: BlendDNA: Did not find a field named `*mloop` in structure `Mesh`
Warn,  T5284: BlendDNA: Did not find a field named `*mloopuv` in structure `Mesh`
Warn,  T5284: BlendDNA: Did not find a field named `*mloopcol` in structure `Mesh`
Warn,  T5284: BlendDNA: Did not find a field named `*mpoly` in structure `Mesh`
Warn,  T5284: BlendDNA: Did not find a field named `*mtpoly` in structure `Mesh`
Warn,  T5284: <add reason>
Warn,  T5284: BlendDNA: Did not find a field named `rot` in structure `MTex`
Warn,  T5284: BlendDNA: Did not find a field named `colspecfac` in structure `MTex`
Warn,  T5284: BlendDNA: Did not find a field named `mirrfac` in structure `MTex`
Warn,  T5284: BlendDNA: Did not find a field named `alphafac` in structure `MTex`
Warn,  T5284: BlendDNA: Did not find a field named `difffac` in structure `MTex`
Warn,  T5284: BlendDNA: Did not find a field named `specfac` in structure `MTex`
Warn,  T5284: BlendDNA: Did not find a field named `emitfac` in structure `MTex`
Warn,  T5284: BlendDNA: Did not find a field named `hardfac` in structure `MTex`
Warn,  T5284: BlendDNA: Did not find a field named `material_type` in structure `Material`
Warn,  T5284: BlendDNA: Did not find a field named `pr_texture` in structure `Material`
Warn,  T5284: BlendDNA: Did not find a field named `shadowonly_flag` in structure `Material`
Warn,  T5284: BlendDNA: Did not find a field named `index` in structure `Material`
Warn,  T5284: BlendDNA: Did not find a field named `vcol_alpha` in structure `Material`
Warn,  T5284: BlendDNA: Did not find a field named `typemap` in structure `CustomData`
Warn,  T5284: BlendDNA: Did not find a field named `active_clone` in structure `CustomDataLayer`
Warn,  T5284: BlendDNA: Did not find a field named `active_mask` in structure `CustomDataLayer`
Warn,  T5284: BlendDNA: Did not find a field named `uid` in structure `CustomDataLayer`
Warn,  T5284: <add reason>
Warn,  T5284: BlendDNA: Did not find a field named `active_clone` in structure `CustomDataLayer`
Warn,  T5284: BlendDNA: Did not find a field named `active_mask` in structure `CustomDataLayer`
Warn,  T5284: BlendDNA: Did not find a field named `uid` in structure `CustomDataLayer`
Warn,  T5284: <add reason>
Warn,  T5284: BlendDNA: Did not find a field named `active_clone` in structure `CustomDataLayer`
Warn,  T5284: BlendDNA: Did not find a field named `active_mask` in structure `CustomDataLayer`
Warn,  T5284: BlendDNA: Did not find a field named `uid` in structure `CustomDataLayer`
Warn,  T5284: <add reason>
Warn,  T5284: BlendDNA: Did not find a field named `active_clone` in structure `CustomDataLayer`
Warn,  T5284: BlendDNA: Did not find a field named `active_mask` in structure `CustomDataLayer`
Warn,  T5284: BlendDNA: Did not find a field named `uid` in structure `CustomDataLayer`
Warn,  T5284: <add reason>
Warn,  T5284: BlendDNA: Did not find a field named `active_clone` in structure `CustomDataLayer`
Warn,  T5284: BlendDNA: Did not find a field named `active_mask` in structure `CustomDataLayer`
Warn,  T5284: BlendDNA: Did not find a field named `uid` in structure `CustomDataLayer`
Warn,  T5284: <add reason>
Warn,  T5284: BlendDNA: Did not find a field named `typemap` in structure `CustomData`
Warn,  T5284: BlendDNA: Did not find a field named `active_clone` in structure `CustomDataLayer`
Warn,  T5284: BlendDNA: Did not find a field named `active_mask` in structure `CustomDataLayer`
Warn,  T5284: BlendDNA: Did not find a field named `uid` in structure `CustomDataLayer`
Warn,  T5284: <add reason>
Warn,  T5284: BlendDNA: Did not find a field named `active_clone` in structure `CustomDataLayer`
Warn,  T5284: BlendDNA: Did not find a field named `active_mask` in structure `CustomDataLayer`
Warn,  T5284: BlendDNA: Did not find a field named `uid` in structure `CustomDataLayer`
Warn,  T5284: <add reason>
Warn,  T5284: BlendDNA: Did not find a field named `active_clone` in structure `CustomDataLayer`
Warn,  T5284: BlendDNA: Did not find a field named `active_mask` in structure `CustomDataLayer`
Warn,  T5284: BlendDNA: Did not find a field named `uid` in structure `CustomDataLayer`
Warn,  T5284: <add reason>
Warn,  T5284: BlendDNA: Did not find a field named `active_clone` in structure `CustomDataLayer`
Warn,  T5284: BlendDNA: Did not find a field named `active_mask` in structure `CustomDataLayer`
Warn,  T5284: BlendDNA: Did not find a field named `uid` in structure `CustomDataLayer`
Warn,  T5284: <add reason>
Warn,  T5284: BlendDNA: Did not find a field named `active_clone` in structure `CustomDataLayer`
Warn,  T5284: BlendDNA: Did not find a field named `active_mask` in structure `CustomDataLayer`
Warn,  T5284: BlendDNA: Did not find a field named `uid` in structure `CustomDataLayer`
Warn,  T5284: <add reason>
Warn,  T5284: BlendDNA: Did not find a field named `typemap` in structure `CustomData`
Warn,  T5284: BlendDNA: Did not find a field named `active_clone` in structure `CustomDataLayer`
Warn,  T5284: BlendDNA: Did not find a field named `active_mask` in structure `CustomDataLayer`
Warn,  T5284: BlendDNA: Did not find a field named `uid` in structure `CustomDataLayer`
Warn,  T5284: <add reason>
Warn,  T5284: BlendDNA: Did not find a field named `active_clone` in structure `CustomDataLayer`
Warn,  T5284: BlendDNA: Did not find a field named `active_mask` in structure `CustomDataLayer`
Warn,  T5284: BlendDNA: Did not find a field named `uid` in structure `CustomDataLayer`
Warn,  T5284: <add reason>
Warn,  T5284: BlendDNA: Did not find a field named `active_clone` in structure `CustomDataLayer`
Warn,  T5284: BlendDNA: Did not find a field named `active_mask` in structure `CustomDataLayer`
Warn,  T5284: BlendDNA: Did not find a field named `uid` in structure `CustomDataLayer`
Warn,  T5284: <add reason>
Warn,  T5284: BlendDNA: Did not find a field named `active_clone` in structure `CustomDataLayer`
Warn,  T5284: BlendDNA: Did not find a field named `active_mask` in structure `CustomDataLayer`
Warn,  T5284: BlendDNA: Did not find a field named `uid` in structure `CustomDataLayer`
Warn,  T5284: <add reason>
Warn,  T5284: BlendDNA: Did not find a field named `active_clone` in structure `CustomDataLayer`
Warn,  T5284: BlendDNA: Did not find a field named `active_mask` in structure `CustomDataLayer`
Warn,  T5284: BlendDNA: Did not find a field named `uid` in structure `CustomDataLayer`
Warn,  T5284: <add reason>
Warn,  T5284: BlendDNA: Did not find a field named `pdata` in structure `Mesh`
Warn,  T5284: BlendDNA: Did not find a field named `ldata` in structure `Mesh`
Warn,  T5284: <add reason>
Warn,  T5284: BlendDNA: Did not find a field named `totloop` in structure `Mesh`
Warn,  T5284: BlendDNA: Did not find a field named `totpoly` in structure `Mesh`
Warn,  T5284: BlendDNA: Did not find a field named `*mloop` in structure `Mesh`
Warn,  T5284: BlendDNA: Did not find a field named `*mloopuv` in structure `Mesh`
Warn,  T5284: BlendDNA: Did not find a field named `*mloopcol` in structure `Mesh`
Warn,  T5284: BlendDNA: Did not find a field named `*mpoly` in structure `Mesh`
Warn,  T5284: BlendDNA: Did not find a field named `*mtpoly` in structure `Mesh`
Warn,  T5284: BlendDNA: Did not find a field named `typemap` in structure `CustomData`
Warn,  T5284: BlendDNA: Did not find a field named `active_clone` in structure `CustomDataLayer`
Warn,  T5284: BlendDNA: Did not find a field named `active_mask` in structure `CustomDataLayer`
Warn,  T5284: BlendDNA: Did not find a field named `uid` in structure `CustomDataLayer`
Warn,  T5284: <add reason>
Warn,  T5284: BlendDNA: Did not find a field named `active_clone` in structure `CustomDataLayer`
Warn,  T5284: BlendDNA: Did not find a field named `active_mask` in structure `CustomDataLayer`
Warn,  T5284: BlendDNA: Did not find a field named `uid` in structure `CustomDataLayer`
Warn,  T5284: <add reason>
Warn,  T5284: BlendDNA: Did not find a field named `active_clone` in structure `CustomDataLayer`
Warn,  T5284: BlendDNA: Did not find a field named `active_mask` in structure `CustomDataLayer`
Warn,  T5284: BlendDNA: Did not find a field named `uid` in structure `CustomDataLayer`
Warn,  T5284: <add reason>
Warn,  T5284: BlendDNA: Did not find a field named `active_clone` in structure `CustomDataLayer`
Warn,  T5284: BlendDNA: Did not find a field named `active_mask` in structure `CustomDataLayer`
Warn,  T5284: BlendDNA: Did not find a field named `uid` in structure `CustomDataLayer`
Warn,  T5284: <add reason>
Warn,  T5284: BlendDNA: Did not find a field named `active_clone` in structure `CustomDataLayer`
Warn,  T5284: BlendDNA: Did not find a field named `active_mask` in structure `CustomDataLayer`
Warn,  T5284: BlendDNA: Did not find a field named `uid` in structure `CustomDataLayer`
Warn,  T5284: <add reason>
Warn,  T5284: BlendDNA: Did not find a field named `typemap` in structure `CustomData`
Warn,  T5284: BlendDNA: Did not find a field named `active_clone` in structure `CustomDataLayer`
Warn,  T5284: BlendDNA: Did not find a field named `active_mask` in structure `CustomDataLayer`
Warn,  T5284: BlendDNA: Did not find a field named `uid` in structure `CustomDataLayer`
Warn,  T5284: <add reason>
Warn,  T5284: BlendDNA: Did not find a field named `active_clone` in structure `CustomDataLayer`
Warn,  T5284: BlendDNA: Did not find a field named `active_mask` in structure `CustomDataLayer`
Warn,  T5284: BlendDNA: Did not find a field named `uid` in structure `CustomDataLayer`
Warn,  T5284: <add reason>
Warn,  T5284: BlendDNA: Did not find a field named `active_clone` in structure `CustomDataLayer`
Warn,  T5284: BlendDNA: Did not find a field named `active_mask` in structure `CustomDataLayer`
Warn,  T5284: BlendDNA: Did not find a field named `uid` in structure `CustomDataLayer`
Warn,  T5284: <add reason>
Warn,  T5284: BlendDNA: Did not find a field named `active_clone` in structure `CustomDataLayer`
Warn,  T5284: BlendDNA: Did not find a field named `active_mask` in structure `CustomDataLayer`
Warn,  T5284: BlendDNA: Did not find a field named `uid` in structure `CustomDataLayer`
Warn,  T5284: <add reason>
Warn,  T5284: BlendDNA: Did not find a field named `active_clone` in structure `CustomDataLayer`
Warn,  T5284: BlendDNA: Did not find a field named `active_mask` in structure `CustomDataLayer`
Warn,  T5284: BlendDNA: Did not find a field named `uid` in structure `CustomDataLayer`
Warn,  T5284: <add reason>
Warn,  T5284: BlendDNA: Did not find a field named `typemap` in structure `CustomData`
Warn,  T5284: BlendDNA: Did not find a field named `active_clone` in structure `CustomDataLayer`
Warn,  T5284: BlendDNA: Did not find a field named `active_mask` in structure `CustomDataLayer`
Warn,  T5284: BlendDNA: Did not find a field named `uid` in structure `CustomDataLayer`
Warn,  T5284: <add reason>
Warn,  T5284: BlendDNA: Did not find a field named `active_clone` in structure `CustomDataLayer`
Warn,  T5284: BlendDNA: Did not find a field named `active_mask` in structure `CustomDataLayer`
Warn,  T5284: BlendDNA: Did not find a field named `uid` in structure `CustomDataLayer`
Warn,  T5284: <add reason>
Warn,  T5284: BlendDNA: Did not find a field named `active_clone` in structure `CustomDataLayer`
Warn,  T5284: BlendDNA: Did not find a field named `active_mask` in structure `CustomDataLayer`
Warn,  T5284: BlendDNA: Did not find a field named `uid` in structure `CustomDataLayer`
Warn,  T5284: <add reason>
Warn,  T5284: BlendDNA: Did not find a field named `active_clone` in structure `CustomDataLayer`
Warn,  T5284: BlendDNA: Did not find a field named `active_mask` in structure `CustomDataLayer`
Warn,  T5284: BlendDNA: Did not find a field named `uid` in structure `CustomDataLayer`
Warn,  T5284: <add reason>
Warn,  T5284: BlendDNA: Did not find a field named `active_clone` in structure `CustomDataLayer`
Warn,  T5284: BlendDNA: Did not find a field named `active_mask` in structure `CustomDataLayer`
Warn,  T5284: BlendDNA: Did not find a field named `uid` in structure `CustomDataLayer`
Warn,  T5284: <add reason>
Warn,  T5284: BlendDNA: Did not find a field named `pdata` in structure `Mesh`
Warn,  T5284: BlendDNA: Did not find a field named `ldata` in structure `Mesh`
Warn,  T5284: <add reason>
Warn,  T5284: BlendDNA: Did not find a field named `totloop` in structure `Mesh`
Warn,  T5284: BlendDNA: Did not find a field named `totpoly` in structure `Mesh`
Warn,  T5284: BlendDNA: Did not find a field named `*mloop` in structure `Mesh`
Warn,  T5284: BlendDNA: Did not find a field named `*mloopuv` in structure `Mesh`
Warn,  T5284: BlendDNA: Did not find a field named `*mloopcol` in structure `Mesh`
Warn,  T5284: BlendDNA: Did not find a field named `*mpoly` in structure `Mesh`
Warn,  T5284: BlendDNA: Did not find a field named `*mtpoly` in structure `Mesh`
Warn,  T5284: BlendDNA: Did not find a field named `typemap` in structure `CustomData`
Warn,  T5284: BlendDNA: Did not find a field named `active_clone` in structure `CustomDataLayer`
Warn,  T5284: BlendDNA: Did not find a field named `active_mask` in structure `CustomDataLayer`
Warn,  T5284: BlendDNA: Did not find a field named `uid` in structure `CustomDataLayer`
Warn,  T5284: <add reason>
Warn,  T5284: BlendDNA: Did not find a field named `active_clone` in structure `CustomDataLayer`
Warn,  T5284: BlendDNA: Did not find a field named `active_mask` in structure `CustomDataLayer`
Warn,  T5284: BlendDNA: Did not find a field named `uid` in structure `CustomDataLayer`
Warn,  T5284: <add reason>
Warn,  T5284: BlendDNA: Did not find a field named `active_clone` in structure `CustomDataLayer`
Warn,  T5284: BlendDNA: Did not find a field named `active_mask` in structure `CustomDataLayer`
Warn,  T5284: BlendDNA: Did not find a field named `uid` in structure `CustomDataLayer`
Warn,  T5284: <add reason>
Warn,  T5284: BlendDNA: Did not find a field named `active_clone` in structure `CustomDataLayer`
Warn,  T5284: BlendDNA: Did not find a field named `active_mask` in structure `CustomDataLayer`
Warn,  T5284: BlendDNA: Did not find a field named `uid` in structure `CustomDataLayer`
Warn,  T5284: <add reason>
Warn,  T5284: BlendDNA: Did not find a field named `active_clone` in structure `CustomDataLayer`
Warn,  T5284: BlendDNA: Did not find a field named `active_mask` in structure `CustomDataLayer`
Warn,  T5284: BlendDNA: Did not find a field named `uid` in structure `CustomDataLayer`
Warn,  T5284: <add reason>
Warn,  T5284: BlendDNA: Did not find a field named `typemap` in structure `CustomData`
Warn,  T5284: BlendDNA: Did not find a field named `active_clone` in structure `CustomDataLayer`
Warn,  T5284: BlendDNA: Did not find a field named `active_mask` in structure `CustomDataLayer`
Warn,  T5284: BlendDNA: Did not find a field named `uid` in structure `CustomDataLayer`
Warn,  T5284: <add reason>
Warn,  T5284: BlendDNA: Did not find a field named `active_clone` in structure `CustomDataLayer`
Warn,  T5284: BlendDNA: Did not find a field named `active_mask` in structure `CustomDataLayer`
Warn,  T5284: BlendDNA: Did not find a field named `uid` in structure `CustomDataLayer`
Warn,  T5284: <add reason>
Warn,  T5284: BlendDNA: Did not find a field named `active_clone` in structure `CustomDataLayer`
Warn,  T5284: BlendDNA: Did not find a field named `active_mask` in structure `CustomDataLayer`
Warn,  T5284: BlendDNA: Did not find a field named `uid` in structure `CustomDataLayer`
Warn,  T5284: <add reason>
Warn,  T5284: BlendDNA: Did not find a field named `active_clone` in structure `CustomDataLayer`
Warn,  T5284: BlendDNA: Did not find a field named `active_mask` in structure `CustomDataLayer`
Warn,  T5284: BlendDNA: Did not find a field named `uid` in structure `CustomDataLayer`
Warn,  T5284: <add reason>
Warn,  T5284: BlendDNA: Did not find a field named `active_clone` in structure `CustomDataLayer`
Warn,  T5284: BlendDNA: Did not find a field named `active_mask` in structure `CustomDataLayer`
Warn,  T5284: BlendDNA: Did not find a field named `uid` in structure `CustomDataLayer`
Warn,  T5284: <add reason>
Warn,  T5284: BlendDNA: Did not find a field named `typemap` in structure `CustomData`
Warn,  T5284: BlendDNA: Did not find a field named `active_clone` in structure `CustomDataLayer`
Warn,  T5284: BlendDNA: Did not find a field named `active_mask` in structure `CustomDataLayer`
Warn,  T5284: BlendDNA: Did not find a field named `uid` in structure `CustomDataLayer`
Warn,  T5284: <add reason>
Warn,  T5284: BlendDNA: Did not find a field named `active_clone` in structure `CustomDataLayer`
Warn,  T5284: BlendDNA: Did not find a field named `active_mask` in structure `CustomDataLayer`
Warn,  T5284: BlendDNA: Did not find a field named `uid` in structure `CustomDataLayer`
Warn,  T5284: <add reason>
Warn,  T5284: BlendDNA: Did not find a field named `active_clone` in structure `CustomDataLayer`
Warn,  T5284: BlendDNA: Did not find a field named `active_mask` in structure `CustomDataLayer`
Warn,  T5284: BlendDNA: Did not find a field named `uid` in structure `CustomDataLayer`
Warn,  T5284: <add reason>
Warn,  T5284: BlendDNA: Did not find a field named `active_clone` in structure `CustomDataLayer`
Warn,  T5284: BlendDNA: Did not find a field named `active_mask` in structure `CustomDataLayer`
Warn,  T5284: BlendDNA: Did not find a field named `uid` in structure `CustomDataLayer`
Warn,  T5284: <add reason>
Warn,  T5284: BlendDNA: Did not find a field named `active_clone` in structure `CustomDataLayer`
Warn,  T5284: BlendDNA: Did not find a field named `active_mask` in structure `CustomDataLayer`
Warn,  T5284: BlendDNA: Did not find a field named `uid` in structure `CustomDataLayer`
Warn,  T5284: <add reason>
Warn,  T5284: BlendDNA: Did not find a field named `pdata` in structure `Mesh`
Warn,  T5284: BlendDNA: Did not find a field named `ldata` in structure `Mesh`
Warn,  T5284: <add reason>
Warn,  T5284: BlendDNA: Did not find a field named `totloop` in structure `Mesh`
Warn,  T5284: BlendDNA: Did not find a field named `totpoly` in structure `Mesh`
Warn,  T5284: BlendDNA: Did not find a field named `*mloop` in structure `Mesh`
Warn,  T5284: BlendDNA: Did not find a field named `*mloopuv` in structure `Mesh`
Warn,  T5284: BlendDNA: Did not find a field named `*mloopcol` in structure `Mesh`
Warn,  T5284: BlendDNA: Did not find a field named `*mpoly` in structure `Mesh`
Warn,  T5284: BlendDNA: Did not find a field named `*mtpoly` in structure `Mesh`
Warn,  T5284: BlendDNA: Did not find a field named `typemap` in structure `CustomData`
Warn,  T5284: BlendDNA: Did not find a field named `active_clone` in structure `CustomDataLayer`
Warn,  T5284: BlendDNA: Did not find a field named `active_mask` in structure `CustomDataLayer`
Warn,  T5284: BlendDNA: Did not find a field named `uid` in structure `CustomDataLayer`
Warn,  T5284: <add reason>
Warn,  T5284: BlendDNA: Did not find a field named `active_clone` in structure `CustomDataLayer`
Warn,  T5284: BlendDNA: Did not find a field named `active_mask` in structure `CustomDataLayer`
Warn,  T5284: BlendDNA: Did not find a field named `uid` in structure `CustomDataLayer`
Warn,  T5284: <add reason>
Warn,  T5284: BlendDNA: Did not find a field named `active_clone` in structure `CustomDataLayer`
Warn,  T5284: BlendDNA: Did not find a field named `active_mask` in structure `CustomDataLayer`
Warn,  T5284: BlendDNA: Did not find a field named `uid` in structure `CustomDataLayer`
Warn,  T5284: <add reason>
Warn,  T5284: BlendDNA: Did not find a field named `active_clone` in structure `CustomDataLayer`
Warn,  T5284: BlendDNA: Did not find a field named `active_mask` in structure `CustomDataLayer`
Warn,  T5284: BlendDNA: Did not find a field named `uid` in structure `CustomDataLayer`
Warn,  T5284: <add reason>
Warn,  T5284: BlendDNA: Did not find a field named `active_clone` in structure `CustomDataLayer`
Warn,  T5284: BlendDNA: Did not find a field named `active_mask` in structure `CustomDataLayer`
Warn,  T5284: BlendDNA: Did not find a field named `uid` in structure `CustomDataLayer`
Warn,  T5284: <add reason>
Warn,  T5284: BlendDNA: Did not find a field named `typemap` in structure `CustomData`
Warn,  T5284: BlendDNA: Did not find a field named `active_clone` in structure `CustomDataLayer`
Warn,  T5284: BlendDNA: Did not find a field named `active_mask` in structure `CustomDataLayer`
Warn,  T5284: BlendDNA: Did not find a field named `uid` in structure `CustomDataLayer`
Warn,  T5284: <add reason>
Warn,  T5284: BlendDNA: Did not find a field named `active_clone` in structure `CustomDataLayer`
Warn,  T5284: BlendDNA: Did not find a field named `active_mask` in structure `CustomDataLayer`
Warn,  T5284: BlendDNA: Did not find a field named `uid` in structure `CustomDataLayer`
Warn,  T5284: <add reason>
Warn,  T5284: BlendDNA: Did not find a field named `active_clone` in structure `CustomDataLayer`
Warn,  T5284: BlendDNA: Did not find a field named `active_mask` in structure `CustomDataLayer`
Warn,  T5284: BlendDNA: Did not find a field named `uid` in structure `CustomDataLayer`
Warn,  T5284: <add reason>
Warn,  T5284: BlendDNA: Did not find a field named `active_clone` in structure `CustomDataLayer`
Warn,  T5284: BlendDNA: Did not find a field named `active_mask` in structure `CustomDataLayer`
Warn,  T5284: BlendDNA: Did not find a field named `uid` in structure `CustomDataLayer`
Warn,  T5284: <add reason>
Warn,  T5284: BlendDNA: Did not find a field named `active_clone` in structure `CustomDataLayer`
Warn,  T5284: BlendDNA: Did not find a field named `active_mask` in structure `CustomDataLayer`
Warn,  T5284: BlendDNA: Did not find a field named `uid` in structure `CustomDataLayer`
Warn,  T5284: <add reason>
Warn,  T5284: BlendDNA: Did not find a field named `typemap` in structure `CustomData`
Warn,  T5284: BlendDNA: Did not find a field named `active_clone` in structure `CustomDataLayer`
Warn,  T5284: BlendDNA: Did not find a field named `active_mask` in structure `CustomDataLayer`
Warn,  T5284: BlendDNA: Did not find a field named `uid` in structure `CustomDataLayer`
Warn,  T5284: <add reason>
Warn,  T5284: BlendDNA: Did not find a field named `active_clone` in structure `CustomDataLayer`
Warn,  T5284: BlendDNA: Did not find a field named `active_mask` in structure `CustomDataLayer`
Warn,  T5284: BlendDNA: Did not find a field named `uid` in structure `CustomDataLayer`
Warn,  T5284: <add reason>
Warn,  T5284: BlendDNA: Did not find a field named `active_clone` in structure `CustomDataLayer`
Warn,  T5284: BlendDNA: Did not find a field named `active_mask` in structure `CustomDataLayer`
Warn,  T5284: BlendDNA: Did not find a field named `uid` in structure `CustomDataLayer`
Warn,  T5284: <add reason>
Warn,  T5284: BlendDNA: Did not find a field named `active_clone` in structure `CustomDataLayer`
Warn,  T5284: BlendDNA: Did not find a field named `active_mask` in structure `CustomDataLayer`
Warn,  T5284: BlendDNA: Did not find a field named `uid` in structure `CustomDataLayer`
Warn,  T5284: <add reason>
Warn,  T5284: BlendDNA: Did not find a field named `active_clone` in structure `CustomDataLayer`
Warn,  T5284: BlendDNA: Did not find a field named `active_mask` in structure `CustomDataLayer`
Warn,  T5284: BlendDNA: Did not find a field named `uid` in structure `CustomDataLayer`
Warn,  T5284: <add reason>
Warn,  T5284: BlendDNA: Did not find a field named `pdata` in structure `Mesh`
Warn,  T5284: BlendDNA: Did not find a field named `ldata` in structure `Mesh`
Warn,  T5284: <add reason>
Warn,  T5284: BlendDNA: Did not find a field named `totloop` in structure `Mesh`
Warn,  T5284: BlendDNA: Did not find a field named `totpoly` in structure `Mesh`
Warn,  T5284: BlendDNA: Did not find a field named `*mloop` in structure `Mesh`
Warn,  T5284: BlendDNA: Did not find a field named `*mloopuv` in structure `Mesh`
Warn,  T5284: BlendDNA: Did not find a field named `*mloopcol` in structure `Mesh`
Warn,  T5284: BlendDNA: Did not find a field named `*mpoly` in structure `Mesh`
Warn,  T5284: BlendDNA: Did not find a field named `*mtpoly` in structure `Mesh`
Warn,  T5284: BlendDNA: Did not find a field named `typemap` in structure `CustomData`
Warn,  T5284: BlendDNA: Did not find a field named `active_clone` in structure `CustomDataLayer`
Warn,  T5284: BlendDNA: Did not find a field named `active_mask` in structure `CustomDataLayer`
Warn,  T5284: BlendDNA: Did not find a field named `uid` in structure `CustomDataLayer`
Warn,  T5284: <add reason>
Warn,  T5284: BlendDNA: Did not find a field named `active_clone` in structure `CustomDataLayer`
Warn,  T5284: BlendDNA: Did not find a field named `active_mask` in structure `CustomDataLayer`
Warn,  T5284: BlendDNA: Did not find a field named `uid` in structure `CustomDataLayer`
Warn,  T5284: <add reason>
Warn,  T5284: BlendDNA: Did not find a field named `active_clone` in structure `CustomDataLayer`
Warn,  T5284: BlendDNA: Did not find a field named `active_mask` in structure `CustomDataLayer`
Warn,  T5284: BlendDNA: Did not find a field named `uid` in structure `CustomDataLayer`
Warn,  T5284: <add reason>
Warn,  T5284: BlendDNA: Did not find a field named `active_clone` in structure `CustomDataLayer`
Warn,  T5284: BlendDNA: Did not find a field named `active_mask` in structure `CustomDataLayer`
Warn,  T5284: BlendDNA: Did not find a field named `uid` in structure `CustomDataLayer`
Warn,  T5284: <add reason>
Warn,  T5284: BlendDNA: Did not find a field named `active_clone` in structure `CustomDataLayer`
Warn,  T5284: BlendDNA: Did not find a field named `active_mask` in structure `CustomDataLayer`
Warn,  T5284: BlendDNA: Did not find a field named `uid` in structure `CustomDataLayer`
Warn,  T5284: <add reason>
Warn,  T5284: BlendDNA: Did not find a field named `typemap` in structure `CustomData`
Warn,  T5284: BlendDNA: Did not find a field named `active_clone` in structure `CustomDataLayer`
Warn,  T5284: BlendDNA: Did not find a field named `active_mask` in structure `CustomDataLayer`
Warn,  T5284: BlendDNA: Did not find a field named `uid` in structure `CustomDataLayer`
Warn,  T5284: <add reason>
Warn,  T5284: BlendDNA: Did not find a field named `active_clone` in structure `CustomDataLayer`
Warn,  T5284: BlendDNA: Did not find a field named `active_mask` in structure `CustomDataLayer`
Warn,  T5284: BlendDNA: Did not find a field named `uid` in structure `CustomDataLayer`
Warn,  T5284: <add reason>
Warn,  T5284: BlendDNA: Did not find a field named `active_clone` in structure `CustomDataLayer`
Warn,  T5284: BlendDNA: Did not find a field named `active_mask` in structure `CustomDataLayer`
Warn,  T5284: BlendDNA: Did not find a field named `uid` in structure `CustomDataLayer`
Warn,  T5284: <add reason>
Warn,  T5284: BlendDNA: Did not find a field named `active_clone` in structure `CustomDataLayer`
Warn,  T5284: BlendDNA: Did not find a field named `active_mask` in structure `CustomDataLayer`
Warn,  T5284: BlendDNA: Did not find a field named `uid` in structure `CustomDataLayer`
Warn,  T5284: <add reason>
Warn,  T5284: BlendDNA: Did not find a field named `active_clone` in structure `CustomDataLayer`
Warn,  T5284: BlendDNA: Did not find a field named `active_mask` in structure `CustomDataLayer`
Warn,  T5284: BlendDNA: Did not find a field named `uid` in structure `CustomDataLayer`
Warn,  T5284: <add reason>
Warn,  T5284: BlendDNA: Did not find a field named `typemap` in structure `CustomData`
Warn,  T5284: BlendDNA: Did not find a field named `active_clone` in structure `CustomDataLayer`
Warn,  T5284: BlendDNA: Did not find a field named `active_mask` in structure `CustomDataLayer`
Warn,  T5284: BlendDNA: Did not find a field named `uid` in structure `CustomDataLayer`
Warn,  T5284: <add reason>
Warn,  T5284: BlendDNA: Did not find a field named `active_clone` in structure `CustomDataLayer`
Warn,  T5284: BlendDNA: Did not find a field named `active_mask` in structure `CustomDataLayer`
Warn,  T5284: BlendDNA: Did not find a field named `uid` in structure `CustomDataLayer`
Warn,  T5284: <add reason>
Warn,  T5284: BlendDNA: Did not find a field named `active_clone` in structure `CustomDataLayer`
Warn,  T5284: BlendDNA: Did not find a field named `active_mask` in structure `CustomDataLayer`
Warn,  T5284: BlendDNA: Did not find a field named `uid` in structure `CustomDataLayer`
Warn,  T5284: <add reason>
Warn,  T5284: BlendDNA: Did not find a field named `active_clone` in structure `CustomDataLayer`
Warn,  T5284: BlendDNA: Did not find a field named `active_mask` in structure `CustomDataLayer`
Warn,  T5284: BlendDNA: Did not find a field named `uid` in structure `CustomDataLayer`
Warn,  T5284: <add reason>
Warn,  T5284: BlendDNA: Did not find a field named `active_clone` in structure `CustomDataLayer`
Warn,  T5284: BlendDNA: Did not find a field named `active_mask` in structure `CustomDataLayer`
Warn,  T5284: BlendDNA: Did not find a field named `uid` in structure `CustomDataLayer`
Warn,  T5284: <add reason>
Warn,  T5284: BlendDNA: Did not find a field named `pdata` in structure `Mesh`
Warn,  T5284: BlendDNA: Did not find a field named `ldata` in structure `Mesh`
Warn,  T5284: <add reason>
Warn,  T5284: BlendDNA: Did not find a field named `totloop` in structure `Mesh`
Warn,  T5284: BlendDNA: Did not find a field named `totpoly` in structure `Mesh`
Warn,  T5284: BlendDNA: Did not find a field named `*mloop` in structure `Mesh`
Warn,  T5284: BlendDNA: Did not find a field named `*mloopuv` in structure `Mesh`
Warn,  T5284: BlendDNA: Did not find a field named `*mloopcol` in structure `Mesh`
Warn,  T5284: BlendDNA: Did not find a field named `*mpoly` in structure `Mesh`
Warn,  T5284: BlendDNA: Did not find a field named `*mtpoly` in structure `Mesh`
Warn,  T5284: BlendDNA: Did not find a field named `typemap` in structure `CustomData`
Warn,  T5284: BlendDNA: Did not find a field named `active_clone` in structure `CustomDataLayer`
Warn,  T5284: BlendDNA: Did not find a field named `active_mask` in structure `CustomDataLayer`
Warn,  T5284: BlendDNA: Did not find a field named `uid` in structure `CustomDataLayer`
Warn,  T5284: <add reason>
Warn,  T5284: BlendDNA: Did not find a field named `active_clone` in structure `CustomDataLayer`
Warn,  T5284: BlendDNA: Did not find a field named `active_mask` in structure `CustomDataLayer`
Warn,  T5284: BlendDNA: Did not find a field named `uid` in structure `CustomDataLayer`
Warn,  T5284: <add reason>
Warn,  T5284: BlendDNA: Did not find a field named `active_clone` in structure `CustomDataLayer`
Warn,  T5284: BlendDNA: Did not find a field named `active_mask` in structure `CustomDataLayer`
Warn,  T5284: BlendDNA: Did not find a field named `uid` in structure `CustomDataLayer`
Warn,  T5284: <add reason>
Warn,  T5284: BlendDNA: Did not find a field named `active_clone` in structure `CustomDataLayer`
Warn,  T5284: BlendDNA: Did not find a field named `active_mask` in structure `CustomDataLayer`
Warn,  T5284: BlendDNA: Did not find a field named `uid` in structure `CustomDataLayer`
Warn,  T5284: <add reason>
Warn,  T5284: BlendDNA: Did not find a field named `active_clone` in structure `CustomDataLayer`
Warn,  T5284: BlendDNA: Did not find a field named `active_mask` in structure `CustomDataLayer`
Warn,  T5284: BlendDNA: Did not find a field named `uid` in structure `CustomDataLayer`
Warn,  T5284: <add reason>
Warn,  T5284: BlendDNA: Did not find a field named `typemap` in structure `CustomData`
Warn,  T5284: BlendDNA: Did not find a field named `active_clone` in structure `CustomDataLayer`
Warn,  T5284: BlendDNA: Did not find a field named `active_mask` in structure `CustomDataLayer`
Warn,  T5284: BlendDNA: Did not find a field named `uid` in structure `CustomDataLayer`
Warn,  T5284: <add reason>
Warn,  T5284: BlendDNA: Did not find a field named `active_clone` in structure `CustomDataLayer`
Warn,  T5284: BlendDNA: Did not find a field named `active_mask` in structure `CustomDataLayer`
Warn,  T5284: BlendDNA: Did not find a field named `uid` in structure `CustomDataLayer`
Warn,  T5284: <add reason>
Warn,  T5284: BlendDNA: Did not find a field named `active_clone` in structure `CustomDataLayer`
Warn,  T5284: BlendDNA: Did not find a field named `active_mask` in structure `CustomDataLayer`
Warn,  T5284: BlendDNA: Did not find a field named `uid` in structure `CustomDataLayer`
Warn,  T5284: <add reason>
Warn,  T5284: BlendDNA: Did not find a field named `active_clone` in structure `CustomDataLayer`
Warn,  T5284: BlendDNA: Did not find a field named `active_mask` in structure `CustomDataLayer`
Warn,  T5284: BlendDNA: Did not find a field named `uid` in structure `CustomDataLayer`
Warn,  T5284: <add reason>
Warn,  T5284: BlendDNA: Did not find a field named `active_clone` in structure `CustomDataLayer`
Warn,  T5284: BlendDNA: Did not find a field named `active_mask` in structure `CustomDataLayer`
Warn,  T5284: BlendDNA: Did not find a field named `uid` in structure `CustomDataLayer`
Warn,  T5284: <add reason>
Warn,  T5284: BlendDNA: Did not find a field named `typemap` in structure `CustomData`
Warn,  T5284: BlendDNA: Did not find a field named `active_clone` in structure `CustomDataLayer`
Warn,  T5284: BlendDNA: Did not find a field named `active_mask` in structure `CustomDataLayer`
Warn,  T5284: BlendDNA: Did not find a field named `uid` in structure `CustomDataLayer`
Warn,  T5284: <add reason>
Warn,  T5284: BlendDNA: Did not find a field named `active_clone` in structure `CustomDataLayer`
Warn,  T5284: BlendDNA: Did not find a field named `active_mask` in structure `CustomDataLayer`
Warn,  T5284: BlendDNA: Did not find a field named `uid` in structure `CustomDataLayer`
Warn,  T5284: <add reason>
Warn,  T5284: BlendDNA: Did not find a field named `active_clone` in structure `CustomDataLayer`
Warn,  T5284: BlendDNA: Did not find a field named `active_mask` in structure `CustomDataLayer`
Warn,  T5284: BlendDNA: Did not find a field named `uid` in structure `CustomDataLayer`
Warn,  T5284: <add reason>
Warn,  T5284: BlendDNA: Did not find a field named `active_clone` in structure `CustomDataLayer`
Warn,  T5284: BlendDNA: Did not find a field named `active_mask` in structure `CustomDataLayer`
Warn,  T5284: BlendDNA: Did not find a field named `uid` in structure `CustomDataLayer`
Warn,  T5284: <add reason>
Warn,  T5284: BlendDNA: Did not find a field named `active_clone` in structure `CustomDataLayer`
Warn,  T5284: BlendDNA: Did not find a field named `active_mask` in structure `CustomDataLayer`
Warn,  T5284: BlendDNA: Did not find a field named `uid` in structure `CustomDataLayer`
Warn,  T5284: <add reason>
Warn,  T5284: BlendDNA: Did not find a field named `pdata` in structure `Mesh`
Warn,  T5284: BlendDNA: Did not find a field named `ldata` in structure `Mesh`
Warn,  T5284: <add reason>
Warn,  T5284: BlendDNA: Did not find a field named `totloop` in structure `Mesh`
Warn,  T5284: BlendDNA: Did not find a field named `totpoly` in structure `Mesh`
Warn,  T5284: BlendDNA: Did not find a field named `*mloop` in structure `Mesh`
Warn,  T5284: BlendDNA: Did not find a field named `*mloopuv` in structure `Mesh`
Warn,  T5284: BlendDNA: Did not find a field named `*mloopcol` in structure `Mesh`
Warn,  T5284: BlendDNA: Did not find a field named `*mpoly` in structure `Mesh`
Warn,  T5284: BlendDNA: Did not find a field named `*mtpoly` in structure `Mesh`
Warn,  T5284: BlendDNA: Did not find a field named `typemap` in structure `CustomData`
Warn,  T5284: BlendDNA: Did not find a field named `active_clone` in structure `CustomDataLayer`
Warn,  T5284: BlendDNA: Did not find a field named `active_mask` in structure `CustomDataLayer`
Warn,  T5284: BlendDNA: Did not find a field named `uid` in structure `CustomDataLayer`
Warn,  T5284: <add reason>
Warn,  T5284: BlendDNA: Did not find a field named `active_clone` in structure `CustomDataLayer`
Warn,  T5284: BlendDNA: Did not find a field named `active_mask` in structure `CustomDataLayer`
Warn,  T5284: BlendDNA: Did not find a field named `uid` in structure `CustomDataLayer`
Warn,  T5284: <add reason>
Warn,  T5284: BlendDNA: Did not find a field named `active_clone` in structure `CustomDataLayer`
Warn,  T5284: BlendDNA: Did not find a field named `active_mask` in structure `CustomDataLayer`
Warn,  T5284: BlendDNA: Did not find a field named `uid` in structure `CustomDataLayer`
Warn,  T5284: <add reason>
Warn,  T5284: BlendDNA: Did not find a field named `active_clone` in structure `CustomDataLayer`
Warn,  T5284: BlendDNA: Did not find a field named `active_mask` in structure `CustomDataLayer`
Warn,  T5284: BlendDNA: Did not find a field named `uid` in structure `CustomDataLayer`
Warn,  T5284: <add reason>
Warn,  T5284: BlendDNA: Did not find a field named `active_clone` in structure `CustomDataLayer`
Warn,  T5284: BlendDNA: Did not find a field named `active_mask` in structure `CustomDataLayer`
Warn,  T5284: BlendDNA: Did not find a field named `uid` in structure `CustomDataLayer`
Warn,  T5284: <add reason>
Warn,  T5284: BlendDNA: Did not find a field named `typemap` in structure `CustomData`
Warn,  T5284: BlendDNA: Did not find a field named `active_clone` in structure `CustomDataLayer`
Warn,  T5284: BlendDNA: Did not find a field named `active_mask` in structure `CustomDataLayer`
Warn,  T5284: BlendDNA: Did not find a field named `uid` in structure `CustomDataLayer`
Warn,  T5284: <add reason>
Warn,  T5284: BlendDNA: Did not find a field named `active_clone` in structure `CustomDataLayer`
Warn,  T5284: BlendDNA: Did not find a field named `active_mask` in structure `CustomDataLayer`
Warn,  T5284: BlendDNA: Did not find a field named `uid` in structure `CustomDataLayer`
Warn,  T5284: <add reason>
Warn,  T5284: BlendDNA: Did not find a field named `active_clone` in structure `CustomDataLayer`
Warn,  T5284: BlendDNA: Did not find a field named `active_mask` in structure `CustomDataLayer`
Warn,  T5284: BlendDNA: Did not find a field named `uid` in structure `CustomDataLayer`
Warn,  T5284: <add reason>
Warn,  T5284: BlendDNA: Did not find a field named `active_clone` in structure `CustomDataLayer`
Warn,  T5284: BlendDNA: Did not find a field named `active_mask` in structure `CustomDataLayer`
Warn,  T5284: BlendDNA: Did not find a field named `uid` in structure `CustomDataLayer`
Warn,  T5284: <add reason>
Warn,  T5284: BlendDNA: Did not find a field named `active_clone` in structure `CustomDataLayer`
Warn,  T5284: BlendDNA: Did not find a field named `active_mask` in structure `CustomDataLayer`
Warn,  T5284: BlendDNA: Did not find a field named `uid` in structure `CustomDataLayer`
Warn,  T5284: <add reason>
Warn,  T5284: BlendDNA: Did not find a field named `typemap` in structure `CustomData`
Warn,  T5284: BlendDNA: Did not find a field named `active_clone` in structure `CustomDataLayer`
Warn,  T5284: BlendDNA: Did not find a field named `active_mask` in structure `CustomDataLayer`
Warn,  T5284: BlendDNA: Did not find a field named `uid` in structure `CustomDataLayer`
Warn,  T5284: <add reason>
Warn,  T5284: BlendDNA: Did not find a field named `active_clone` in structure `CustomDataLayer`
Warn,  T5284: BlendDNA: Did not find a field named `active_mask` in structure `CustomDataLayer`
Warn,  T5284: BlendDNA: Did not find a field named `uid` in structure `CustomDataLayer`
Warn,  T5284: <add reason>
Warn,  T5284: BlendDNA: Did not find a field named `active_clone` in structure `CustomDataLayer`
Warn,  T5284: BlendDNA: Did not find a field named `active_mask` in structure `CustomDataLayer`
Warn,  T5284: BlendDNA: Did not find a field named `uid` in structure `CustomDataLayer`
Warn,  T5284: <add reason>
Warn,  T5284: BlendDNA: Did not find a field named `active_clone` in structure `CustomDataLayer`
Warn,  T5284: BlendDNA: Did not find a field named `active_mask` in structure `CustomDataLayer`
Warn,  T5284: BlendDNA: Did not find a field named `uid` in structure `CustomDataLayer`
Warn,  T5284: <add reason>
Warn,  T5284: BlendDNA: Did not find a field named `active_clone` in structure `CustomDataLayer`
Warn,  T5284: BlendDNA: Did not find a field named `active_mask` in structure `CustomDataLayer`
Warn,  T5284: BlendDNA: Did not find a field named `uid` in structure `CustomDataLayer`
Warn,  T5284: <add reason>
Warn,  T5284: BlendDNA: Did not find a field named `pdata` in structure `Mesh`
Warn,  T5284: BlendDNA: Did not find a field named `ldata` in structure `Mesh`
Warn,  T5284: <add reason>
Warn,  T5284: BlendDNA: Did not find a field named `totloop` in structure `Mesh`
Warn,  T5284: BlendDNA: Did not find a field named `totpoly` in structure `Mesh`
Warn,  T5284: BlendDNA: Did not find a field named `*mloop` in structure `Mesh`
Warn,  T5284: BlendDNA: Did not find a field named `*mloopuv` in structure `Mesh`
Warn,  T5284: BlendDNA: Did not find a field named `*mloopcol` in structure `Mesh`
Warn,  T5284: BlendDNA: Did not find a field named `*mpoly` in structure `Mesh`
Warn,  T5284: BlendDNA: Did not find a field named `*mtpoly` in structure `Mesh`
Warn,  T5284: BlendDNA: Did not find a field named `typemap` in structure `CustomData`
Warn,  T5284: BlendDNA: Did not find a field named `active_clone` in structure `CustomDataLayer`
Warn,  T5284: BlendDNA: Did not find a field named `active_mask` in structure `CustomDataLayer`
Warn,  T5284: BlendDNA: Did not find a field named `uid` in structure `CustomDataLayer`
Warn,  T5284: <add reason>
Warn,  T5284: BlendDNA: Did not find a field named `active_clone` in structure `CustomDataLayer`
Warn,  T5284: BlendDNA: Did not find a field named `active_mask` in structure `CustomDataLayer`
Warn,  T5284: BlendDNA: Did not find a field named `uid` in structure `CustomDataLayer`
Warn,  T5284: <add reason>
Warn,  T5284: BlendDNA: Did not find a field named `active_clone` in structure `CustomDataLayer`
Warn,  T5284: BlendDNA: Did not find a field named `active_mask` in structure `CustomDataLayer`
Warn,  T5284: BlendDNA: Did not find a field named `uid` in structure `CustomDataLayer`
Warn,  T5284: <add reason>
Warn,  T5284: BlendDNA: Did not find a field named `active_clone` in structure `CustomDataLayer`
Warn,  T5284: BlendDNA: Did not find a field named `active_mask` in structure `CustomDataLayer`
Warn,  T5284: BlendDNA: Did not find a field named `uid` in structure `CustomDataLayer`
Warn,  T5284: <add reason>
Warn,  T5284: BlendDNA: Did not find a field named `active_clone` in structure `CustomDataLayer`
Warn,  T5284: BlendDNA: Did not find a field named `active_mask` in structure `CustomDataLayer`
Warn,  T5284: BlendDNA: Did not find a field named `uid` in structure `CustomDataLayer`
Warn,  T5284: <add reason>
Warn,  T5284: BlendDNA: Did not find a field named `typemap` in structure `CustomData`
Warn,  T5284: BlendDNA: Did not find a field named `active_clone` in structure `CustomDataLayer`
Warn,  T5284: BlendDNA: Did not find a field named `active_mask` in structure `CustomDataLayer`
Warn,  T5284: BlendDNA: Did not find a field named `uid` in structure `CustomDataLayer`
Warn,  T5284: <add reason>
Warn,  T5284: BlendDNA: Did not find a field named `active_clone` in structure `CustomDataLayer`
Warn,  T5284: BlendDNA: Did not find a field named `active_mask` in structure `CustomDataLayer`
Warn,  T5284: BlendDNA: Did not find a field named `uid` in structure `CustomDataLayer`
Warn,  T5284: <add reason>
Warn,  T5284: BlendDNA: Did not find a field named `active_clone` in structure `CustomDataLayer`
Warn,  T5284: BlendDNA: Did not find a field named `active_mask` in structure `CustomDataLayer`
Warn,  T5284: BlendDNA: Did not find a field named `uid` in structure `CustomDataLayer`
Warn,  T5284: <add reason>
Warn,  T5284: BlendDNA: Did not find a field named `active_clone` in structure `CustomDataLayer`
Warn,  T5284: BlendDNA: Did not find a field named `active_mask` in structure `CustomDataLayer`
Warn,  T5284: BlendDNA: Did not find a field named `uid` in structure `CustomDataLayer`
Warn,  T5284: <add reason>
Warn,  T5284: BlendDNA: Did not find a field named `active_clone` in structure `CustomDataLayer`
Warn,  T5284: BlendDNA: Did not find a field named `active_mask` in structure `CustomDataLayer`
Warn,  T5284: BlendDNA: Did not find a field named `uid` in structure `CustomDataLayer`
Warn,  T5284: <add reason>
Warn,  T5284: BlendDNA: Did not find a field named `typemap` in structure `CustomData`
Warn,  T5284: BlendDNA: Did not find a field named `active_clone` in structure `CustomDataLayer`
Warn,  T5284: BlendDNA: Did not find a field named `active_mask` in structure `CustomDataLayer`
Warn,  T5284: BlendDNA: Did not find a field named `uid` in structure `CustomDataLayer`
Warn,  T5284: <add reason>
Warn,  T5284: BlendDNA: Did not find a field named `active_clone` in structure `CustomDataLayer`
Warn,  T5284: BlendDNA: Did not find a field named `active_mask` in structure `CustomDataLayer`
Warn,  T5284: BlendDNA: Did not find a field named `uid` in structure `CustomDataLayer`
Warn,  T5284: <add reason>
Warn,  T5284: BlendDNA: Did not find a field named `active_clone` in structure `CustomDataLayer`
Warn,  T5284: BlendDNA: Did not find a field named `active_mask` in structure `CustomDataLayer`
Warn,  T5284: BlendDNA: Did not find a field named `uid` in structure `CustomDataLayer`
Warn,  T5284: <add reason>
Warn,  T5284: BlendDNA: Did not find a field named `active_clone` in structure `CustomDataLayer`
Warn,  T5284: BlendDNA: Did not find a field named `active_mask` in structure `CustomDataLayer`
Warn,  T5284: BlendDNA: Did not find a field named `uid` in structure `CustomDataLayer`
Warn,  T5284: <add reason>
Warn,  T5284: BlendDNA: Did not find a field named `active_clone` in structure `CustomDataLayer`
Warn,  T5284: BlendDNA: Did not find a field named `active_mask` in structure `CustomDataLayer`
Warn,  T5284: BlendDNA: Did not find a field named `uid` in structure `CustomDataLayer`
Warn,  T5284: <add reason>
Warn,  T5284: BlendDNA: Did not find a field named `pdata` in structure `Mesh`
Warn,  T5284: BlendDNA: Did not find a field named `ldata` in structure `Mesh`
Warn,  T5284: <add reason>
Warn,  T5284: BlendDNA: Did not find a field named `totloop` in structure `Mesh`
Warn,  T5284: BlendDNA: Did not find a field named `totpoly` in structure `Mesh`
Warn,  T5284: BlendDNA: Did not find a field named `*mloop` in structure `Mesh`
Warn,  T5284: BlendDNA: Did not find a field named `*mloopuv` in structure `Mesh`
Warn,  T5284: BlendDNA: Did not find a field named `*mloopcol` in structure `Mesh`
Warn,  T5284: BlendDNA: Did not find a field named `*mpoly` in structure `Mesh`
Warn,  T5284: BlendDNA: Did not find a field named `*mtpoly` in structure `Mesh`
Warn,  T5284: BlendDNA: Did not find a field named `typemap` in structure `CustomData`
Warn,  T5284: BlendDNA: Did not find a field named `active_clone` in structure `CustomDataLayer`
Warn,  T5284: BlendDNA: Did not find a field named `active_mask` in structure `CustomDataLayer`
Warn,  T5284: BlendDNA: Did not find a field named `uid` in structure `CustomDataLayer`
Warn,  T5284: <add reason>
Warn,  T5284: BlendDNA: Did not find a field named `active_clone` in structure `CustomDataLayer`
Warn,  T5284: BlendDNA: Did not find a field named `active_mask` in structure `CustomDataLayer`
Warn,  T5284: BlendDNA: Did not find a field named `uid` in structure `CustomDataLayer`
Warn,  T5284: <add reason>
Warn,  T5284: BlendDNA: Did not find a field named `active_clone` in structure `CustomDataLayer`
Warn,  T5284: BlendDNA: Did not find a field named `active_mask` in structure `CustomDataLayer`
Warn,  T5284: BlendDNA: Did not find a field named `uid` in structure `CustomDataLayer`
Warn,  T5284: <add reason>
Warn,  T5284: BlendDNA: Did not find a field named `active_clone` in structure `CustomDataLayer`
Warn,  T5284: BlendDNA: Did not find a field named `active_mask` in structure `CustomDataLayer`
Warn,  T5284: BlendDNA: Did not find a field named `uid` in structure `CustomDataLayer`
Warn,  T5284: <add reason>
Warn,  T5284: BlendDNA: Did not find a field named `active_clone` in structure `CustomDataLayer`
Warn,  T5284: BlendDNA: Did not find a field named `active_mask` in structure `CustomDataLayer`
Warn,  T5284: BlendDNA: Did not find a field named `uid` in structure `CustomDataLayer`
Warn,  T5284: <add reason>
Warn,  T5284: BlendDNA: Did not find a field named `typemap` in structure `CustomData`
Warn,  T5284: BlendDNA: Did not find a field named `active_clone` in structure `CustomDataLayer`
Warn,  T5284: BlendDNA: Did not find a field named `active_mask` in structure `CustomDataLayer`
Warn,  T5284: BlendDNA: Did not find a field named `uid` in structure `CustomDataLayer`
Warn,  T5284: <add reason>
Warn,  T5284: BlendDNA: Did not find a field named `active_clone` in structure `CustomDataLayer`
Warn,  T5284: BlendDNA: Did not find a field named `active_mask` in structure `CustomDataLayer`
Warn,  T5284: BlendDNA: Did not find a field named `uid` in structure `CustomDataLayer`
Warn,  T5284: <add reason>
Warn,  T5284: BlendDNA: Did not find a field named `active_clone` in structure `CustomDataLayer`
Warn,  T5284: BlendDNA: Did not find a field named `active_mask` in structure `CustomDataLayer`
Warn,  T5284: BlendDNA: Did not find a field named `uid` in structure `CustomDataLayer`
Warn,  T5284: <add reason>
Warn,  T5284: BlendDNA: Did not find a field named `active_clone` in structure `CustomDataLayer`
Warn,  T5284: BlendDNA: Did not find a field named `active_mask` in structure `CustomDataLayer`
Warn,  T5284: BlendDNA: Did not find a field named `uid` in structure `CustomDataLayer`
Warn,  T5284: <add reason>
Warn,  T5284: BlendDNA: Did not find a field named `active_clone` in structure `CustomDataLayer`
Warn,  T5284: BlendDNA: Did not find a field named `active_mask` in structure `CustomDataLayer`
Warn,  T5284: BlendDNA: Did not find a field named `uid` in structure `CustomDataLayer`
Warn,  T5284: <add reason>
Warn,  T5284: BlendDNA: Did not find a field named `typemap` in structure `CustomData`
Warn,  T5284: BlendDNA: Did not find a field named `active_clone` in structure `CustomDataLayer`
Warn,  T5284: BlendDNA: Did not find a field named `active_mask` in structure `CustomDataLayer`
Warn,  T5284: BlendDNA: Did not find a field named `uid` in structure `CustomDataLayer`
Warn,  T5284: <add reason>
Warn,  T5284: BlendDNA: Did not find a field named `active_clone` in structure `CustomDataLayer`
Warn,  T5284: BlendDNA: Did not find a field named `active_mask` in structure `CustomDataLayer`
Warn,  T5284: BlendDNA: Did not find a field named `uid` in structure `CustomDataLayer`
Warn,  T5284: <add reason>
Warn,  T5284: BlendDNA: Did not find a field named `active_clone` in structure `CustomDataLayer`
Warn,  T5284: BlendDNA: Did not find a field named `active_mask` in structure `CustomDataLayer`
Warn,  T5284: BlendDNA: Did not find a field named `uid` in structure `CustomDataLayer`
Warn,  T5284: <add reason>
Warn,  T5284: BlendDNA: Did not find a field named `active_clone` in structure `CustomDataLayer`
Warn,  T5284: BlendDNA: Did not find a field named `active_mask` in structure `CustomDataLayer`
Warn,  T5284: BlendDNA: Did not find a field named `uid` in structure `CustomDataLayer`
Warn,  T5284: <add reason>
Warn,  T5284: BlendDNA: Did not find a field named `active_clone` in structure `CustomDataLayer`
Warn,  T5284: BlendDNA: Did not find a field named `active_mask` in structure `CustomDataLayer`
Warn,  T5284: BlendDNA: Did not find a field named `uid` in structure `CustomDataLayer`
Warn,  T5284: <add reason>
Warn,  T5284: BlendDNA: Did not find a field named `pdata` in structure `Mesh`
Warn,  T5284: BlendDNA: Did not find a field named `ldata` in structure `Mesh`
Warn,  T5284: <add reason>
Warn,  T5284: BlendDNA: Did not find a field named `totloop` in structure `Mesh`
Warn,  T5284: BlendDNA: Did not find a field named `totpoly` in structure `Mesh`
Warn,  T5284: BlendDNA: Did not find a field named `*mloop` in structure `Mesh`
Warn,  T5284: BlendDNA: Did not find a field named `*mloopuv` in structure `Mesh`
Warn,  T5284: BlendDNA: Did not find a field named `*mloopcol` in structure `Mesh`
Warn,  T5284: BlendDNA: Did not find a field named `*mpoly` in structure `Mesh`
Warn,  T5284: BlendDNA: Did not find a field named `*mtpoly` in structure `Mesh`
Warn,  T5284: BlendDNA: Did not find a field named `typemap` in structure `CustomData`
Warn,  T5284: BlendDNA: Did not find a field named `active_clone` in structure `CustomDataLayer`
Warn,  T5284: BlendDNA: Did not find a field named `active_mask` in structure `CustomDataLayer`
Warn,  T5284: BlendDNA: Did not find a field named `uid` in structure `CustomDataLayer`
Warn,  T5284: <add reason>
Warn,  T5284: BlendDNA: Did not find a field named `active_clone` in structure `CustomDataLayer`
Warn,  T5284: BlendDNA: Did not find a field named `active_mask` in structure `CustomDataLayer`
Warn,  T5284: BlendDNA: Did not find a field named `uid` in structure `CustomDataLayer`
Warn,  T5284: <add reason>
Warn,  T5284: BlendDNA: Did not find a field named `active_clone` in structure `CustomDataLayer`
Warn,  T5284: BlendDNA: Did not find a field named `active_mask` in structure `CustomDataLayer`
Warn,  T5284: BlendDNA: Did not find a field named `uid` in structure `CustomDataLayer`
Warn,  T5284: <add reason>
Warn,  T5284: BlendDNA: Did not find a field named `active_clone` in structure `CustomDataLayer`
Warn,  T5284: BlendDNA: Did not find a field named `active_mask` in structure `CustomDataLayer`
Warn,  T5284: BlendDNA: Did not find a field named `uid` in structure `CustomDataLayer`
Warn,  T5284: <add reason>
Warn,  T5284: BlendDNA: Did not find a field named `active_clone` in structure `CustomDataLayer`
Warn,  T5284: BlendDNA: Did not find a field named `active_mask` in structure `CustomDataLayer`
Warn,  T5284: BlendDNA: Did not find a field named `uid` in structure `CustomDataLayer`
Warn,  T5284: <add reason>
Warn,  T5284: BlendDNA: Did not find a field named `typemap` in structure `CustomData`
Warn,  T5284: BlendDNA: Did not find a field named `active_clone` in structure `CustomDataLayer`
Warn,  T5284: BlendDNA: Did not find a field named `active_mask` in structure `CustomDataLayer`
Warn,  T5284: BlendDNA: Did not find a field named `uid` in structure `CustomDataLayer`
Warn,  T5284: <add reason>
Warn,  T5284: BlendDNA: Did not find a field named `active_clone` in structure `CustomDataLayer`
Warn,  T5284: BlendDNA: Did not find a field named `active_mask` in structure `CustomDataLayer`
Warn,  T5284: BlendDNA: Did not find a field named `uid` in structure `CustomDataLayer`
Warn,  T5284: <add reason>
Warn,  T5284: BlendDNA: Did not find a field named `active_clone` in structure `CustomDataLayer`
Warn,  T5284: BlendDNA: Did not find a field named `active_mask` in structure `CustomDataLayer`
Warn,  T5284: BlendDNA: Did not find a field named `uid` in structure `CustomDataLayer`
Warn,  T5284: <add reason>
Warn,  T5284: BlendDNA: Did not find a field named `active_clone` in structure `CustomDataLayer`
Warn,  T5284: BlendDNA: Did not find a field named `active_mask` in structure `CustomDataLayer`
Warn,  T5284: BlendDNA: Did not find a field named `uid` in structure `CustomDataLayer`
Warn,  T5284: <add reason>
Warn,  T5284: BlendDNA: Did not find a field named `active_clone` in structure `CustomDataLayer`
Warn,  T5284: BlendDNA: Did not find a field named `active_mask` in structure `CustomDataLayer`
Warn,  T5284: BlendDNA: Did not find a field named `uid` in structure `CustomDataLayer`
Warn,  T5284: <add reason>
Warn,  T5284: BlendDNA: Did not find a field named `typemap` in structure `CustomData`
Warn,  T5284: BlendDNA: Did not find a field named `active_clone` in structure `CustomDataLayer`
Warn,  T5284: BlendDNA: Did not find a field named `active_mask` in structure `CustomDataLayer`
Warn,  T5284: BlendDNA: Did not find a field named `uid` in structure `CustomDataLayer`
Warn,  T5284: <add reason>
Warn,  T5284: BlendDNA: Did not find a field named `active_clone` in structure `CustomDataLayer`
Warn,  T5284: BlendDNA: Did not find a field named `active_mask` in structure `CustomDataLayer`
Warn,  T5284: BlendDNA: Did not find a field named `uid` in structure `CustomDataLayer`
Warn,  T5284: <add reason>
Warn,  T5284: BlendDNA: Did not find a field named `active_clone` in structure `CustomDataLayer`
Warn,  T5284: BlendDNA: Did not find a field named `active_mask` in structure `CustomDataLayer`
Warn,  T5284: BlendDNA: Did not find a field named `uid` in structure `CustomDataLayer`
Warn,  T5284: <add reason>
Warn,  T5284: BlendDNA: Did not find a field named `active_clone` in structure `CustomDataLayer`
Warn,  T5284: BlendDNA: Did not find a field named `active_mask` in structure `CustomDataLayer`
Warn,  T5284: BlendDNA: Did not find a field named `uid` in structure `CustomDataLayer`
Warn,  T5284: <add reason>
Warn,  T5284: BlendDNA: Did not find a field named `active_clone` in structure `CustomDataLayer`
Warn,  T5284: BlendDNA: Did not find a field named `active_mask` in structure `CustomDataLayer`
Warn,  T5284: BlendDNA: Did not find a field named `uid` in structure `CustomDataLayer`
Warn,  T5284: <add reason>
Warn,  T5284: BlendDNA: Did not find a field named `pdata` in structure `Mesh`
Warn,  T5284: BlendDNA: Did not find a field named `ldata` in structure `Mesh`
Warn,  T5284: <add reason>
Warn,  T5284: BlendDNA: Did not find a field named `flag` in structure `Lamp`
Warn,  T5284: BlendDNA: Did not find a field named `coeff_const` in structure `Lamp`
Warn,  T5284: BlendDNA: Did not find a field named `coeff_lin` in structure `Lamp`
Warn,  T5284: BlendDNA: Did not find a field named `coeff_quad` in structure `Lamp`
Warn,  T5284: BlendDNA: Did not find a field named `*master_collection` in structure `Scene`
Info,  T5284: (Stats) Fields read: 156535841, pointers resolved: 32840, cache hits: 4294966085, cached objects: 1307
Info,  T5284: BLEND: Adding default material
Debug, T5284: UpdateImporterScale scale set: 1
Debug, T5284: ValidateDataStructureProcess begin
Warn,  T5284: Validation warning: aiLight::mAttenuationXXX - all are zero
Debug, T5284: ValidateDataStructureProcess end
Info,  T5284: Load C:/projects/MM1/extern/assimp-master/assimp-master/test/models/BLEND/HUMAN.blend
Debug, T5284: Assimp 6.0.0 amd64 gcc debug shared singlethreadedsingle : 
Info,  T5284: Found a matching importer for this file format: Blender 3D Importer (http://www.blender3d.org).
Info,  T5284: Import root directory is 'C:/projects/MM1/extern/assimp-master/assimp-master/test/models/BLEND\'
Info,  T5284: BLEND: Blender version is 2.49 (64bit: false, little endian: true)
Debug, T5284: REND
Debug, T5284: GLOB
Debug, T5284: SR
Debug, T5284: DATA
Debug, T5284: SR
Debug, T5284: DATA
Debug, T5284: SR
Debug, T5284: DATA
Debug, T5284: SR
Debug, T5284: DATA
Debug, T5284: SR
Debug, T5284: DATA
Debug, T5284: SC
Debug, T5284: DATA
Debug, T5284: IM
Debug, T5284: DATA
Debug, T5284: IM
Debug, T5284: CA
Debug, T5284: LA
Debug, T5284: DATA
Debug, T5284: WO
Debug, T5284: TX
Debug, T5284: DATA
Debug, T5284: OB
Debug, T5284: DATA
Debug, T5284: OB
Debug, T5284: MA
Debug, T5284: DATA
Debug, T5284: TE
Debug, T5284: ME
Debug, T5284: DATA
Debug, T5284: DNA1
Debug, T5284: BlenderDNA: Got 313 structures with totally 3939 fields
Debug, T5284: ENDB
Warn,  T5284: <add reason>
Warn,  T5284: BlendDNA: Did not find a field named `sensor_x` in structure `Camera`
Warn,  T5284: <add reason>
Warn,  T5284: BlendDNA: Did not find a field named `totloop` in structure `Mesh`
Warn,  T5284: BlendDNA: Did not find a field named `totpoly` in structure `Mesh`
Warn,  T5284: BlendDNA: Did not find a field named `*mloop` in structure `Mesh`
Warn,  T5284: BlendDNA: Did not find a field named `*mloopuv` in structure `Mesh`
Warn,  T5284: BlendDNA: Did not find a field named `*mloopcol` in structure `Mesh`
Warn,  T5284: BlendDNA: Did not find a field named `*mpoly` in structure `Mesh`
Warn,  T5284: BlendDNA: Did not find a field named `*mtpoly` in structure `Mesh`
Warn,  T5284: <add reason>
Warn,  T5284: BlendDNA: Did not find a field named `rot` in structure `MTex`
Warn,  T5284: BlendDNA: Did not find a field named `colspecfac` in structure `MTex`
Warn,  T5284: BlendDNA: Did not find a field named `mirrfac` in structure `MTex`
Warn,  T5284: BlendDNA: Did not find a field named `alphafac` in structure `MTex`
Warn,  T5284: BlendDNA: Did not find a field named `difffac` in structure `MTex`
Warn,  T5284: BlendDNA: Did not find a field named `specfac` in structure `MTex`
Warn,  T5284: BlendDNA: Did not find a field named `emitfac` in structure `MTex`
Warn,  T5284: BlendDNA: Did not find a field named `hardfac` in structure `MTex`
Warn,  T5284: BlendDNA: Did not find a field named `material_type` in structure `Material`
Warn,  T5284: BlendDNA: Did not find a field named `pr_texture` in structure `Material`
Warn,  T5284: BlendDNA: Did not find a field named `shadowonly_flag` in structure `Material`
Warn,  T5284: BlendDNA: Did not find a field named `index` in structure `Material`
Warn,  T5284: BlendDNA: Did not find a field named `vcol_alpha` in structure `Material`
Warn,  T5284: BlendDNA: Did not find a field named `typemap` in structure `CustomData`
Warn,  T5284: BlendDNA: Did not find a field named `uid` in structure `CustomDataLayer`
Warn,  T5284: <add reason>
Warn,  T5284: BlendDNA: Did not find a field named `uid` in structure `CustomDataLayer`
Warn,  T5284: <add reason>
Warn,  T5284: BlendDNA: Did not find a field named `uid` in structure `CustomDataLayer`
Warn,  T5284: <add reason>
Warn,  T5284: BlendDNA: Did not find a field named `uid` in structure `CustomDataLayer`
Warn,  T5284: <add reason>
Warn,  T5284: BlendDNA: Did not find a field named `uid` in structure `CustomDataLayer`
Warn,  T5284: <add reason>
Warn,  T5284: BlendDNA: Did not find a field named `typemap` in structure `CustomData`
Warn,  T5284: BlendDNA: Did not find a field named `uid` in structure `CustomDataLayer`
Warn,  T5284: <add reason>
Warn,  T5284: BlendDNA: Did not find a field named `uid` in structure `CustomDataLayer`
Warn,  T5284: <add reason>
Warn,  T5284: BlendDNA: Did not find a field named `uid` in structure `CustomDataLayer`
Warn,  T5284: <add reason>
Warn,  T5284: BlendDNA: Did not find a field named `uid` in structure `CustomDataLayer`
Warn,  T5284: <add reason>
Warn,  T5284: BlendDNA: Did not find a field named `uid` in structure `CustomDataLayer`
Warn,  T5284: <add reason>
Warn,  T5284: BlendDNA: Did not find a field named `typemap` in structure `CustomData`
Warn,  T5284: BlendDNA: Did not find a field named `uid` in structure `CustomDataLayer`
Warn,  T5284: <add reason>
Warn,  T5284: BlendDNA: Did not find a field named `uid` in structure `CustomDataLayer`
Warn,  T5284: <add reason>
Warn,  T5284: BlendDNA: Did not find a field named `uid` in structure `CustomDataLayer`
Warn,  T5284: <add reason>
Warn,  T5284: BlendDNA: Did not find a field named `uid` in structure `CustomDataLayer`
Warn,  T5284: <add reason>
Warn,  T5284: BlendDNA: Did not find a field named `uid` in structure `CustomDataLayer`
Warn,  T5284: <add reason>
Warn,  T5284: BlendDNA: Did not find a field named `pdata` in structure `Mesh`
Warn,  T5284: BlendDNA: Did not find a field named `ldata` in structure `Mesh`
Warn,  T5284: <add reason>
Warn,  T5284: BlendDNA: Did not find a field named `flag` in structure `Lamp`
Warn,  T5284: BlendDNA: Did not find a field named `coeff_const` in structure `Lamp`
Warn,  T5284: BlendDNA: Did not find a field named `coeff_lin` in structure `Lamp`
Warn,  T5284: BlendDNA: Did not find a field named `coeff_quad` in structure `Lamp`
Warn,  T5284: BlendDNA: Did not find a field named `*master_collection` in structure `Scene`
Info,  T5284: (Stats) Fields read: 156536783, pointers resolved: 32782, cache hits: 4294966069, cached objects: 1279
Info,  T5284: BlendModifier: Applied the `Mirror` modifier to `OBCube`
Info,  T5284: BlendModifier: Applied the `Subdivision` modifier to `OBCube`
Debug, T5284: BlendModifier: found handlers for 2 of 2 modifiers on `OBCube`, check log messages above for errors
Debug, T5284: UpdateImporterScale scale set: 1
Debug, T5284: ValidateDataStructureProcess begin
Warn,  T5284: Validation warning: aiLight::mAttenuationXXX - all are zero
Debug, T5284: ValidateDataStructureProcess end
Info,  T5284: Load C:/projects/MM1/extern/assimp-master/assimp-master/test/models/BLEND/MirroredCube_252.blend
Debug, T5284: Assimp 6.0.0 amd64 gcc debug shared singlethreadedsingle : 
Info,  T5284: Found a matching importer for this file format: Blender 3D Importer (http://www.blender3d.org).
Info,  T5284: Import root directory is 'C:/projects/MM1/extern/assimp-master/assimp-master/test/models/BLEND\'
Debug, T5284: BLEND: Found no BLENDER magic word but a GZIP header, might be a compressed file
Info,  T5284: BLEND: Blender version is 2.52 (64bit: true, little endian: true)
Debug, T5284: REND
Debug, T5284: TEST
Debug, T5284: GLOB
Debug, T5284: WM
Debug, T5284: DATA
Debug, T5284: SN
Debug, T5284: DATA
Debug, T5284: SN
Debug, T5284: DATA
Debug, T5284: SN
Debug, T5284: DATA
Debug, T5284: SN
Debug, T5284: DATA
Debug, T5284: SN
Debug, T5284: DATA
Debug, T5284: SN
Debug, T5284: DATA
Debug, T5284: SN
Debug, T5284: DATA
Debug, T5284: SC
Debug, T5284: DATA
Debug, T5284: CA
Debug, T5284: LA
Debug, T5284: DATA
Debug, T5284: WO
Debug, T5284: DATA
Debug, T5284: TX
Debug, T5284: DATA
Debug, T5284: OB
Debug, T5284: DATA
Debug, T5284: OB
Debug, T5284: DATA
Debug, T5284: OB
Debug, T5284: MA
Debug, T5284: DATA
Debug, T5284: MA
Debug, T5284: DATA
Debug, T5284: TE
Debug, T5284: DATA
Debug, T5284: ME
Debug, T5284: DATA
Debug, T5284: ME
Debug, T5284: DATA
Debug, T5284: BR
Debug, T5284: DATA
Debug, T5284: BR
Debug, T5284: DATA
Debug, T5284: BR
Debug, T5284: DATA
Debug, T5284: BR
Debug, T5284: DATA
Debug, T5284: BR
Debug, T5284: DATA
Debug, T5284: BR
Debug, T5284: DATA
Debug, T5284: BR
Debug, T5284: DATA
Debug, T5284: BR
Debug, T5284: DATA
Debug, T5284: BR
Debug, T5284: DATA
Debug, T5284: BR
Debug, T5284: DATA
Debug, T5284: BR
Debug, T5284: DATA
Debug, T5284: BR
Debug, T5284: DATA
Debug, T5284: BR
Debug, T5284: DATA
Debug, T5284: BR
Debug, T5284: DATA
Debug, T5284: BR
Debug, T5284: DATA
Debug, T5284: BR
Debug, T5284: DATA
Debug, T5284: BR
Debug, T5284: DATA
Debug, T5284: BR
Debug, T5284: DATA
Debug, T5284: DNA1
Debug, T5284: BlenderDNA: Got 411 structures with totally 5057 fields
Debug, T5284: ENDB
Warn,  T5284: <add reason>
Warn,  T5284: BlendDNA: Did not find a field named `sensor_x` in structure `Camera`
Warn,  T5284: <add reason>
Warn,  T5284: BlendDNA: Did not find a field named `totloop` in structure `Mesh`
Warn,  T5284: BlendDNA: Did not find a field named `totpoly` in structure `Mesh`
Warn,  T5284: BlendDNA: Did not find a field named `*mloop` in structure `Mesh`
Warn,  T5284: BlendDNA: Did not find a field named `*mloopuv` in structure `Mesh`
Warn,  T5284: BlendDNA: Did not find a field named `*mloopcol` in structure `Mesh`
Warn,  T5284: BlendDNA: Did not find a field named `*mpoly` in structure `Mesh`
Warn,  T5284: BlendDNA: Did not find a field named `*mtpoly` in structure `Mesh`
Warn,  T5284: <add reason>
Warn,  T5284: BlendDNA: Did not find a field named `ambr` in structure `Material`
Warn,  T5284: BlendDNA: Did not find a field named `ambg` in structure `Material`
Warn,  T5284: BlendDNA: Did not find a field named `ambb` in structure `Material`
Warn,  T5284: BlendDNA: Did not find a field named `shadowonly_flag` in structure `Material`
Warn,  T5284: BlendDNA: Did not find a field named `vcol_alpha` in structure `Material`
Warn,  T5284: BlendDNA: Did not find a field named `typemap` in structure `CustomData`
Warn,  T5284: BlendDNA: Did not find a field named `uid` in structure `CustomDataLayer`
Warn,  T5284: <add reason>
Warn,  T5284: BlendDNA: Did not find a field named `uid` in structure `CustomDataLayer`
Warn,  T5284: <add reason>
Warn,  T5284: BlendDNA: Did not find a field named `uid` in structure `CustomDataLayer`
Warn,  T5284: <add reason>
Warn,  T5284: BlendDNA: Did not find a field named `uid` in structure `CustomDataLayer`
Warn,  T5284: <add reason>
Warn,  T5284: BlendDNA: Did not find a field named `uid` in structure `CustomDataLayer`
Warn,  T5284: <add reason>
Warn,  T5284: BlendDNA: Did not find a field named `typemap` in structure `CustomData`
Warn,  T5284: BlendDNA: Did not find a field named `uid` in structure `CustomDataLayer`
Warn,  T5284: <add reason>
Warn,  T5284: BlendDNA: Did not find a field named `uid` in structure `CustomDataLayer`
Warn,  T5284: <add reason>
Warn,  T5284: BlendDNA: Did not find a field named `uid` in structure `CustomDataLayer`
Warn,  T5284: <add reason>
Warn,  T5284: BlendDNA: Did not find a field named `uid` in structure `CustomDataLayer`
Warn,  T5284: <add reason>
Warn,  T5284: BlendDNA: Did not find a field named `uid` in structure `CustomDataLayer`
Warn,  T5284: <add reason>
Warn,  T5284: BlendDNA: Did not find a field named `typemap` in structure `CustomData`
Warn,  T5284: BlendDNA: Did not find a field named `uid` in structure `CustomDataLayer`
Warn,  T5284: <add reason>
Warn,  T5284: BlendDNA: Did not find a field named `uid` in structure `CustomDataLayer`
Warn,  T5284: <add reason>
Warn,  T5284: BlendDNA: Did not find a field named `uid` in structure `CustomDataLayer`
Warn,  T5284: <add reason>
Warn,  T5284: BlendDNA: Did not find a field named `uid` in structure `CustomDataLayer`
Warn,  T5284: <add reason>
Warn,  T5284: BlendDNA: Did not find a field named `uid` in structure `CustomDataLayer`
Warn,  T5284: <add reason>
Warn,  T5284: BlendDNA: Did not find a field named `pdata` in structure `Mesh`
Warn,  T5284: BlendDNA: Did not find a field named `ldata` in structure `Mesh`
Warn,  T5284: <add reason>
Warn,  T5284: BlendDNA: Did not find a field named `totloop` in structure `Mesh`
Warn,  T5284: BlendDNA: Did not find a field named `totpoly` in structure `Mesh`
Warn,  T5284: BlendDNA: Did not find a field named `*mloop` in structure `Mesh`
Warn,  T5284: BlendDNA: Did not find a field named `*mloopuv` in structure `Mesh`
Warn,  T5284: BlendDNA: Did not find a field named `*mloopcol` in structure `Mesh`
Warn,  T5284: BlendDNA: Did not find a field named `*mpoly` in structure `Mesh`
Warn,  T5284: BlendDNA: Did not find a field named `*mtpoly` in structure `Mesh`
Warn,  T5284: <add reason>
Warn,  T5284: BlendDNA: Did not find a field named `ambr` in structure `Material`
Warn,  T5284: BlendDNA: Did not find a field named `ambg` in structure `Material`
Warn,  T5284: BlendDNA: Did not find a field named `ambb` in structure `Material`
Warn,  T5284: BlendDNA: Did not find a field named `shadowonly_flag` in structure `Material`
Warn,  T5284: BlendDNA: Did not find a field named `vcol_alpha` in structure `Material`
Warn,  T5284: BlendDNA: Did not find a field named `typemap` in structure `CustomData`
Warn,  T5284: BlendDNA: Did not find a field named `uid` in structure `CustomDataLayer`
Warn,  T5284: <add reason>
Warn,  T5284: BlendDNA: Did not find a field named `uid` in structure `CustomDataLayer`
Warn,  T5284: <add reason>
Warn,  T5284: BlendDNA: Did not find a field named `uid` in structure `CustomDataLayer`
Warn,  T5284: <add reason>
Warn,  T5284: BlendDNA: Did not find a field named `uid` in structure `CustomDataLayer`
Warn,  T5284: <add reason>
Warn,  T5284: BlendDNA: Did not find a field named `uid` in structure `CustomDataLayer`
Warn,  T5284: <add reason>
Warn,  T5284: BlendDNA: Did not find a field named `typemap` in structure `CustomData`
Warn,  T5284: BlendDNA: Did not find a field named `uid` in structure `CustomDataLayer`
Warn,  T5284: <add reason>
Warn,  T5284: BlendDNA: Did not find a field named `uid` in structure `CustomDataLayer`
Warn,  T5284: <add reason>
Warn,  T5284: BlendDNA: Did not find a field named `uid` in structure `CustomDataLayer`
Warn,  T5284: <add reason>
Warn,  T5284: BlendDNA: Did not find a field named `uid` in structure `CustomDataLayer`
Warn,  T5284: <add reason>
Warn,  T5284: BlendDNA: Did not find a field named `uid` in structure `CustomDataLayer`
Warn,  T5284: <add reason>
Warn,  T5284: BlendDNA: Did not find a field named `typemap` in structure `CustomData`
Warn,  T5284: BlendDNA: Did not find a field named `uid` in structure `CustomDataLayer`
Warn,  T5284: <add reason>
Warn,  T5284: BlendDNA: Did not find a field named `uid` in structure `CustomDataLayer`
Warn,  T5284: <add reason>
Warn,  T5284: BlendDNA: Did not find a field named `uid` in structure `CustomDataLayer`
Warn,  T5284: <add reason>
Warn,  T5284: BlendDNA: Did not find a field named `uid` in structure `CustomDataLayer`
Warn,  T5284: <add reason>
Warn,  T5284: BlendDNA: Did not find a field named `uid` in structure `CustomDataLayer`
Warn,  T5284: <add reason>
Warn,  T5284: BlendDNA: Did not find a field named `pdata` in structure `Mesh`
Warn,  T5284: BlendDNA: Did not find a field named `ldata` in structure `Mesh`
Warn,  T5284: BlendDNA: Did not find a field named `*master_collection` in structure `Scene`
Warn,  T5284: <add reason>
Warn,  T5284: BlendDNA: Did not find a field named `coeff_const` in structure `Lamp`
Warn,  T5284: BlendDNA: Did not find a field named `coeff_lin` in structure `Lamp`
Warn,  T5284: BlendDNA: Did not find a field named `coeff_quad` in structure `Lamp`
Warn,  T5284: BlendDNA: Did not find a field named `att1` in structure `Lamp`
Warn,  T5284: BlendDNA: Did not find a field named `att2` in structure `Lamp`
Warn,  T5284: BlendDNA: Did not find a field named `area_sizez` in structure `Lamp`
Info,  T5284: (Stats) Fields read: 156531976, pointers resolved: 32789, cache hits: 4294966070, cached objects: 1283
Info,  T5284: BlendModifier: Applied the `Mirror` modifier to `OBCube.001`
Debug, T5284: BlendModifier: found handlers for 1 of 1 modifiers on `OBCube.001`, check log messages above for errors
Debug, T5284: UpdateImporterScale scale set: 1
Debug, T5284: ValidateDataStructureProcess begin
Warn,  T5284: Validation warning: aiLight::mAttenuationXXX - all are zero
Debug, T5284: ValidateDataStructureProcess end
Info,  T5284: Load C:/projects/MM1/extern/assimp-master/assimp-master/test/models/BLEND/NoisyTexturedCube_VoronoiGlob_248.blend
Debug, T5284: Assimp 6.0.0 amd64 gcc debug shared singlethreadedsingle : 
Info,  T5284: Found a matching importer for this file format: Blender 3D Importer (http://www.blender3d.org).
Info,  T5284: Import root directory is 'C:/projects/MM1/extern/assimp-master/assimp-master/test/models/BLEND\'
Info,  T5284: BLEND: Blender version is 2.48 (64bit: false, little endian: true)
Debug, T5284: REND
Debug, T5284: GLOB
Debug, T5284: SR
Debug, T5284: DATA
Debug, T5284: SR
Debug, T5284: DATA
Debug, T5284: SR
Debug, T5284: DATA
Debug, T5284: SR
Debug, T5284: DATA
Debug, T5284: SR
Debug, T5284: DATA
Debug, T5284: SC
Debug, T5284: DATA
Debug, T5284: IM
Debug, T5284: CA
Debug, T5284: LA
Debug, T5284: DATA
Debug, T5284: WO
Debug, T5284: TX
Debug, T5284: DATA
Debug, T5284: OB
Debug, T5284: DATA
Debug, T5284: OB
Debug, T5284: MA
Debug, T5284: DATA
Debug, T5284: TE
Debug, T5284: DATA
Debug, T5284: ME
Debug, T5284: DATA
Debug, T5284: DNA1
Debug, T5284: BlenderDNA: Got 310 structures with totally 3868 fields
Debug, T5284: ENDB
Warn,  T5284: <add reason>
Warn,  T5284: BlendDNA: Did not find a field named `sensor_x` in structure `Camera`
Warn,  T5284: <add reason>
Warn,  T5284: BlendDNA: Did not find a field named `totloop` in structure `Mesh`
Warn,  T5284: BlendDNA: Did not find a field named `totpoly` in structure `Mesh`
Warn,  T5284: BlendDNA: Did not find a field named `*mloop` in structure `Mesh`
Warn,  T5284: BlendDNA: Did not find a field named `*mloopuv` in structure `Mesh`
Warn,  T5284: BlendDNA: Did not find a field named `*mloopcol` in structure `Mesh`
Warn,  T5284: BlendDNA: Did not find a field named `*mpoly` in structure `Mesh`
Warn,  T5284: BlendDNA: Did not find a field named `*mtpoly` in structure `Mesh`
Warn,  T5284: <add reason>
Warn,  T5284: BlendDNA: Did not find a field named `rot` in structure `MTex`
Warn,  T5284: BlendDNA: Did not find a field named `colspecfac` in structure `MTex`
Warn,  T5284: BlendDNA: Did not find a field named `mirrfac` in structure `MTex`
Warn,  T5284: BlendDNA: Did not find a field named `alphafac` in structure `MTex`
Warn,  T5284: BlendDNA: Did not find a field named `difffac` in structure `MTex`
Warn,  T5284: BlendDNA: Did not find a field named `specfac` in structure `MTex`
Warn,  T5284: BlendDNA: Did not find a field named `emitfac` in structure `MTex`
Warn,  T5284: BlendDNA: Did not find a field named `hardfac` in structure `MTex`
Warn,  T5284: BlendDNA: Did not find a field named `material_type` in structure `Material`
Warn,  T5284: BlendDNA: Did not find a field named `pr_texture` in structure `Material`
Warn,  T5284: BlendDNA: Did not find a field named `shadowonly_flag` in structure `Material`
Warn,  T5284: BlendDNA: Did not find a field named `index` in structure `Material`
Warn,  T5284: BlendDNA: Did not find a field named `vcol_alpha` in structure `Material`
Warn,  T5284: BlendDNA: Did not find a field named `typemap` in structure `CustomData`
Warn,  T5284: BlendDNA: Did not find a field named `active_clone` in structure `CustomDataLayer`
Warn,  T5284: BlendDNA: Did not find a field named `active_mask` in structure `CustomDataLayer`
Warn,  T5284: BlendDNA: Did not find a field named `uid` in structure `CustomDataLayer`
Warn,  T5284: <add reason>
Warn,  T5284: BlendDNA: Did not find a field named `active_clone` in structure `CustomDataLayer`
Warn,  T5284: BlendDNA: Did not find a field named `active_mask` in structure `CustomDataLayer`
Warn,  T5284: BlendDNA: Did not find a field named `uid` in structure `CustomDataLayer`
Warn,  T5284: <add reason>
Warn,  T5284: BlendDNA: Did not find a field named `active_clone` in structure `CustomDataLayer`
Warn,  T5284: BlendDNA: Did not find a field named `active_mask` in structure `CustomDataLayer`
Warn,  T5284: BlendDNA: Did not find a field named `uid` in structure `CustomDataLayer`
Warn,  T5284: <add reason>
Warn,  T5284: BlendDNA: Did not find a field named `active_clone` in structure `CustomDataLayer`
Warn,  T5284: BlendDNA: Did not find a field named `active_mask` in structure `CustomDataLayer`
Warn,  T5284: BlendDNA: Did not find a field named `uid` in structure `CustomDataLayer`
Warn,  T5284: <add reason>
Warn,  T5284: BlendDNA: Did not find a field named `active_clone` in structure `CustomDataLayer`
Warn,  T5284: BlendDNA: Did not find a field named `active_mask` in structure `CustomDataLayer`
Warn,  T5284: BlendDNA: Did not find a field named `uid` in structure `CustomDataLayer`
Warn,  T5284: <add reason>
Warn,  T5284: BlendDNA: Did not find a field named `typemap` in structure `CustomData`
Warn,  T5284: BlendDNA: Did not find a field named `active_clone` in structure `CustomDataLayer`
Warn,  T5284: BlendDNA: Did not find a field named `active_mask` in structure `CustomDataLayer`
Warn,  T5284: BlendDNA: Did not find a field named `uid` in structure `CustomDataLayer`
Warn,  T5284: <add reason>
Warn,  T5284: BlendDNA: Did not find a field named `active_clone` in structure `CustomDataLayer`
Warn,  T5284: BlendDNA: Did not find a field named `active_mask` in structure `CustomDataLayer`
Warn,  T5284: BlendDNA: Did not find a field named `uid` in structure `CustomDataLayer`
Warn,  T5284: <add reason>
Warn,  T5284: BlendDNA: Did not find a field named `active_clone` in structure `CustomDataLayer`
Warn,  T5284: BlendDNA: Did not find a field named `active_mask` in structure `CustomDataLayer`
Warn,  T5284: BlendDNA: Did not find a field named `uid` in structure `CustomDataLayer`
Warn,  T5284: <add reason>
Warn,  T5284: BlendDNA: Did not find a field named `active_clone` in structure `CustomDataLayer`
Warn,  T5284: BlendDNA: Did not find a field named `active_mask` in structure `CustomDataLayer`
Warn,  T5284: BlendDNA: Did not find a field named `uid` in structure `CustomDataLayer`
Warn,  T5284: <add reason>
Warn,  T5284: BlendDNA: Did not find a field named `active_clone` in structure `CustomDataLayer`
Warn,  T5284: BlendDNA: Did not find a field named `active_mask` in structure `CustomDataLayer`
Warn,  T5284: BlendDNA: Did not find a field named `uid` in structure `CustomDataLayer`
Warn,  T5284: <add reason>
Warn,  T5284: BlendDNA: Did not find a field named `typemap` in structure `CustomData`
Warn,  T5284: BlendDNA: Did not find a field named `active_clone` in structure `CustomDataLayer`
Warn,  T5284: BlendDNA: Did not find a field named `active_mask` in structure `CustomDataLayer`
Warn,  T5284: BlendDNA: Did not find a field named `uid` in structure `CustomDataLayer`
Warn,  T5284: <add reason>
Warn,  T5284: BlendDNA: Did not find a field named `active_clone` in structure `CustomDataLayer`
Warn,  T5284: BlendDNA: Did not find a field named `active_mask` in structure `CustomDataLayer`
Warn,  T5284: BlendDNA: Did not find a field named `uid` in structure `CustomDataLayer`
Warn,  T5284: <add reason>
Warn,  T5284: BlendDNA: Did not find a field named `active_clone` in structure `CustomDataLayer`
Warn,  T5284: BlendDNA: Did not find a field named `active_mask` in structure `CustomDataLayer`
Warn,  T5284: BlendDNA: Did not find a field named `uid` in structure `CustomDataLayer`
Warn,  T5284: <add reason>
Warn,  T5284: BlendDNA: Did not find a field named `active_clone` in structure `CustomDataLayer`
Warn,  T5284: BlendDNA: Did not find a field named `active_mask` in structure `CustomDataLayer`
Warn,  T5284: BlendDNA: Did not find a field named `uid` in structure `CustomDataLayer`
Warn,  T5284: <add reason>
Warn,  T5284: BlendDNA: Did not find a field named `active_clone` in structure `CustomDataLayer`
Warn,  T5284: BlendDNA: Did not find a field named `active_mask` in structure `CustomDataLayer`
Warn,  T5284: BlendDNA: Did not find a field named `uid` in structure `CustomDataLayer`
Warn,  T5284: <add reason>
Warn,  T5284: BlendDNA: Did not find a field named `pdata` in structure `Mesh`
Warn,  T5284: BlendDNA: Did not find a field named `ldata` in structure `Mesh`
Warn,  T5284: <add reason>
Warn,  T5284: BlendDNA: Did not find a field named `flag` in structure `Lamp`
Warn,  T5284: BlendDNA: Did not find a field named `coeff_const` in structure `Lamp`
Warn,  T5284: BlendDNA: Did not find a field named `coeff_lin` in structure `Lamp`
Warn,  T5284: BlendDNA: Did not find a field named `coeff_quad` in structure `Lamp`
Warn,  T5284: BlendDNA: Did not find a field named `*master_collection` in structure `Scene`
Info,  T5284: (Stats) Fields read: 156592563, pointers resolved: 32780, cache hits: 4294966067, cached objects: 1277
Warn,  T5284: BLEND: Encountered a texture with an unsupported type: 
Debug, T5284: UpdateImporterScale scale set: 1
Debug, T5284: ValidateDataStructureProcess begin
Warn,  T5284: Validation warning: aiLight::mAttenuationXXX - all are zero
Warn,  T5284: Validation warning: UV-mapped texture, but there are no UV coords
Debug, T5284: ValidateDataStructureProcess end
Info,  T5284: Load C:/projects/MM1/extern/assimp-master/assimp-master/test/models/BLEND/SmoothVsSolidCube_248.blend
Debug, T5284: Assimp 6.0.0 amd64 gcc debug shared singlethreadedsingle : 
Info,  T5284: Found a matching importer for this file format: Blender 3D Importer (http://www.blender3d.org).
Info,  T5284: Import root directory is 'C:/projects/MM1/extern/assimp-master/assimp-master/test/models/BLEND\'
Info,  T5284: BLEND: Blender version is 2.48 (64bit: false, little endian: true)
Debug, T5284: REND
Debug, T5284: GLOB
Debug, T5284: SR
Debug, T5284: DATA
Debug, T5284: SR
Debug, T5284: DATA
Debug, T5284: SR
Debug, T5284: DATA
Debug, T5284: SR
Debug, T5284: DATA
Debug, T5284: SR
Debug, T5284: DATA
Debug, T5284: SC
Debug, T5284: DATA
Debug, T5284: IM
Debug, T5284: CA
Debug, T5284: LA
Debug, T5284: DATA
Debug, T5284: WO
Debug, T5284: TX
Debug, T5284: DATA
Debug, T5284: OB
Debug, T5284: DATA
Debug, T5284: OB
Debug, T5284: DATA
Debug, T5284: OB
Debug, T5284: MA
Debug, T5284: DATA
Debug, T5284: TE
Debug, T5284: ME
Debug, T5284: DATA
Debug, T5284: ME
Debug, T5284: DATA
Debug, T5284: DNA1
Debug, T5284: BlenderDNA: Got 310 structures with totally 3868 fields
Debug, T5284: ENDB
Warn,  T5284: <add reason>
Warn,  T5284: BlendDNA: Did not find a field named `sensor_x` in structure `Camera`
Warn,  T5284: <add reason>
Warn,  T5284: BlendDNA: Did not find a field named `*master_collection` in structure `Scene`
Warn,  T5284: <add reason>
Warn,  T5284: BlendDNA: Did not find a field named `totloop` in structure `Mesh`
Warn,  T5284: BlendDNA: Did not find a field named `totpoly` in structure `Mesh`
Warn,  T5284: BlendDNA: Did not find a field named `*mloop` in structure `Mesh`
Warn,  T5284: BlendDNA: Did not find a field named `*mloopuv` in structure `Mesh`
Warn,  T5284: BlendDNA: Did not find a field named `*mloopcol` in structure `Mesh`
Warn,  T5284: BlendDNA: Did not find a field named `*mpoly` in structure `Mesh`
Warn,  T5284: BlendDNA: Did not find a field named `*mtpoly` in structure `Mesh`
Warn,  T5284: <add reason>
Warn,  T5284: BlendDNA: Did not find a field named `rot` in structure `MTex`
Warn,  T5284: BlendDNA: Did not find a field named `colspecfac` in structure `MTex`
Warn,  T5284: BlendDNA: Did not find a field named `mirrfac` in structure `MTex`
Warn,  T5284: BlendDNA: Did not find a field named `alphafac` in structure `MTex`
Warn,  T5284: BlendDNA: Did not find a field named `difffac` in structure `MTex`
Warn,  T5284: BlendDNA: Did not find a field named `specfac` in structure `MTex`
Warn,  T5284: BlendDNA: Did not find a field named `emitfac` in structure `MTex`
Warn,  T5284: BlendDNA: Did not find a field named `hardfac` in structure `MTex`
Warn,  T5284: BlendDNA: Did not find a field named `material_type` in structure `Material`
Warn,  T5284: BlendDNA: Did not find a field named `pr_texture` in structure `Material`
Warn,  T5284: BlendDNA: Did not find a field named `shadowonly_flag` in structure `Material`
Warn,  T5284: BlendDNA: Did not find a field named `index` in structure `Material`
Warn,  T5284: BlendDNA: Did not find a field named `vcol_alpha` in structure `Material`
Warn,  T5284: BlendDNA: Did not find a field named `typemap` in structure `CustomData`
Warn,  T5284: BlendDNA: Did not find a field named `active_clone` in structure `CustomDataLayer`
Warn,  T5284: BlendDNA: Did not find a field named `active_mask` in structure `CustomDataLayer`
Warn,  T5284: BlendDNA: Did not find a field named `uid` in structure `CustomDataLayer`
Warn,  T5284: <add reason>
Warn,  T5284: BlendDNA: Did not find a field named `active_clone` in structure `CustomDataLayer`
Warn,  T5284: BlendDNA: Did not find a field named `active_mask` in structure `CustomDataLayer`
Warn,  T5284: BlendDNA: Did not find a field named `uid` in structure `CustomDataLayer`
Warn,  T5284: <add reason>
Warn,  T5284: BlendDNA: Did not find a field named `active_clone` in structure `CustomDataLayer`
Warn,  T5284: BlendDNA: Did not find a field named `active_mask` in structure `CustomDataLayer`
Warn,  T5284: BlendDNA: Did not find a field named `uid` in structure `CustomDataLayer`
Warn,  T5284: <add reason>
Warn,  T5284: BlendDNA: Did not find a field named `active_clone` in structure `CustomDataLayer`
Warn,  T5284: BlendDNA: Did not find a field named `active_mask` in structure `CustomDataLayer`
Warn,  T5284: BlendDNA: Did not find a field named `uid` in structure `CustomDataLayer`
Warn,  T5284: <add reason>
Warn,  T5284: BlendDNA: Did not find a field named `active_clone` in structure `CustomDataLayer`
Warn,  T5284: BlendDNA: Did not find a field named `active_mask` in structure `CustomDataLayer`
Warn,  T5284: BlendDNA: Did not find a field named `uid` in structure `CustomDataLayer`
Warn,  T5284: <add reason>
Warn,  T5284: BlendDNA: Did not find a field named `typemap` in structure `CustomData`
Warn,  T5284: BlendDNA: Did not find a field named `active_clone` in structure `CustomDataLayer`
Warn,  T5284: BlendDNA: Did not find a field named `active_mask` in structure `CustomDataLayer`
Warn,  T5284: BlendDNA: Did not find a field named `uid` in structure `CustomDataLayer`
Warn,  T5284: <add reason>
Warn,  T5284: BlendDNA: Did not find a field named `active_clone` in structure `CustomDataLayer`
Warn,  T5284: BlendDNA: Did not find a field named `active_mask` in structure `CustomDataLayer`
Warn,  T5284: BlendDNA: Did not find a field named `uid` in structure `CustomDataLayer`
Warn,  T5284: <add reason>
Warn,  T5284: BlendDNA: Did not find a field named `active_clone` in structure `CustomDataLayer`
Warn,  T5284: BlendDNA: Did not find a field named `active_mask` in structure `CustomDataLayer`
Warn,  T5284: BlendDNA: Did not find a field named `uid` in structure `CustomDataLayer`
Warn,  T5284: <add reason>
Warn,  T5284: BlendDNA: Did not find a field named `active_clone` in structure `CustomDataLayer`
Warn,  T5284: BlendDNA: Did not find a field named `active_mask` in structure `CustomDataLayer`
Warn,  T5284: BlendDNA: Did not find a field named `uid` in structure `CustomDataLayer`
Warn,  T5284: <add reason>
Warn,  T5284: BlendDNA: Did not find a field named `active_clone` in structure `CustomDataLayer`
Warn,  T5284: BlendDNA: Did not find a field named `active_mask` in structure `CustomDataLayer`
Warn,  T5284: BlendDNA: Did not find a field named `uid` in structure `CustomDataLayer`
Warn,  T5284: <add reason>
Warn,  T5284: BlendDNA: Did not find a field named `typemap` in structure `CustomData`
Warn,  T5284: BlendDNA: Did not find a field named `active_clone` in structure `CustomDataLayer`
Warn,  T5284: BlendDNA: Did not find a field named `active_mask` in structure `CustomDataLayer`
Warn,  T5284: BlendDNA: Did not find a field named `uid` in structure `CustomDataLayer`
Warn,  T5284: <add reason>
Warn,  T5284: BlendDNA: Did not find a field named `active_clone` in structure `CustomDataLayer`
Warn,  T5284: BlendDNA: Did not find a field named `active_mask` in structure `CustomDataLayer`
Warn,  T5284: BlendDNA: Did not find a field named `uid` in structure `CustomDataLayer`
Warn,  T5284: <add reason>
Warn,  T5284: BlendDNA: Did not find a field named `active_clone` in structure `CustomDataLayer`
Warn,  T5284: BlendDNA: Did not find a field named `active_mask` in structure `CustomDataLayer`
Warn,  T5284: BlendDNA: Did not find a field named `uid` in structure `CustomDataLayer`
Warn,  T5284: <add reason>
Warn,  T5284: BlendDNA: Did not find a field named `active_clone` in structure `CustomDataLayer`
Warn,  T5284: BlendDNA: Did not find a field named `active_mask` in structure `CustomDataLayer`
Warn,  T5284: BlendDNA: Did not find a field named `uid` in structure `CustomDataLayer`
Warn,  T5284: <add reason>
Warn,  T5284: BlendDNA: Did not find a field named `active_clone` in structure `CustomDataLayer`
Warn,  T5284: BlendDNA: Did not find a field named `active_mask` in structure `CustomDataLayer`
Warn,  T5284: BlendDNA: Did not find a field named `uid` in structure `CustomDataLayer`
Warn,  T5284: <add reason>
Warn,  T5284: BlendDNA: Did not find a field named `pdata` in structure `Mesh`
Warn,  T5284: BlendDNA: Did not find a field named `ldata` in structure `Mesh`
Warn,  T5284: <add reason>
Warn,  T5284: BlendDNA: Did not find a field named `totloop` in structure `Mesh`
Warn,  T5284: BlendDNA: Did not find a field named `totpoly` in structure `Mesh`
Warn,  T5284: BlendDNA: Did not find a field named `*mloop` in structure `Mesh`
Warn,  T5284: BlendDNA: Did not find a field named `*mloopuv` in structure `Mesh`
Warn,  T5284: BlendDNA: Did not find a field named `*mloopcol` in structure `Mesh`
Warn,  T5284: BlendDNA: Did not find a field named `*mpoly` in structure `Mesh`
Warn,  T5284: BlendDNA: Did not find a field named `*mtpoly` in structure `Mesh`
Warn,  T5284: BlendDNA: Did not find a field named `typemap` in structure `CustomData`
Warn,  T5284: BlendDNA: Did not find a field named `active_clone` in structure `CustomDataLayer`
Warn,  T5284: BlendDNA: Did not find a field named `active_mask` in structure `CustomDataLayer`
Warn,  T5284: BlendDNA: Did not find a field named `uid` in structure `CustomDataLayer`
Warn,  T5284: <add reason>
Warn,  T5284: BlendDNA: Did not find a field named `active_clone` in structure `CustomDataLayer`
Warn,  T5284: BlendDNA: Did not find a field named `active_mask` in structure `CustomDataLayer`
Warn,  T5284: BlendDNA: Did not find a field named `uid` in structure `CustomDataLayer`
Warn,  T5284: <add reason>
Warn,  T5284: BlendDNA: Did not find a field named `active_clone` in structure `CustomDataLayer`
Warn,  T5284: BlendDNA: Did not find a field named `active_mask` in structure `CustomDataLayer`
Warn,  T5284: BlendDNA: Did not find a field named `uid` in structure `CustomDataLayer`
Warn,  T5284: <add reason>
Warn,  T5284: BlendDNA: Did not find a field named `active_clone` in structure `CustomDataLayer`
Warn,  T5284: BlendDNA: Did not find a field named `active_mask` in structure `CustomDataLayer`
Warn,  T5284: BlendDNA: Did not find a field named `uid` in structure `CustomDataLayer`
Warn,  T5284: <add reason>
Warn,  T5284: BlendDNA: Did not find a field named `active_clone` in structure `CustomDataLayer`
Warn,  T5284: BlendDNA: Did not find a field named `active_mask` in structure `CustomDataLayer`
Warn,  T5284: BlendDNA: Did not find a field named `uid` in structure `CustomDataLayer`
Warn,  T5284: <add reason>
Warn,  T5284: BlendDNA: Did not find a field named `typemap` in structure `CustomData`
Warn,  T5284: BlendDNA: Did not find a field named `active_clone` in structure `CustomDataLayer`
Warn,  T5284: BlendDNA: Did not find a field named `active_mask` in structure `CustomDataLayer`
Warn,  T5284: BlendDNA: Did not find a field named `uid` in structure `CustomDataLayer`
Warn,  T5284: <add reason>
Warn,  T5284: BlendDNA: Did not find a field named `active_clone` in structure `CustomDataLayer`
Warn,  T5284: BlendDNA: Did not find a field named `active_mask` in structure `CustomDataLayer`
Warn,  T5284: BlendDNA: Did not find a field named `uid` in structure `CustomDataLayer`
Warn,  T5284: <add reason>
Warn,  T5284: BlendDNA: Did not find a field named `active_clone` in structure `CustomDataLayer`
Warn,  T5284: BlendDNA: Did not find a field named `active_mask` in structure `CustomDataLayer`
Warn,  T5284: BlendDNA: Did not find a field named `uid` in structure `CustomDataLayer`
Warn,  T5284: <add reason>
Warn,  T5284: BlendDNA: Did not find a field named `active_clone` in structure `CustomDataLayer`
Warn,  T5284: BlendDNA: Did not find a field named `active_mask` in structure `CustomDataLayer`
Warn,  T5284: BlendDNA: Did not find a field named `uid` in structure `CustomDataLayer`
Warn,  T5284: <add reason>
Warn,  T5284: BlendDNA: Did not find a field named `active_clone` in structure `CustomDataLayer`
Warn,  T5284: BlendDNA: Did not find a field named `active_mask` in structure `CustomDataLayer`
Warn,  T5284: BlendDNA: Did not find a field named `uid` in structure `CustomDataLayer`
Warn,  T5284: <add reason>
Warn,  T5284: BlendDNA: Did not find a field named `typemap` in structure `CustomData`
Warn,  T5284: BlendDNA: Did not find a field named `active_clone` in structure `CustomDataLayer`
Warn,  T5284: BlendDNA: Did not find a field named `active_mask` in structure `CustomDataLayer`
Warn,  T5284: BlendDNA: Did not find a field named `uid` in structure `CustomDataLayer`
Warn,  T5284: <add reason>
Warn,  T5284: BlendDNA: Did not find a field named `active_clone` in structure `CustomDataLayer`
Warn,  T5284: BlendDNA: Did not find a field named `active_mask` in structure `CustomDataLayer`
Warn,  T5284: BlendDNA: Did not find a field named `uid` in structure `CustomDataLayer`
Warn,  T5284: <add reason>
Warn,  T5284: BlendDNA: Did not find a field named `active_clone` in structure `CustomDataLayer`
Warn,  T5284: BlendDNA: Did not find a field named `active_mask` in structure `CustomDataLayer`
Warn,  T5284: BlendDNA: Did not find a field named `uid` in structure `CustomDataLayer`
Warn,  T5284: <add reason>
Warn,  T5284: BlendDNA: Did not find a field named `active_clone` in structure `CustomDataLayer`
Warn,  T5284: BlendDNA: Did not find a field named `active_mask` in structure `CustomDataLayer`
Warn,  T5284: BlendDNA: Did not find a field named `uid` in structure `CustomDataLayer`
Warn,  T5284: <add reason>
Warn,  T5284: BlendDNA: Did not find a field named `active_clone` in structure `CustomDataLayer`
Warn,  T5284: BlendDNA: Did not find a field named `active_mask` in structure `CustomDataLayer`
Warn,  T5284: BlendDNA: Did not find a field named `uid` in structure `CustomDataLayer`
Warn,  T5284: <add reason>
Warn,  T5284: BlendDNA: Did not find a field named `pdata` in structure `Mesh`
Warn,  T5284: BlendDNA: Did not find a field named `ldata` in structure `Mesh`
Warn,  T5284: <add reason>
Warn,  T5284: BlendDNA: Did not find a field named `flag` in structure `Lamp`
Warn,  T5284: BlendDNA: Did not find a field named `coeff_const` in structure `Lamp`
Warn,  T5284: BlendDNA: Did not find a field named `coeff_lin` in structure `Lamp`
Warn,  T5284: BlendDNA: Did not find a field named `coeff_quad` in structure `Lamp`
Info,  T5284: (Stats) Fields read: 156531828, pointers resolved: 32786, cache hits: 4294966067, cached objects: 1280
Debug, T5284: UpdateImporterScale scale set: 1
Debug, T5284: ValidateDataStructureProcess begin
Warn,  T5284: Validation warning: aiLight::mAttenuationXXX - all are zero
Debug, T5284: ValidateDataStructureProcess end
Info,  T5284: Load C:/projects/MM1/extern/assimp-master/assimp-master/test/models/BLEND/Suzanne_248.blend
Debug, T5284: Assimp 6.0.0 amd64 gcc debug shared singlethreadedsingle : 
Info,  T5284: Found a matching importer for this file format: Blender 3D Importer (http://www.blender3d.org).
Info,  T5284: Import root directory is 'C:/projects/MM1/extern/assimp-master/assimp-master/test/models/BLEND\'
Info,  T5284: BLEND: Blender version is 2.48 (64bit: false, little endian: true)
Debug, T5284: REND
Debug, T5284: GLOB
Debug, T5284: SR
Debug, T5284: DATA
Debug, T5284: SR
Debug, T5284: DATA
Debug, T5284: SR
Debug, T5284: DATA
Debug, T5284: SR
Debug, T5284: DATA
Debug, T5284: SR
Debug, T5284: DATA
Debug, T5284: SC
Debug, T5284: DATA
Debug, T5284: CA
Debug, T5284: LA
Debug, T5284: DATA
Debug, T5284: WO
Debug, T5284: TX
Debug, T5284: DATA
Debug, T5284: OB
Debug, T5284: TE
Debug, T5284: ME
Debug, T5284: DATA
Debug, T5284: DNA1
Debug, T5284: BlenderDNA: Got 310 structures with totally 3868 fields
Debug, T5284: ENDB
Warn,  T5284: <add reason>
Warn,  T5284: BlendDNA: Did not find a field named `sensor_x` in structure `Camera`
Warn,  T5284: <add reason>
Warn,  T5284: BlendDNA: Did not find a field named `totloop` in structure `Mesh`
Warn,  T5284: BlendDNA: Did not find a field named `totpoly` in structure `Mesh`
Warn,  T5284: BlendDNA: Did not find a field named `*mloop` in structure `Mesh`
Warn,  T5284: BlendDNA: Did not find a field named `*mloopuv` in structure `Mesh`
Warn,  T5284: BlendDNA: Did not find a field named `*mloopcol` in structure `Mesh`
Warn,  T5284: BlendDNA: Did not find a field named `*mpoly` in structure `Mesh`
Warn,  T5284: BlendDNA: Did not find a field named `*mtpoly` in structure `Mesh`
Warn,  T5284: BlendDNA: Did not find a field named `typemap` in structure `CustomData`
Warn,  T5284: BlendDNA: Did not find a field named `active_clone` in structure `CustomDataLayer`
Warn,  T5284: BlendDNA: Did not find a field named `active_mask` in structure `CustomDataLayer`
Warn,  T5284: BlendDNA: Did not find a field named `uid` in structure `CustomDataLayer`
Warn,  T5284: <add reason>
Warn,  T5284: BlendDNA: Did not find a field named `active_clone` in structure `CustomDataLayer`
Warn,  T5284: BlendDNA: Did not find a field named `active_mask` in structure `CustomDataLayer`
Warn,  T5284: BlendDNA: Did not find a field named `uid` in structure `CustomDataLayer`
Warn,  T5284: <add reason>
Warn,  T5284: BlendDNA: Did not find a field named `active_clone` in structure `CustomDataLayer`
Warn,  T5284: BlendDNA: Did not find a field named `active_mask` in structure `CustomDataLayer`
Warn,  T5284: BlendDNA: Did not find a field named `uid` in structure `CustomDataLayer`
Warn,  T5284: <add reason>
Warn,  T5284: BlendDNA: Did not find a field named `active_clone` in structure `CustomDataLayer`
Warn,  T5284: BlendDNA: Did not find a field named `active_mask` in structure `CustomDataLayer`
Warn,  T5284: BlendDNA: Did not find a field named `uid` in structure `CustomDataLayer`
Warn,  T5284: <add reason>
Warn,  T5284: BlendDNA: Did not find a field named `active_clone` in structure `CustomDataLayer`
Warn,  T5284: BlendDNA: Did not find a field named `active_mask` in structure `CustomDataLayer`
Warn,  T5284: BlendDNA: Did not find a field named `uid` in structure `CustomDataLayer`
Warn,  T5284: <add reason>
Warn,  T5284: BlendDNA: Did not find a field named `typemap` in structure `CustomData`
Warn,  T5284: BlendDNA: Did not find a field named `active_clone` in structure `CustomDataLayer`
Warn,  T5284: BlendDNA: Did not find a field named `active_mask` in structure `CustomDataLayer`
Warn,  T5284: BlendDNA: Did not find a field named `uid` in structure `CustomDataLayer`
Warn,  T5284: <add reason>
Warn,  T5284: BlendDNA: Did not find a field named `active_clone` in structure `CustomDataLayer`
Warn,  T5284: BlendDNA: Did not find a field named `active_mask` in structure `CustomDataLayer`
Warn,  T5284: BlendDNA: Did not find a field named `uid` in structure `CustomDataLayer`
Warn,  T5284: <add reason>
Warn,  T5284: BlendDNA: Did not find a field named `active_clone` in structure `CustomDataLayer`
Warn,  T5284: BlendDNA: Did not find a field named `active_mask` in structure `CustomDataLayer`
Warn,  T5284: BlendDNA: Did not find a field named `uid` in structure `CustomDataLayer`
Warn,  T5284: <add reason>
Warn,  T5284: BlendDNA: Did not find a field named `active_clone` in structure `CustomDataLayer`
Warn,  T5284: BlendDNA: Did not find a field named `active_mask` in structure `CustomDataLayer`
Warn,  T5284: BlendDNA: Did not find a field named `uid` in structure `CustomDataLayer`
Warn,  T5284: <add reason>
Warn,  T5284: BlendDNA: Did not find a field named `active_clone` in structure `CustomDataLayer`
Warn,  T5284: BlendDNA: Did not find a field named `active_mask` in structure `CustomDataLayer`
Warn,  T5284: BlendDNA: Did not find a field named `uid` in structure `CustomDataLayer`
Warn,  T5284: <add reason>
Warn,  T5284: BlendDNA: Did not find a field named `typemap` in structure `CustomData`
Warn,  T5284: BlendDNA: Did not find a field named `active_clone` in structure `CustomDataLayer`
Warn,  T5284: BlendDNA: Did not find a field named `active_mask` in structure `CustomDataLayer`
Warn,  T5284: BlendDNA: Did not find a field named `uid` in structure `CustomDataLayer`
Warn,  T5284: <add reason>
Warn,  T5284: BlendDNA: Did not find a field named `active_clone` in structure `CustomDataLayer`
Warn,  T5284: BlendDNA: Did not find a field named `active_mask` in structure `CustomDataLayer`
Warn,  T5284: BlendDNA: Did not find a field named `uid` in structure `CustomDataLayer`
Warn,  T5284: <add reason>
Warn,  T5284: BlendDNA: Did not find a field named `active_clone` in structure `CustomDataLayer`
Warn,  T5284: BlendDNA: Did not find a field named `active_mask` in structure `CustomDataLayer`
Warn,  T5284: BlendDNA: Did not find a field named `uid` in structure `CustomDataLayer`
Warn,  T5284: <add reason>
Warn,  T5284: BlendDNA: Did not find a field named `active_clone` in structure `CustomDataLayer`
Warn,  T5284: BlendDNA: Did not find a field named `active_mask` in structure `CustomDataLayer`
Warn,  T5284: BlendDNA: Did not find a field named `uid` in structure `CustomDataLayer`
Warn,  T5284: <add reason>
Warn,  T5284: BlendDNA: Did not find a field named `active_clone` in structure `CustomDataLayer`
Warn,  T5284: BlendDNA: Did not find a field named `active_mask` in structure `CustomDataLayer`
Warn,  T5284: BlendDNA: Did not find a field named `uid` in structure `CustomDataLayer`
Warn,  T5284: <add reason>
Warn,  T5284: BlendDNA: Did not find a field named `pdata` in structure `Mesh`
Warn,  T5284: BlendDNA: Did not find a field named `ldata` in structure `Mesh`
Warn,  T5284: <add reason>
Warn,  T5284: BlendDNA: Did not find a field named `flag` in structure `Lamp`
Warn,  T5284: BlendDNA: Did not find a field named `coeff_const` in structure `Lamp`
Warn,  T5284: BlendDNA: Did not find a field named `coeff_lin` in structure `Lamp`
Warn,  T5284: BlendDNA: Did not find a field named `coeff_quad` in structure `Lamp`
Warn,  T5284: BlendDNA: Did not find a field named `*master_collection` in structure `Scene`
Info,  T5284: (Stats) Fields read: 156610586, pointers resolved: 32777, cache hits: 4294966067, cached objects: 1274
Info,  T5284: BLEND: Adding default material
Debug, T5284: UpdateImporterScale scale set: 1
Debug, T5284: ValidateDataStructureProcess begin
Warn,  T5284: Validation warning: aiLight::mAttenuationXXX - all are zero
Debug, T5284: ValidateDataStructureProcess end
Info,  T5284: Load C:/projects/MM1/extern/assimp-master/assimp-master/test/models/BLEND/SuzanneSubdiv_252.blend
Debug, T5284: Assimp 6.0.0 amd64 gcc debug shared singlethreadedsingle : 
Info,  T5284: Found a matching importer for this file format: Blender 3D Importer (http://www.blender3d.org).
Info,  T5284: Import root directory is 'C:/projects/MM1/extern/assimp-master/assimp-master/test/models/BLEND\'
Debug, T5284: BLEND: Found no BLENDER magic word but a GZIP header, might be a compressed file
Info,  T5284: BLEND: Blender version is 2.52 (64bit: true, little endian: true)
Debug, T5284: REND
Debug, T5284: TEST
Debug, T5284: GLOB
Debug, T5284: WM
Debug, T5284: DATA
Debug, T5284: SN
Debug, T5284: DATA
Debug, T5284: SN
Debug, T5284: DATA
Debug, T5284: SN
Debug, T5284: DATA
Debug, T5284: SN
Debug, T5284: DATA
Debug, T5284: SN
Debug, T5284: DATA
Debug, T5284: SN
Debug, T5284: DATA
Debug, T5284: SN
Debug, T5284: DATA
Debug, T5284: SC
Debug, T5284: DATA
Debug, T5284: CA
Debug, T5284: LA
Debug, T5284: DATA
Debug, T5284: WO
Debug, T5284: DATA
Debug, T5284: TX
Debug, T5284: DATA
Debug, T5284: OB
Debug, T5284: DATA
Debug, T5284: TE
Debug, T5284: DATA
Debug, T5284: ME
Debug, T5284: DATA
Debug, T5284: BR
Debug, T5284: DATA
Debug, T5284: BR
Debug, T5284: DATA
Debug, T5284: BR
Debug, T5284: DATA
Debug, T5284: BR
Debug, T5284: DATA
Debug, T5284: BR
Debug, T5284: DATA
Debug, T5284: BR
Debug, T5284: DATA
Debug, T5284: BR
Debug, T5284: DATA
Debug, T5284: BR
Debug, T5284: DATA
Debug, T5284: BR
Debug, T5284: DATA
Debug, T5284: BR
Debug, T5284: DATA
Debug, T5284: BR
Debug, T5284: DATA
Debug, T5284: BR
Debug, T5284: DATA
Debug, T5284: BR
Debug, T5284: DATA
Debug, T5284: BR
Debug, T5284: DATA
Debug, T5284: BR
Debug, T5284: DATA
Debug, T5284: BR
Debug, T5284: DATA
Debug, T5284: BR
Debug, T5284: DATA
Debug, T5284: BR
Debug, T5284: DATA
Debug, T5284: DNA1
Debug, T5284: BlenderDNA: Got 411 structures with totally 5057 fields
Debug, T5284: ENDB
Warn,  T5284: <add reason>
Warn,  T5284: BlendDNA: Did not find a field named `sensor_x` in structure `Camera`
Warn,  T5284: <add reason>
Warn,  T5284: BlendDNA: Did not find a field named `totloop` in structure `Mesh`
Warn,  T5284: BlendDNA: Did not find a field named `totpoly` in structure `Mesh`
Warn,  T5284: BlendDNA: Did not find a field named `*mloop` in structure `Mesh`
Warn,  T5284: BlendDNA: Did not find a field named `*mloopuv` in structure `Mesh`
Warn,  T5284: BlendDNA: Did not find a field named `*mloopcol` in structure `Mesh`
Warn,  T5284: BlendDNA: Did not find a field named `*mpoly` in structure `Mesh`
Warn,  T5284: BlendDNA: Did not find a field named `*mtpoly` in structure `Mesh`
Warn,  T5284: BlendDNA: Did not find a field named `typemap` in structure `CustomData`
Warn,  T5284: BlendDNA: Did not find a field named `uid` in structure `CustomDataLayer`
Warn,  T5284: <add reason>
Warn,  T5284: BlendDNA: Did not find a field named `uid` in structure `CustomDataLayer`
Warn,  T5284: <add reason>
Warn,  T5284: BlendDNA: Did not find a field named `uid` in structure `CustomDataLayer`
Warn,  T5284: <add reason>
Warn,  T5284: BlendDNA: Did not find a field named `uid` in structure `CustomDataLayer`
Warn,  T5284: <add reason>
Warn,  T5284: BlendDNA: Did not find a field named `uid` in structure `CustomDataLayer`
Warn,  T5284: <add reason>
Warn,  T5284: BlendDNA: Did not find a field named `typemap` in structure `CustomData`
Warn,  T5284: BlendDNA: Did not find a field named `uid` in structure `CustomDataLayer`
Warn,  T5284: <add reason>
Warn,  T5284: BlendDNA: Did not find a field named `uid` in structure `CustomDataLayer`
Warn,  T5284: <add reason>
Warn,  T5284: BlendDNA: Did not find a field named `uid` in structure `CustomDataLayer`
Warn,  T5284: <add reason>
Warn,  T5284: BlendDNA: Did not find a field named `uid` in structure `CustomDataLayer`
Warn,  T5284: <add reason>
Warn,  T5284: BlendDNA: Did not find a field named `uid` in structure `CustomDataLayer`
Warn,  T5284: <add reason>
Warn,  T5284: BlendDNA: Did not find a field named `typemap` in structure `CustomData`
Warn,  T5284: BlendDNA: Did not find a field named `uid` in structure `CustomDataLayer`
Warn,  T5284: <add reason>
Warn,  T5284: BlendDNA: Did not find a field named `uid` in structure `CustomDataLayer`
Warn,  T5284: <add reason>
Warn,  T5284: BlendDNA: Did not find a field named `uid` in structure `CustomDataLayer`
Warn,  T5284: <add reason>
Warn,  T5284: BlendDNA: Did not find a field named `uid` in structure `CustomDataLayer`
Warn,  T5284: <add reason>
Warn,  T5284: BlendDNA: Did not find a field named `uid` in structure `CustomDataLayer`
Warn,  T5284: <add reason>
Warn,  T5284: BlendDNA: Did not find a field named `pdata` in structure `Mesh`
Warn,  T5284: BlendDNA: Did not find a field named `ldata` in structure `Mesh`
Warn,  T5284: BlendDNA: Did not find a field named `*master_collection` in structure `Scene`
Warn,  T5284: <add reason>
Warn,  T5284: BlendDNA: Did not find a field named `coeff_const` in structure `Lamp`
Warn,  T5284: BlendDNA: Did not find a field named `coeff_lin` in structure `Lamp`
Warn,  T5284: BlendDNA: Did not find a field named `coeff_quad` in structure `Lamp`
Warn,  T5284: BlendDNA: Did not find a field named `att1` in structure `Lamp`
Warn,  T5284: BlendDNA: Did not find a field named `att2` in structure `Lamp`
Warn,  T5284: BlendDNA: Did not find a field named `area_sizez` in structure `Lamp`
Info,  T5284: (Stats) Fields read: 156562140, pointers resolved: 32778, cache hits: 4294966068, cached objects: 1275
Debug, T5284: Catmull-Clark Subdivider: got 42 bad edges touching only one face (totally 1005 edges). 
Debug, T5284: Catmull-Clark Subdivider: got 84 bad edges touching only one face (totally 3978 edges). 
Debug, T5284: Catmull-Clark Subdivider: got 196 bad edges touching only one face (totally 15842 edges). 
Debug, T5284: Catmull-Clark Subdivider: got 484 bad edges touching only one face (totally 63218 edges). 
Info,  T5284: BlendModifier: Applied the `Subdivision` modifier to `OBMonkey`
Debug, T5284: BlendModifier: found handlers for 1 of 1 modifiers on `OBMonkey`, check log messages above for errors
Info,  T5284: BLEND: Adding default material
Debug, T5284: UpdateImporterScale scale set: 1
Debug, T5284: ValidateDataStructureProcess begin
Warn,  T5284: Validation warning: aiLight::mAttenuationXXX - all are zero
Debug, T5284: ValidateDataStructureProcess end
Info,  T5284: Load C:/projects/MM1/extern/assimp-master/assimp-master/test/models/BLEND/TexturedCube_ImageGlob_248.blend
Debug, T5284: Assimp 6.0.0 amd64 gcc debug shared singlethreadedsingle : 
Info,  T5284: Found a matching importer for this file format: Blender 3D Importer (http://www.blender3d.org).
Info,  T5284: Import root directory is 'C:/projects/MM1/extern/assimp-master/assimp-master/test/models/BLEND\'
Info,  T5284: BLEND: Blender version is 2.48 (64bit: false, little endian: true)
Debug, T5284: REND
Debug, T5284: GLOB
Debug, T5284: SR
Debug, T5284: DATA
Debug, T5284: SR
Debug, T5284: DATA
Debug, T5284: SR
Debug, T5284: DATA
Debug, T5284: SR
Debug, T5284: DATA
Debug, T5284: SR
Debug, T5284: DATA
Debug, T5284: SC
Debug, T5284: DATA
Debug, T5284: IM
Debug, T5284: DATA
Debug, T5284: CA
Debug, T5284: LA
Debug, T5284: DATA
Debug, T5284: WO
Debug, T5284: DATA
Debug, T5284: TX
Debug, T5284: DATA
Debug, T5284: OB
Debug, T5284: DATA
Debug, T5284: OB
Debug, T5284: MA
Debug, T5284: DATA
Debug, T5284: TE
Debug, T5284: DATA
Debug, T5284: ME
Debug, T5284: DATA
Debug, T5284: BR
Debug, T5284: DNA1
Debug, T5284: BlenderDNA: Got 310 structures with totally 3868 fields
Debug, T5284: ENDB
Warn,  T5284: <add reason>
Warn,  T5284: BlendDNA: Did not find a field named `sensor_x` in structure `Camera`
Warn,  T5284: <add reason>
Warn,  T5284: BlendDNA: Did not find a field named `totloop` in structure `Mesh`
Warn,  T5284: BlendDNA: Did not find a field named `totpoly` in structure `Mesh`
Warn,  T5284: BlendDNA: Did not find a field named `*mloop` in structure `Mesh`
Warn,  T5284: BlendDNA: Did not find a field named `*mloopuv` in structure `Mesh`
Warn,  T5284: BlendDNA: Did not find a field named `*mloopcol` in structure `Mesh`
Warn,  T5284: BlendDNA: Did not find a field named `*mpoly` in structure `Mesh`
Warn,  T5284: BlendDNA: Did not find a field named `*mtpoly` in structure `Mesh`
Warn,  T5284: <add reason>
Warn,  T5284: BlendDNA: Did not find a field named `rot` in structure `MTex`
Warn,  T5284: BlendDNA: Did not find a field named `colspecfac` in structure `MTex`
Warn,  T5284: BlendDNA: Did not find a field named `mirrfac` in structure `MTex`
Warn,  T5284: BlendDNA: Did not find a field named `alphafac` in structure `MTex`
Warn,  T5284: BlendDNA: Did not find a field named `difffac` in structure `MTex`
Warn,  T5284: BlendDNA: Did not find a field named `specfac` in structure `MTex`
Warn,  T5284: BlendDNA: Did not find a field named `emitfac` in structure `MTex`
Warn,  T5284: BlendDNA: Did not find a field named `hardfac` in structure `MTex`
Warn,  T5284: BlendDNA: Did not find a field named `material_type` in structure `Material`
Warn,  T5284: BlendDNA: Did not find a field named `pr_texture` in structure `Material`
Warn,  T5284: BlendDNA: Did not find a field named `shadowonly_flag` in structure `Material`
Warn,  T5284: BlendDNA: Did not find a field named `index` in structure `Material`
Warn,  T5284: BlendDNA: Did not find a field named `vcol_alpha` in structure `Material`
Warn,  T5284: BlendDNA: Did not find a field named `typemap` in structure `CustomData`
Warn,  T5284: BlendDNA: Did not find a field named `active_clone` in structure `CustomDataLayer`
Warn,  T5284: BlendDNA: Did not find a field named `active_mask` in structure `CustomDataLayer`
Warn,  T5284: BlendDNA: Did not find a field named `uid` in structure `CustomDataLayer`
Warn,  T5284: <add reason>
Warn,  T5284: BlendDNA: Did not find a field named `active_clone` in structure `CustomDataLayer`
Warn,  T5284: BlendDNA: Did not find a field named `active_mask` in structure `CustomDataLayer`
Warn,  T5284: BlendDNA: Did not find a field named `uid` in structure `CustomDataLayer`
Warn,  T5284: <add reason>
Warn,  T5284: BlendDNA: Did not find a field named `active_clone` in structure `CustomDataLayer`
Warn,  T5284: BlendDNA: Did not find a field named `active_mask` in structure `CustomDataLayer`
Warn,  T5284: BlendDNA: Did not find a field named `uid` in structure `CustomDataLayer`
Warn,  T5284: <add reason>
Warn,  T5284: BlendDNA: Did not find a field named `active_clone` in structure `CustomDataLayer`
Warn,  T5284: BlendDNA: Did not find a field named `active_mask` in structure `CustomDataLayer`
Warn,  T5284: BlendDNA: Did not find a field named `uid` in structure `CustomDataLayer`
Warn,  T5284: <add reason>
Warn,  T5284: BlendDNA: Did not find a field named `active_clone` in structure `CustomDataLayer`
Warn,  T5284: BlendDNA: Did not find a field named `active_mask` in structure `CustomDataLayer`
Warn,  T5284: BlendDNA: Did not find a field named `uid` in structure `CustomDataLayer`
Warn,  T5284: <add reason>
Warn,  T5284: BlendDNA: Did not find a field named `typemap` in structure `CustomData`
Warn,  T5284: BlendDNA: Did not find a field named `active_clone` in structure `CustomDataLayer`
Warn,  T5284: BlendDNA: Did not find a field named `active_mask` in structure `CustomDataLayer`
Warn,  T5284: BlendDNA: Did not find a field named `uid` in structure `CustomDataLayer`
Warn,  T5284: <add reason>
Warn,  T5284: BlendDNA: Did not find a field named `active_clone` in structure `CustomDataLayer`
Warn,  T5284: BlendDNA: Did not find a field named `active_mask` in structure `CustomDataLayer`
Warn,  T5284: BlendDNA: Did not find a field named `uid` in structure `CustomDataLayer`
Warn,  T5284: <add reason>
Warn,  T5284: BlendDNA: Did not find a field named `active_clone` in structure `CustomDataLayer`
Warn,  T5284: BlendDNA: Did not find a field named `active_mask` in structure `CustomDataLayer`
Warn,  T5284: BlendDNA: Did not find a field named `uid` in structure `CustomDataLayer`
Warn,  T5284: <add reason>
Warn,  T5284: BlendDNA: Did not find a field named `active_clone` in structure `CustomDataLayer`
Warn,  T5284: BlendDNA: Did not find a field named `active_mask` in structure `CustomDataLayer`
Warn,  T5284: BlendDNA: Did not find a field named `uid` in structure `CustomDataLayer`
Warn,  T5284: <add reason>
Warn,  T5284: BlendDNA: Did not find a field named `active_clone` in structure `CustomDataLayer`
Warn,  T5284: BlendDNA: Did not find a field named `active_mask` in structure `CustomDataLayer`
Warn,  T5284: BlendDNA: Did not find a field named `uid` in structure `CustomDataLayer`
Warn,  T5284: <add reason>
Warn,  T5284: BlendDNA: Did not find a field named `typemap` in structure `CustomData`
Warn,  T5284: BlendDNA: Did not find a field named `active_clone` in structure `CustomDataLayer`
Warn,  T5284: BlendDNA: Did not find a field named `active_mask` in structure `CustomDataLayer`
Warn,  T5284: BlendDNA: Did not find a field named `uid` in structure `CustomDataLayer`
Warn,  T5284: <add reason>
Warn,  T5284: BlendDNA: Did not find a field named `active_clone` in structure `CustomDataLayer`
Warn,  T5284: BlendDNA: Did not find a field named `active_mask` in structure `CustomDataLayer`
Warn,  T5284: BlendDNA: Did not find a field named `uid` in structure `CustomDataLayer`
Warn,  T5284: <add reason>
Warn,  T5284: BlendDNA: Did not find a field named `active_clone` in structure `CustomDataLayer`
Warn,  T5284: BlendDNA: Did not find a field named `active_mask` in structure `CustomDataLayer`
Warn,  T5284: BlendDNA: Did not find a field named `uid` in structure `CustomDataLayer`
Warn,  T5284: <add reason>
Warn,  T5284: BlendDNA: Did not find a field named `active_clone` in structure `CustomDataLayer`
Warn,  T5284: BlendDNA: Did not find a field named `active_mask` in structure `CustomDataLayer`
Warn,  T5284: BlendDNA: Did not find a field named `uid` in structure `CustomDataLayer`
Warn,  T5284: <add reason>
Warn,  T5284: BlendDNA: Did not find a field named `active_clone` in structure `CustomDataLayer`
Warn,  T5284: BlendDNA: Did not find a field named `active_mask` in structure `CustomDataLayer`
Warn,  T5284: BlendDNA: Did not find a field named `uid` in structure `CustomDataLayer`
Warn,  T5284: <add reason>
Warn,  T5284: BlendDNA: Did not find a field named `pdata` in structure `Mesh`
Warn,  T5284: BlendDNA: Did not find a field named `ldata` in structure `Mesh`
Warn,  T5284: <add reason>
Warn,  T5284: BlendDNA: Did not find a field named `flag` in structure `Lamp`
Warn,  T5284: BlendDNA: Did not find a field named `coeff_const` in structure `Lamp`
Warn,  T5284: BlendDNA: Did not find a field named `coeff_lin` in structure `Lamp`
Warn,  T5284: BlendDNA: Did not find a field named `coeff_quad` in structure `Lamp`
Warn,  T5284: BlendDNA: Did not find a field named `*master_collection` in structure `Scene`
Info,  T5284: (Stats) Fields read: 156531447, pointers resolved: 32782, cache hits: 4294966067, cached objects: 1278
Debug, T5284: UpdateImporterScale scale set: 1
Debug, T5284: ValidateDataStructureProcess begin
Warn,  T5284: Validation warning: aiLight::mAttenuationXXX - all are zero
Debug, T5284: ValidateDataStructureProcess end
Info,  T5284: Load C:/projects/MM1/extern/assimp-master/assimp-master/test/models/BLEND/TexturedPlane_ImageUv_248.blend
Debug, T5284: Assimp 6.0.0 amd64 gcc debug shared singlethreadedsingle : 
Info,  T5284: Found a matching importer for this file format: Blender 3D Importer (http://www.blender3d.org).
Info,  T5284: Import root directory is 'C:/projects/MM1/extern/assimp-master/assimp-master/test/models/BLEND\'
Info,  T5284: BLEND: Blender version is 2.48 (64bit: false, little endian: true)
Debug, T5284: REND
Debug, T5284: GLOB
Debug, T5284: SR
Debug, T5284: DATA
Debug, T5284: SR
Debug, T5284: DATA
Debug, T5284: SR
Debug, T5284: DATA
Debug, T5284: SR
Debug, T5284: DATA
Debug, T5284: SR
Debug, T5284: DATA
Debug, T5284: SC
Debug, T5284: DATA
Debug, T5284: IM
Debug, T5284: DATA
Debug, T5284: CA
Debug, T5284: LA
Debug, T5284: DATA
Debug, T5284: WO
Debug, T5284: DATA
Debug, T5284: TX
Debug, T5284: DATA
Debug, T5284: OB
Debug, T5284: DATA
Debug, T5284: MA
Debug, T5284: DATA
Debug, T5284: TE
Debug, T5284: DATA
Debug, T5284: TE
Debug, T5284: DATA
Debug, T5284: TE
Debug, T5284: DATA
Debug, T5284: ME
Debug, T5284: DATA
Debug, T5284: BR
Debug, T5284: DNA1
Debug, T5284: BlenderDNA: Got 310 structures with totally 3868 fields
Debug, T5284: ENDB
Warn,  T5284: <add reason>
Warn,  T5284: BlendDNA: Did not find a field named `sensor_x` in structure `Camera`
Warn,  T5284: <add reason>
Warn,  T5284: BlendDNA: Did not find a field named `totloop` in structure `Mesh`
Warn,  T5284: BlendDNA: Did not find a field named `totpoly` in structure `Mesh`
Warn,  T5284: BlendDNA: Did not find a field named `*mloop` in structure `Mesh`
Warn,  T5284: BlendDNA: Did not find a field named `*mloopuv` in structure `Mesh`
Warn,  T5284: BlendDNA: Did not find a field named `*mloopcol` in structure `Mesh`
Warn,  T5284: BlendDNA: Did not find a field named `*mpoly` in structure `Mesh`
Warn,  T5284: BlendDNA: Did not find a field named `*mtpoly` in structure `Mesh`
Warn,  T5284: <add reason>
Warn,  T5284: BlendDNA: Did not find a field named `rot` in structure `MTex`
Warn,  T5284: BlendDNA: Did not find a field named `colspecfac` in structure `MTex`
Warn,  T5284: BlendDNA: Did not find a field named `mirrfac` in structure `MTex`
Warn,  T5284: BlendDNA: Did not find a field named `alphafac` in structure `MTex`
Warn,  T5284: BlendDNA: Did not find a field named `difffac` in structure `MTex`
Warn,  T5284: BlendDNA: Did not find a field named `specfac` in structure `MTex`
Warn,  T5284: BlendDNA: Did not find a field named `emitfac` in structure `MTex`
Warn,  T5284: BlendDNA: Did not find a field named `hardfac` in structure `MTex`
Warn,  T5284: BlendDNA: Did not find a field named `material_type` in structure `Material`
Warn,  T5284: BlendDNA: Did not find a field named `pr_texture` in structure `Material`
Warn,  T5284: BlendDNA: Did not find a field named `shadowonly_flag` in structure `Material`
Warn,  T5284: BlendDNA: Did not find a field named `index` in structure `Material`
Warn,  T5284: BlendDNA: Did not find a field named `vcol_alpha` in structure `Material`
Warn,  T5284: BlendDNA: Did not find a field named `typemap` in structure `CustomData`
Warn,  T5284: BlendDNA: Did not find a field named `active_clone` in structure `CustomDataLayer`
Warn,  T5284: BlendDNA: Did not find a field named `active_mask` in structure `CustomDataLayer`
Warn,  T5284: BlendDNA: Did not find a field named `uid` in structure `CustomDataLayer`
Warn,  T5284: <add reason>
Warn,  T5284: BlendDNA: Did not find a field named `active_clone` in structure `CustomDataLayer`
Warn,  T5284: BlendDNA: Did not find a field named `active_mask` in structure `CustomDataLayer`
Warn,  T5284: BlendDNA: Did not find a field named `uid` in structure `CustomDataLayer`
Warn,  T5284: <add reason>
Warn,  T5284: BlendDNA: Did not find a field named `active_clone` in structure `CustomDataLayer`
Warn,  T5284: BlendDNA: Did not find a field named `active_mask` in structure `CustomDataLayer`
Warn,  T5284: BlendDNA: Did not find a field named `uid` in structure `CustomDataLayer`
Warn,  T5284: <add reason>
Warn,  T5284: BlendDNA: Did not find a field named `active_clone` in structure `CustomDataLayer`
Warn,  T5284: BlendDNA: Did not find a field named `active_mask` in structure `CustomDataLayer`
Warn,  T5284: BlendDNA: Did not find a field named `uid` in structure `CustomDataLayer`
Warn,  T5284: <add reason>
Warn,  T5284: BlendDNA: Did not find a field named `active_clone` in structure `CustomDataLayer`
Warn,  T5284: BlendDNA: Did not find a field named `active_mask` in structure `CustomDataLayer`
Warn,  T5284: BlendDNA: Did not find a field named `uid` in structure `CustomDataLayer`
Warn,  T5284: <add reason>
Warn,  T5284: BlendDNA: Did not find a field named `typemap` in structure `CustomData`
Warn,  T5284: BlendDNA: Did not find a field named `active_clone` in structure `CustomDataLayer`
Warn,  T5284: BlendDNA: Did not find a field named `active_mask` in structure `CustomDataLayer`
Warn,  T5284: BlendDNA: Did not find a field named `uid` in structure `CustomDataLayer`
Warn,  T5284: <add reason>
Warn,  T5284: BlendDNA: Did not find a field named `active_clone` in structure `CustomDataLayer`
Warn,  T5284: BlendDNA: Did not find a field named `active_mask` in structure `CustomDataLayer`
Warn,  T5284: BlendDNA: Did not find a field named `uid` in structure `CustomDataLayer`
Warn,  T5284: <add reason>
Warn,  T5284: BlendDNA: Did not find a field named `active_clone` in structure `CustomDataLayer`
Warn,  T5284: BlendDNA: Did not find a field named `active_mask` in structure `CustomDataLayer`
Warn,  T5284: BlendDNA: Did not find a field named `uid` in structure `CustomDataLayer`
Warn,  T5284: <add reason>
Warn,  T5284: BlendDNA: Did not find a field named `active_clone` in structure `CustomDataLayer`
Warn,  T5284: BlendDNA: Did not find a field named `active_mask` in structure `CustomDataLayer`
Warn,  T5284: BlendDNA: Did not find a field named `uid` in structure `CustomDataLayer`
Warn,  T5284: <add reason>
Warn,  T5284: BlendDNA: Did not find a field named `active_clone` in structure `CustomDataLayer`
Warn,  T5284: BlendDNA: Did not find a field named `active_mask` in structure `CustomDataLayer`
Warn,  T5284: BlendDNA: Did not find a field named `uid` in structure `CustomDataLayer`
Warn,  T5284: <add reason>
Warn,  T5284: BlendDNA: Did not find a field named `typemap` in structure `CustomData`
Warn,  T5284: BlendDNA: Did not find a field named `active_clone` in structure `CustomDataLayer`
Warn,  T5284: BlendDNA: Did not find a field named `active_mask` in structure `CustomDataLayer`
Warn,  T5284: BlendDNA: Did not find a field named `uid` in structure `CustomDataLayer`
Warn,  T5284: <add reason>
Warn,  T5284: BlendDNA: Did not find a field named `active_clone` in structure `CustomDataLayer`
Warn,  T5284: BlendDNA: Did not find a field named `active_mask` in structure `CustomDataLayer`
Warn,  T5284: BlendDNA: Did not find a field named `uid` in structure `CustomDataLayer`
Warn,  T5284: <add reason>
Warn,  T5284: BlendDNA: Did not find a field named `active_clone` in structure `CustomDataLayer`
Warn,  T5284: BlendDNA: Did not find a field named `active_mask` in structure `CustomDataLayer`
Warn,  T5284: BlendDNA: Did not find a field named `uid` in structure `CustomDataLayer`
Warn,  T5284: <add reason>
Warn,  T5284: BlendDNA: Did not find a field named `active_clone` in structure `CustomDataLayer`
Warn,  T5284: BlendDNA: Did not find a field named `active_mask` in structure `CustomDataLayer`
Warn,  T5284: BlendDNA: Did not find a field named `uid` in structure `CustomDataLayer`
Warn,  T5284: <add reason>
Warn,  T5284: BlendDNA: Did not find a field named `active_clone` in structure `CustomDataLayer`
Warn,  T5284: BlendDNA: Did not find a field named `active_mask` in structure `CustomDataLayer`
Warn,  T5284: BlendDNA: Did not find a field named `uid` in structure `CustomDataLayer`
Warn,  T5284: <add reason>
Warn,  T5284: BlendDNA: Did not find a field named `pdata` in structure `Mesh`
Warn,  T5284: BlendDNA: Did not find a field named `ldata` in structure `Mesh`
Warn,  T5284: <add reason>
Warn,  T5284: BlendDNA: Did not find a field named `flag` in structure `Lamp`
Warn,  T5284: BlendDNA: Did not find a field named `coeff_const` in structure `Lamp`
Warn,  T5284: BlendDNA: Did not find a field named `coeff_lin` in structure `Lamp`
Warn,  T5284: BlendDNA: Did not find a field named `coeff_quad` in structure `Lamp`
Warn,  T5284: BlendDNA: Did not find a field named `*master_collection` in structure `Scene`
Info,  T5284: (Stats) Fields read: 156531225, pointers resolved: 32782, cache hits: 4294966067, cached objects: 1278
Debug, T5284: UpdateImporterScale scale set: 1
Debug, T5284: ValidateDataStructureProcess begin
Warn,  T5284: Validation warning: aiLight::mAttenuationXXX - all are zero
Debug, T5284: ValidateDataStructureProcess end
Info,  T5284: Load C:/projects/MM1/extern/assimp-master/assimp-master/test/models/BLEND/TexturedPlane_ImageUvPacked_248.blend
Debug, T5284: Assimp 6.0.0 amd64 gcc debug shared singlethreadedsingle : 
Info,  T5284: Found a matching importer for this file format: Blender 3D Importer (http://www.blender3d.org).
Info,  T5284: Import root directory is 'C:/projects/MM1/extern/assimp-master/assimp-master/test/models/BLEND\'
Info,  T5284: BLEND: Blender version is 2.48 (64bit: false, little endian: true)
Debug, T5284: REND
Debug, T5284: GLOB
Debug, T5284: SR
Debug, T5284: DATA
Debug, T5284: SR
Debug, T5284: DATA
Debug, T5284: SR
Debug, T5284: DATA
Debug, T5284: SR
Debug, T5284: DATA
Debug, T5284: SR
Debug, T5284: DATA
Debug, T5284: SC
Debug, T5284: DATA
Debug, T5284: IM
Debug, T5284: DATA
Debug, T5284: CA
Debug, T5284: LA
Debug, T5284: DATA
Debug, T5284: WO
Debug, T5284: DATA
Debug, T5284: TX
Debug, T5284: DATA
Debug, T5284: OB
Debug, T5284: DATA
Debug, T5284: MA
Debug, T5284: DATA
Debug, T5284: TE
Debug, T5284: DATA
Debug, T5284: TE
Debug, T5284: DATA
Debug, T5284: TE
Debug, T5284: DATA
Debug, T5284: ME
Debug, T5284: DATA
Debug, T5284: BR
Debug, T5284: DNA1
Debug, T5284: BlenderDNA: Got 310 structures with totally 3868 fields
Debug, T5284: ENDB
Warn,  T5284: <add reason>
Warn,  T5284: BlendDNA: Did not find a field named `sensor_x` in structure `Camera`
Warn,  T5284: <add reason>
Warn,  T5284: BlendDNA: Did not find a field named `totloop` in structure `Mesh`
Warn,  T5284: BlendDNA: Did not find a field named `totpoly` in structure `Mesh`
Warn,  T5284: BlendDNA: Did not find a field named `*mloop` in structure `Mesh`
Warn,  T5284: BlendDNA: Did not find a field named `*mloopuv` in structure `Mesh`
Warn,  T5284: BlendDNA: Did not find a field named `*mloopcol` in structure `Mesh`
Warn,  T5284: BlendDNA: Did not find a field named `*mpoly` in structure `Mesh`
Warn,  T5284: BlendDNA: Did not find a field named `*mtpoly` in structure `Mesh`
Warn,  T5284: <add reason>
Warn,  T5284: BlendDNA: Did not find a field named `rot` in structure `MTex`
Warn,  T5284: BlendDNA: Did not find a field named `colspecfac` in structure `MTex`
Warn,  T5284: BlendDNA: Did not find a field named `mirrfac` in structure `MTex`
Warn,  T5284: BlendDNA: Did not find a field named `alphafac` in structure `MTex`
Warn,  T5284: BlendDNA: Did not find a field named `difffac` in structure `MTex`
Warn,  T5284: BlendDNA: Did not find a field named `specfac` in structure `MTex`
Warn,  T5284: BlendDNA: Did not find a field named `emitfac` in structure `MTex`
Warn,  T5284: BlendDNA: Did not find a field named `hardfac` in structure `MTex`
Warn,  T5284: BlendDNA: Did not find a field named `material_type` in structure `Material`
Warn,  T5284: BlendDNA: Did not find a field named `pr_texture` in structure `Material`
Warn,  T5284: BlendDNA: Did not find a field named `shadowonly_flag` in structure `Material`
Warn,  T5284: BlendDNA: Did not find a field named `index` in structure `Material`
Warn,  T5284: BlendDNA: Did not find a field named `vcol_alpha` in structure `Material`
Warn,  T5284: BlendDNA: Did not find a field named `typemap` in structure `CustomData`
Warn,  T5284: BlendDNA: Did not find a field named `active_clone` in structure `CustomDataLayer`
Warn,  T5284: BlendDNA: Did not find a field named `active_mask` in structure `CustomDataLayer`
Warn,  T5284: BlendDNA: Did not find a field named `uid` in structure `CustomDataLayer`
Warn,  T5284: <add reason>
Warn,  T5284: BlendDNA: Did not find a field named `active_clone` in structure `CustomDataLayer`
Warn,  T5284: BlendDNA: Did not find a field named `active_mask` in structure `CustomDataLayer`
Warn,  T5284: BlendDNA: Did not find a field named `uid` in structure `CustomDataLayer`
Warn,  T5284: <add reason>
Warn,  T5284: BlendDNA: Did not find a field named `active_clone` in structure `CustomDataLayer`
Warn,  T5284: BlendDNA: Did not find a field named `active_mask` in structure `CustomDataLayer`
Warn,  T5284: BlendDNA: Did not find a field named `uid` in structure `CustomDataLayer`
Warn,  T5284: <add reason>
Warn,  T5284: BlendDNA: Did not find a field named `active_clone` in structure `CustomDataLayer`
Warn,  T5284: BlendDNA: Did not find a field named `active_mask` in structure `CustomDataLayer`
Warn,  T5284: BlendDNA: Did not find a field named `uid` in structure `CustomDataLayer`
Warn,  T5284: <add reason>
Warn,  T5284: BlendDNA: Did not find a field named `active_clone` in structure `CustomDataLayer`
Warn,  T5284: BlendDNA: Did not find a field named `active_mask` in structure `CustomDataLayer`
Warn,  T5284: BlendDNA: Did not find a field named `uid` in structure `CustomDataLayer`
Warn,  T5284: <add reason>
Warn,  T5284: BlendDNA: Did not find a field named `typemap` in structure `CustomData`
Warn,  T5284: BlendDNA: Did not find a field named `active_clone` in structure `CustomDataLayer`
Warn,  T5284: BlendDNA: Did not find a field named `active_mask` in structure `CustomDataLayer`
Warn,  T5284: BlendDNA: Did not find a field named `uid` in structure `CustomDataLayer`
Warn,  T5284: <add reason>
Warn,  T5284: BlendDNA: Did not find a field named `active_clone` in structure `CustomDataLayer`
Warn,  T5284: BlendDNA: Did not find a field named `active_mask` in structure `CustomDataLayer`
Warn,  T5284: BlendDNA: Did not find a field named `uid` in structure `CustomDataLayer`
Warn,  T5284: <add reason>
Warn,  T5284: BlendDNA: Did not find a field named `active_clone` in structure `CustomDataLayer`
Warn,  T5284: BlendDNA: Did not find a field named `active_mask` in structure `CustomDataLayer`
Warn,  T5284: BlendDNA: Did not find a field named `uid` in structure `CustomDataLayer`
Warn,  T5284: <add reason>
Warn,  T5284: BlendDNA: Did not find a field named `active_clone` in structure `CustomDataLayer`
Warn,  T5284: BlendDNA: Did not find a field named `active_mask` in structure `CustomDataLayer`
Warn,  T5284: BlendDNA: Did not find a field named `uid` in structure `CustomDataLayer`
Warn,  T5284: <add reason>
Warn,  T5284: BlendDNA: Did not find a field named `active_clone` in structure `CustomDataLayer`
Warn,  T5284: BlendDNA: Did not find a field named `active_mask` in structure `CustomDataLayer`
Warn,  T5284: BlendDNA: Did not find a field named `uid` in structure `CustomDataLayer`
Warn,  T5284: <add reason>
Warn,  T5284: BlendDNA: Did not find a field named `typemap` in structure `CustomData`
Warn,  T5284: BlendDNA: Did not find a field named `active_clone` in structure `CustomDataLayer`
Warn,  T5284: BlendDNA: Did not find a field named `active_mask` in structure `CustomDataLayer`
Warn,  T5284: BlendDNA: Did not find a field named `uid` in structure `CustomDataLayer`
Warn,  T5284: <add reason>
Warn,  T5284: BlendDNA: Did not find a field named `active_clone` in structure `CustomDataLayer`
Warn,  T5284: BlendDNA: Did not find a field named `active_mask` in structure `CustomDataLayer`
Warn,  T5284: BlendDNA: Did not find a field named `uid` in structure `CustomDataLayer`
Warn,  T5284: <add reason>
Warn,  T5284: BlendDNA: Did not find a field named `active_clone` in structure `CustomDataLayer`
Warn,  T5284: BlendDNA: Did not find a field named `active_mask` in structure `CustomDataLayer`
Warn,  T5284: BlendDNA: Did not find a field named `uid` in structure `CustomDataLayer`
Warn,  T5284: <add reason>
Warn,  T5284: BlendDNA: Did not find a field named `active_clone` in structure `CustomDataLayer`
Warn,  T5284: BlendDNA: Did not find a field named `active_mask` in structure `CustomDataLayer`
Warn,  T5284: BlendDNA: Did not find a field named `uid` in structure `CustomDataLayer`
Warn,  T5284: <add reason>
Warn,  T5284: BlendDNA: Did not find a field named `active_clone` in structure `CustomDataLayer`
Warn,  T5284: BlendDNA: Did not find a field named `active_mask` in structure `CustomDataLayer`
Warn,  T5284: BlendDNA: Did not find a field named `uid` in structure `CustomDataLayer`
Warn,  T5284: <add reason>
Warn,  T5284: BlendDNA: Did not find a field named `pdata` in structure `Mesh`
Warn,  T5284: BlendDNA: Did not find a field named `ldata` in structure `Mesh`
Warn,  T5284: <add reason>
Warn,  T5284: BlendDNA: Did not find a field named `flag` in structure `Lamp`
Warn,  T5284: BlendDNA: Did not find a field named `coeff_const` in structure `Lamp`
Warn,  T5284: BlendDNA: Did not find a field named `coeff_lin` in structure `Lamp`
Warn,  T5284: BlendDNA: Did not find a field named `coeff_quad` in structure `Lamp`
Warn,  T5284: BlendDNA: Did not find a field named `*master_collection` in structure `Scene`
Info,  T5284: (Stats) Fields read: 156531228, pointers resolved: 32783, cache hits: 4294966067, cached objects: 1279
Info,  T5284: BLEND: Reading embedded texture, original file was e:\dev\assimp\assimp6\test\models\3DS\UVTransformTest\UVTransformTestImg.png
Debug, T5284: UpdateImporterScale scale set: 1
Debug, T5284: ValidateDataStructureProcess begin
Warn,  T5284: Validation warning: aiLight::mAttenuationXXX - all are zero
Debug, T5284: ValidateDataStructureProcess end
Info,  T5284: Load C:/projects/MM1/extern/assimp-master/assimp-master/test/models/BLEND/TorusLightsCams_250_compressed.blend
Debug, T5284: Assimp 6.0.0 amd64 gcc debug shared singlethreadedsingle : 
Info,  T5284: Found a matching importer for this file format: Blender 3D Importer (http://www.blender3d.org).
Info,  T5284: Import root directory is 'C:/projects/MM1/extern/assimp-master/assimp-master/test/models/BLEND\'
Debug, T5284: BLEND: Found no BLENDER magic word but a GZIP header, might be a compressed file
Info,  T5284: BLEND: Blender version is 2.52 (64bit: true, little endian: true)
Debug, T5284: REND
Debug, T5284: GLOB
Debug, T5284: WM
Debug, T5284: DATA
Debug, T5284: SN
Debug, T5284: DATA
Debug, T5284: SN
Debug, T5284: DATA
Debug, T5284: SN
Debug, T5284: DATA
Debug, T5284: SN
Debug, T5284: DATA
Debug, T5284: SN
Debug, T5284: DATA
Debug, T5284: SN
Debug, T5284: DATA
Debug, T5284: SN
Debug, T5284: DATA
Debug, T5284: SC
Debug, T5284: DATA
Debug, T5284: IM
Debug, T5284: CA
Debug, T5284: LA
Debug, T5284: DATA
Debug, T5284: LA
Debug, T5284: DATA
Debug, T5284: LA
Debug, T5284: DATA
Debug, T5284: LA
Debug, T5284: DATA
Debug, T5284: LA
Debug, T5284: DATA
Debug, T5284: WO
Debug, T5284: TX
Debug, T5284: DATA
Debug, T5284: OB
Debug, T5284: TE
Debug, T5284: DATA
Debug, T5284: ME
Debug, T5284: DATA
Debug, T5284: BR
Debug, T5284: DATA
Debug, T5284: BR
Debug, T5284: DATA
Debug, T5284: BR
Debug, T5284: DATA
Debug, T5284: BR
Debug, T5284: DATA
Debug, T5284: BR
Debug, T5284: DATA
Debug, T5284: BR
Debug, T5284: DATA
Debug, T5284: BR
Debug, T5284: DATA
Debug, T5284: BR
Debug, T5284: DATA
Debug, T5284: BR
Debug, T5284: DATA
Debug, T5284: BR
Debug, T5284: DATA
Debug, T5284: BR
Debug, T5284: DATA
Debug, T5284: BR
Debug, T5284: DATA
Debug, T5284: BR
Debug, T5284: DATA
Debug, T5284: BR
Debug, T5284: DATA
Debug, T5284: BR
Debug, T5284: DATA
Debug, T5284: BR
Debug, T5284: DATA
Debug, T5284: BR
Debug, T5284: DATA
Debug, T5284: BR
Debug, T5284: DATA
Debug, T5284: DNA1
Debug, T5284: BlenderDNA: Got 406 structures with totally 4985 fields
Debug, T5284: ENDB
Warn,  T5284: <add reason>
Warn,  T5284: BlendDNA: Did not find a field named `sensor_x` in structure `Camera`
Warn,  T5284: <add reason>
Warn,  T5284: BlendDNA: Did not find a field named `sensor_x` in structure `Camera`
Warn,  T5284: <add reason>
Warn,  T5284: BlendDNA: Did not find a field named `coeff_const` in structure `Lamp`
Warn,  T5284: BlendDNA: Did not find a field named `coeff_lin` in structure `Lamp`
Warn,  T5284: BlendDNA: Did not find a field named `coeff_quad` in structure `Lamp`
Warn,  T5284: BlendDNA: Did not find a field named `att1` in structure `Lamp`
Warn,  T5284: BlendDNA: Did not find a field named `att2` in structure `Lamp`
Warn,  T5284: BlendDNA: Did not find a field named `area_sizez` in structure `Lamp`
Warn,  T5284: <add reason>
Warn,  T5284: BlendDNA: Did not find a field named `coeff_const` in structure `Lamp`
Warn,  T5284: BlendDNA: Did not find a field named `coeff_lin` in structure `Lamp`
Warn,  T5284: BlendDNA: Did not find a field named `coeff_quad` in structure `Lamp`
Warn,  T5284: BlendDNA: Did not find a field named `att1` in structure `Lamp`
Warn,  T5284: BlendDNA: Did not find a field named `att2` in structure `Lamp`
Warn,  T5284: BlendDNA: Did not find a field named `area_sizez` in structure `Lamp`
Warn,  T5284: <add reason>
Warn,  T5284: BlendDNA: Did not find a field named `coeff_const` in structure `Lamp`
Warn,  T5284: BlendDNA: Did not find a field named `coeff_lin` in structure `Lamp`
Warn,  T5284: BlendDNA: Did not find a field named `coeff_quad` in structure `Lamp`
Warn,  T5284: BlendDNA: Did not find a field named `att1` in structure `Lamp`
Warn,  T5284: BlendDNA: Did not find a field named `att2` in structure `Lamp`
Warn,  T5284: BlendDNA: Did not find a field named `area_sizez` in structure `Lamp`
Warn,  T5284: <add reason>
Warn,  T5284: BlendDNA: Did not find a field named `coeff_const` in structure `Lamp`
Warn,  T5284: BlendDNA: Did not find a field named `coeff_lin` in structure `Lamp`
Warn,  T5284: BlendDNA: Did not find a field named `coeff_quad` in structure `Lamp`
Warn,  T5284: BlendDNA: Did not find a field named `att1` in structure `Lamp`
Warn,  T5284: BlendDNA: Did not find a field named `att2` in structure `Lamp`
Warn,  T5284: BlendDNA: Did not find a field named `area_sizez` in structure `Lamp`
Warn,  T5284: <add reason>
Warn,  T5284: BlendDNA: Did not find a field named `totloop` in structure `Mesh`
Warn,  T5284: BlendDNA: Did not find a field named `totpoly` in structure `Mesh`
Warn,  T5284: BlendDNA: Did not find a field named `*mloop` in structure `Mesh`
Warn,  T5284: BlendDNA: Did not find a field named `*mloopuv` in structure `Mesh`
Warn,  T5284: BlendDNA: Did not find a field named `*mloopcol` in structure `Mesh`
Warn,  T5284: BlendDNA: Did not find a field named `*mpoly` in structure `Mesh`
Warn,  T5284: BlendDNA: Did not find a field named `*mtpoly` in structure `Mesh`
Warn,  T5284: BlendDNA: Did not find a field named `typemap` in structure `CustomData`
Warn,  T5284: BlendDNA: Did not find a field named `uid` in structure `CustomDataLayer`
Warn,  T5284: <add reason>
Warn,  T5284: BlendDNA: Did not find a field named `uid` in structure `CustomDataLayer`
Warn,  T5284: <add reason>
Warn,  T5284: BlendDNA: Did not find a field named `uid` in structure `CustomDataLayer`
Warn,  T5284: <add reason>
Warn,  T5284: BlendDNA: Did not find a field named `uid` in structure `CustomDataLayer`
Warn,  T5284: <add reason>
Warn,  T5284: BlendDNA: Did not find a field named `uid` in structure `CustomDataLayer`
Warn,  T5284: <add reason>
Warn,  T5284: BlendDNA: Did not find a field named `typemap` in structure `CustomData`
Warn,  T5284: BlendDNA: Did not find a field named `uid` in structure `CustomDataLayer`
Warn,  T5284: <add reason>
Warn,  T5284: BlendDNA: Did not find a field named `uid` in structure `CustomDataLayer`
Warn,  T5284: <add reason>
Warn,  T5284: BlendDNA: Did not find a field named `uid` in structure `CustomDataLayer`
Warn,  T5284: <add reason>
Warn,  T5284: BlendDNA: Did not find a field named `uid` in structure `CustomDataLayer`
Warn,  T5284: <add reason>
Warn,  T5284: BlendDNA: Did not find a field named `uid` in structure `CustomDataLayer`
Warn,  T5284: <add reason>
Warn,  T5284: BlendDNA: Did not find a field named `typemap` in structure `CustomData`
Warn,  T5284: BlendDNA: Did not find a field named `uid` in structure `CustomDataLayer`
Warn,  T5284: <add reason>
Warn,  T5284: BlendDNA: Did not find a field named `uid` in structure `CustomDataLayer`
Warn,  T5284: <add reason>
Warn,  T5284: BlendDNA: Did not find a field named `uid` in structure `CustomDataLayer`
Warn,  T5284: <add reason>
Warn,  T5284: BlendDNA: Did not find a field named `uid` in structure `CustomDataLayer`
Warn,  T5284: <add reason>
Warn,  T5284: BlendDNA: Did not find a field named `uid` in structure `CustomDataLayer`
Warn,  T5284: <add reason>
Warn,  T5284: BlendDNA: Did not find a field named `pdata` in structure `Mesh`
Warn,  T5284: BlendDNA: Did not find a field named `ldata` in structure `Mesh`
Warn,  T5284: <add reason>
Warn,  T5284: BlendDNA: Did not find a field named `coeff_const` in structure `Lamp`
Warn,  T5284: BlendDNA: Did not find a field named `coeff_lin` in structure `Lamp`
Warn,  T5284: BlendDNA: Did not find a field named `coeff_quad` in structure `Lamp`
Warn,  T5284: BlendDNA: Did not find a field named `att1` in structure `Lamp`
Warn,  T5284: BlendDNA: Did not find a field named `att2` in structure `Lamp`
Warn,  T5284: BlendDNA: Did not find a field named `area_sizez` in structure `Lamp`
Warn,  T5284: BlendDNA: Did not find a field named `*master_collection` in structure `Scene`
Info,  T5284: (Stats) Fields read: 156623334, pointers resolved: 32792, cache hits: 4294966067, cached objects: 1289
Info,  T5284: BLEND: Adding default material
Debug, T5284: UpdateImporterScale scale set: 1
Debug, T5284: ValidateDataStructureProcess begin
Warn,  T5284: Validation warning: aiLight::mAttenuationXXX - all are zero
Debug, T5284: ValidateDataStructureProcess end
Info,  T5284: Load C:/projects/MM1/extern/assimp-master/assimp-master/test/models/BLEND/yxa_1.blend
Debug, T5284: Assimp 6.0.0 amd64 gcc debug shared singlethreadedsingle : 
Info,  T5284: Found a matching importer for this file format: Blender 3D Importer (http://www.blender3d.org).
Info,  T5284: Import root directory is 'C:/projects/MM1/extern/assimp-master/assimp-master/test/models/BLEND\'
Info,  T5284: BLEND: Blender version is 2.60 (64bit: false, little endian: false)
Debug, T5284: REND
Debug, T5284: TEST
Debug, T5284: GLOB
Debug, T5284: 
Debug, T5284: DATA
Debug, T5284: 
Debug, T5284: DATA
Debug, T5284: 
Debug, T5284: DATA
Debug, T5284: 
Debug, T5284: DATA
Debug, T5284: 
Debug, T5284: DATA
Debug, T5284: 
Debug, T5284: DATA
Debug, T5284: 
Debug, T5284: DATA
Debug, T5284: 
Debug, T5284: DATA
Debug, T5284: 
Debug, T5284: DATA
Debug, T5284: 
Debug, T5284: DATA
Debug, T5284: 
Debug, T5284: DATA
Debug, T5284: 
Debug, T5284: DATA
Debug, T5284: 
Debug, T5284: DATA
Debug, T5284: 
Debug, T5284: DATA
Debug, T5284: 
Debug, T5284: DATA
Debug, T5284: 
Debug, T5284: DATA
Debug, T5284: 
Debug, T5284: DATA
Debug, T5284: 
Debug, T5284: DATA
Debug, T5284: 
Debug, T5284: DATA
Debug, T5284: 
Debug, T5284: DATA
Debug, T5284: 
Debug, T5284: DATA
Debug, T5284: 
Debug, T5284: DATA
Debug, T5284: 
Debug, T5284: DATA
Debug, T5284: 
Debug, T5284: DATA
Debug, T5284: 
Debug, T5284: DATA
Debug, T5284: 
Debug, T5284: DATA
Debug, T5284: 
Debug, T5284: DATA
Debug, T5284: 
Debug, T5284: DATA
Debug, T5284: 
Debug, T5284: DATA
Debug, T5284: 
Debug, T5284: DATA
Debug, T5284: 
Debug, T5284: DATA
Debug, T5284: 
Debug, T5284: DATA
Debug, T5284: 
Debug, T5284: DATA
Debug, T5284: 
Debug, T5284: DATA
Debug, T5284: 
Debug, T5284: DATA
Debug, T5284: 
Debug, T5284: DATA
Debug, T5284: 
Debug, T5284: DATA
Debug, T5284: 
Debug, T5284: DATA
Debug, T5284: 
Debug, T5284: DATA
Debug, T5284: 
Debug, T5284: DATA
Debug, T5284: 
Debug, T5284: DATA
Debug, T5284: 
Debug, T5284: DATA
Debug, T5284: 
Debug, T5284: DATA
Debug, T5284: 
Debug, T5284: DATA
Debug, T5284: 
Debug, T5284: DATA
Debug, T5284: 
Debug, T5284: DATA
Debug, T5284: 
Debug, T5284: DATA
Debug, T5284: 
Debug, T5284: DATA
Debug, T5284: 
Debug, T5284: DATA
Debug, T5284: 
Debug, T5284: DATA
Debug, T5284: 
Debug, T5284: DATA
Debug, T5284: 
Debug, T5284: DATA
Debug, T5284: 
Debug, T5284: DATA
Debug, T5284: 
Debug, T5284: DATA
Debug, T5284: DNA1
Debug, T5284: BlenderDNA: Got 418 structures with totally 5200 fields
Debug, T5284: ENDB
Warn,  T5284: <add reason>
Warn,  T5284: BlendDNA: Did not find a field named `sensor_x` in structure `Camera`
Warn,  T5284: <add reason>
Warn,  T5284: BlendDNA: Did not find a field named `*master_collection` in structure `Scene`
Warn,  T5284: <add reason>
Warn,  T5284: BlendDNA: Did not find a field named `totloop` in structure `Mesh`
Warn,  T5284: BlendDNA: Did not find a field named `totpoly` in structure `Mesh`
Warn,  T5284: BlendDNA: Did not find a field named `*mloop` in structure `Mesh`
Warn,  T5284: BlendDNA: Did not find a field named `*mloopuv` in structure `Mesh`
Warn,  T5284: BlendDNA: Did not find a field named `*mloopcol` in structure `Mesh`
Warn,  T5284: BlendDNA: Did not find a field named `*mpoly` in structure `Mesh`
Warn,  T5284: BlendDNA: Did not find a field named `*mtpoly` in structure `Mesh`
Warn,  T5284: <add reason>
Warn,  T5284: BlendDNA: Did not find a field named `pad` in structure `Image`
Warn,  T5284: BlendDNA: Did not find a field named `pad1` in structure `Image`
Warn,  T5284: BlendDNA: Did not find a field named `vcol_alpha` in structure `Material`
Warn,  T5284: BlendDNA: Did not find a field named `pad4` in structure `Material`
Warn,  T5284: <add reason>
Warn,  T5284: BlendDNA: Did not find a field named `pad` in structure `Image`
Warn,  T5284: BlendDNA: Did not find a field named `pad1` in structure `Image`
Warn,  T5284: BlendDNA: Did not find a field named `vcol_alpha` in structure `Material`
Warn,  T5284: BlendDNA: Did not find a field named `pad4` in structure `Material`
Warn,  T5284: BlendDNA: Did not find a field named `typemap` in structure `CustomData`
Warn,  T5284: BlendDNA: Did not find a field named `uid` in structure `CustomDataLayer`
Warn,  T5284: <add reason>
Warn,  T5284: BlendDNA: Did not find a field named `uid` in structure `CustomDataLayer`
Warn,  T5284: <add reason>
Warn,  T5284: BlendDNA: Did not find a field named `uid` in structure `CustomDataLayer`
Warn,  T5284: <add reason>
Warn,  T5284: BlendDNA: Did not find a field named `uid` in structure `CustomDataLayer`
Warn,  T5284: <add reason>
Warn,  T5284: BlendDNA: Did not find a field named `uid` in structure `CustomDataLayer`
Warn,  T5284: <add reason>
Warn,  T5284: BlendDNA: Did not find a field named `typemap` in structure `CustomData`
Warn,  T5284: BlendDNA: Did not find a field named `uid` in structure `CustomDataLayer`
Warn,  T5284: <add reason>
Warn,  T5284: BlendDNA: Did not find a field named `uid` in structure `CustomDataLayer`
Warn,  T5284: <add reason>
Warn,  T5284: BlendDNA: Did not find a field named `uid` in structure `CustomDataLayer`
Warn,  T5284: <add reason>
Warn,  T5284: BlendDNA: Did not find a field named `uid` in structure `CustomDataLayer`
Warn,  T5284: <add reason>
Warn,  T5284: BlendDNA: Did not find a field named `uid` in structure `CustomDataLayer`
Warn,  T5284: <add reason>
Warn,  T5284: BlendDNA: Did not find a field named `typemap` in structure `CustomData`
Warn,  T5284: BlendDNA: Did not find a field named `uid` in structure `CustomDataLayer`
Warn,  T5284: <add reason>
Warn,  T5284: BlendDNA: Did not find a field named `uid` in structure `CustomDataLayer`
Warn,  T5284: <add reason>
Warn,  T5284: BlendDNA: Did not find a field named `uid` in structure `CustomDataLayer`
Warn,  T5284: <add reason>
Warn,  T5284: BlendDNA: Did not find a field named `uid` in structure `CustomDataLayer`
Warn,  T5284: <add reason>
Warn,  T5284: BlendDNA: Did not find a field named `uid` in structure `CustomDataLayer`
Warn,  T5284: <add reason>
Warn,  T5284: BlendDNA: Did not find a field named `pdata` in structure `Mesh`
Warn,  T5284: BlendDNA: Did not find a field named `ldata` in structure `Mesh`
Warn,  T5284: <add reason>
Warn,  T5284: BlendDNA: Did not find a field named `coeff_const` in structure `Lamp`
Warn,  T5284: BlendDNA: Did not find a field named `coeff_lin` in structure `Lamp`
Warn,  T5284: BlendDNA: Did not find a field named `coeff_quad` in structure `Lamp`
Info,  T5284: (Stats) Fields read: 156567498, pointers resolved: 32786, cache hits: 4294966068, cached objects: 1283
Debug, T5284: Catmull-Clark Subdivider: got 30 bad edges touching only one face (totally 28943 edges). 
Info,  T5284: BlendModifier: Applied the `Subdivision` modifier to `OBPlane`
Debug, T5284: BlendModifier: found handlers for 1 of 1 modifiers on `OBPlane`, check log messages above for errors
Debug, T5284: UpdateImporterScale scale set: 1
Debug, T5284: ValidateDataStructureProcess begin
Warn,  T5284: Validation warning: aiLight::mAttenuationXXX - all are zero
Warn,  T5284: Validation warning: UV-mapped texture, but there are no UV coords
Debug, T5284: ValidateDataStructureProcess end
Info,  T5284: Load C:/projects/MM1/extern/assimp-master/assimp-master/test/models-nonbsd/BLEND/Bob.blend
Debug, T5284: Assimp 6.0.0 amd64 gcc debug shared singlethreadedsingle : 
Info,  T5284: Found a matching importer for this file format: Blender 3D Importer (http://www.blender3d.org).
Info,  T5284: Import root directory is 'C:/projects/MM1/extern/assimp-master/assimp-master/test/models-nonbsd/BLEND\'
Info,  T5284: BLEND: Blender version is 2.48 (64bit: false, little endian: true)
Debug, T5284: REND
Debug, T5284: GLOB
Debug, T5284: SR
Debug, T5284: DATA
Debug, T5284: SR
Debug, T5284: DATA
Debug, T5284: SR
Debug, T5284: DATA
Debug, T5284: SR
Debug, T5284: DATA
Debug, T5284: SC
Debug, T5284: DATA
Debug, T5284: IM
Debug, T5284: DATA
Debug, T5284: IM
Debug, T5284: DATA
Debug, T5284: IM
Debug, T5284: DATA
Debug, T5284: IM
Debug, T5284: DATA
Debug, T5284: IM
Debug, T5284: DATA
Debug, T5284: IM
Debug, T5284: DATA
Debug, T5284: IP
Debug, T5284: DATA
Debug, T5284: IP
Debug, T5284: DATA
Debug, T5284: IP
Debug, T5284: DATA
Debug, T5284: IP
Debug, T5284: DATA
Debug, T5284: IP
Debug, T5284: DATA
Debug, T5284: IP
Debug, T5284: DATA
Debug, T5284: IP
Debug, T5284: DATA
Debug, T5284: IP
Debug, T5284: DATA
Debug, T5284: IP
Debug, T5284: DATA
Debug, T5284: IP
Debug, T5284: DATA
Debug, T5284: IP
Debug, T5284: DATA
Debug, T5284: IP
Debug, T5284: DATA
Debug, T5284: IP
Debug, T5284: DATA
Debug, T5284: IP
Debug, T5284: DATA
Debug, T5284: IP
Debug, T5284: DATA
Debug, T5284: IP
Debug, T5284: DATA
Debug, T5284: IP
Debug, T5284: DATA
Debug, T5284: IP
Debug, T5284: DATA
Debug, T5284: IP
Debug, T5284: DATA
Debug, T5284: IP
Debug, T5284: DATA
Debug, T5284: IP
Debug, T5284: DATA
Debug, T5284: IP
Debug, T5284: DATA
Debug, T5284: IP
Debug, T5284: DATA
Debug, T5284: IP
Debug, T5284: DATA
Debug, T5284: IP
Debug, T5284: DATA
Debug, T5284: IP
Debug, T5284: DATA
Debug, T5284: IP
Debug, T5284: DATA
Debug, T5284: IP
Debug, T5284: DATA
Debug, T5284: IP
Debug, T5284: DATA
Debug, T5284: IP
Debug, T5284: DATA
Debug, T5284: IP
Debug, T5284: DATA
Debug, T5284: IP
Debug, T5284: DATA
Debug, T5284: IP
Debug, T5284: DATA
Debug, T5284: WO
Debug, T5284: TX
Debug, T5284: DATA
Debug, T5284: TX
Debug, T5284: DATA
Debug, T5284: AR
Debug, T5284: DATA
Debug, T5284: AC
Debug, T5284: DATA
Debug, T5284: OB
Debug, T5284: DATA
Debug, T5284: OB
Debug, T5284: DATA
Debug, T5284: OB
Debug, T5284: DATA
Debug, T5284: OB
Debug, T5284: DATA
Debug, T5284: OB
Debug, T5284: DATA
Debug, T5284: OB
Debug, T5284: DATA
Debug, T5284: OB
Debug, T5284: DATA
Debug, T5284: MA
Debug, T5284: DATA
Debug, T5284: MA
Debug, T5284: DATA
Debug, T5284: MA
Debug, T5284: DATA
Debug, T5284: MA
Debug, T5284: DATA
Debug, T5284: MA
Debug, T5284: DATA
Debug, T5284: TE
Debug, T5284: DATA
Debug, T5284: TE
Debug, T5284: DATA
Debug, T5284: TE
Debug, T5284: DATA
Debug, T5284: TE
Debug, T5284: DATA
Debug, T5284: TE
Debug, T5284: DATA
Debug, T5284: ME
Debug, T5284: DATA
Debug, T5284: ME
Debug, T5284: DATA
Debug, T5284: ME
Debug, T5284: DATA
Debug, T5284: ME
Debug, T5284: DATA
Debug, T5284: ME
Debug, T5284: DATA
Debug, T5284: ME
Debug, T5284: DATA
Debug, T5284: DNA1
Debug, T5284: BlenderDNA: Got 310 structures with totally 3868 fields
Debug, T5284: ENDB
Warn,  T5284: <add reason>
Warn,  T5284: Failed to find a converter for the `bArmature` structure
Warn,  T5284: <add reason>
Warn,  T5284: BlendDNA: Did not find a field named `totloop` in structure `Mesh`
Warn,  T5284: BlendDNA: Did not find a field named `totpoly` in structure `Mesh`
Warn,  T5284: BlendDNA: Did not find a field named `*mloop` in structure `Mesh`
Warn,  T5284: BlendDNA: Did not find a field named `*mloopuv` in structure `Mesh`
Warn,  T5284: BlendDNA: Did not find a field named `*mloopcol` in structure `Mesh`
Warn,  T5284: BlendDNA: Did not find a field named `*mpoly` in structure `Mesh`
Warn,  T5284: BlendDNA: Did not find a field named `*mtpoly` in structure `Mesh`
Warn,  T5284: <add reason>
Warn,  T5284: BlendDNA: Did not find a field named `rot` in structure `MTex`
Warn,  T5284: BlendDNA: Did not find a field named `colspecfac` in structure `MTex`
Warn,  T5284: BlendDNA: Did not find a field named `mirrfac` in structure `MTex`
Warn,  T5284: BlendDNA: Did not find a field named `alphafac` in structure `MTex`
Warn,  T5284: BlendDNA: Did not find a field named `difffac` in structure `MTex`
Warn,  T5284: BlendDNA: Did not find a field named `specfac` in structure `MTex`
Warn,  T5284: BlendDNA: Did not find a field named `emitfac` in structure `MTex`
Warn,  T5284: BlendDNA: Did not find a field named `hardfac` in structure `MTex`
Warn,  T5284: BlendDNA: Did not find a field named `material_type` in structure `Material`
Warn,  T5284: BlendDNA: Did not find a field named `pr_texture` in structure `Material`
Warn,  T5284: BlendDNA: Did not find a field named `shadowonly_flag` in structure `Material`
Warn,  T5284: BlendDNA: Did not find a field named `index` in structure `Material`
Warn,  T5284: BlendDNA: Did not find a field named `vcol_alpha` in structure `Material`
Warn,  T5284: BlendDNA: Did not find a field named `typemap` in structure `CustomData`
Warn,  T5284: BlendDNA: Did not find a field named `active_clone` in structure `CustomDataLayer`
Warn,  T5284: BlendDNA: Did not find a field named `active_mask` in structure `CustomDataLayer`
Warn,  T5284: BlendDNA: Did not find a field named `uid` in structure `CustomDataLayer`
Warn,  T5284: <add reason>
Warn,  T5284: BlendDNA: Did not find a field named `active_clone` in structure `CustomDataLayer`
Warn,  T5284: BlendDNA: Did not find a field named `active_mask` in structure `CustomDataLayer`
Warn,  T5284: BlendDNA: Did not find a field named `uid` in structure `CustomDataLayer`
Warn,  T5284: <add reason>
Warn,  T5284: BlendDNA: Did not find a field named `active_clone` in structure `CustomDataLayer`
Warn,  T5284: BlendDNA: Did not find a field named `active_mask` in structure `CustomDataLayer`
Warn,  T5284: BlendDNA: Did not find a field named `uid` in structure `CustomDataLayer`
Warn,  T5284: <add reason>
Warn,  T5284: BlendDNA: Did not find a field named `active_clone` in structure `CustomDataLayer`
Warn,  T5284: BlendDNA: Did not find a field named `active_mask` in structure `CustomDataLayer`
Warn,  T5284: BlendDNA: Did not find a field named `uid` in structure `CustomDataLayer`
Warn,  T5284: <add reason>
Warn,  T5284: BlendDNA: Did not find a field named `active_clone` in structure `CustomDataLayer`
Warn,  T5284: BlendDNA: Did not find a field named `active_mask` in structure `CustomDataLayer`
Warn,  T5284: BlendDNA: Did not find a field named `uid` in structure `CustomDataLayer`
Warn,  T5284: <add reason>
Warn,  T5284: BlendDNA: Did not find a field named `typemap` in structure `CustomData`
Warn,  T5284: BlendDNA: Did not find a field named `active_clone` in structure `CustomDataLayer`
Warn,  T5284: BlendDNA: Did not find a field named `active_mask` in structure `CustomDataLayer`
Warn,  T5284: BlendDNA: Did not find a field named `uid` in structure `CustomDataLayer`
Warn,  T5284: <add reason>
Warn,  T5284: BlendDNA: Did not find a field named `active_clone` in structure `CustomDataLayer`
Warn,  T5284: BlendDNA: Did not find a field named `active_mask` in structure `CustomDataLayer`
Warn,  T5284: BlendDNA: Did not find a field named `uid` in structure `CustomDataLayer`
Warn,  T5284: <add reason>
Warn,  T5284: BlendDNA: Did not find a field named `active_clone` in structure `CustomDataLayer`
Warn,  T5284: BlendDNA: Did not find a field named `active_mask` in structure `CustomDataLayer`
Warn,  T5284: BlendDNA: Did not find a field named `uid` in structure `CustomDataLayer`
Warn,  T5284: <add reason>
Warn,  T5284: BlendDNA: Did not find a field named `active_clone` in structure `CustomDataLayer`
Warn,  T5284: BlendDNA: Did not find a field named `active_mask` in structure `CustomDataLayer`
Warn,  T5284: BlendDNA: Did not find a field named `uid` in structure `CustomDataLayer`
Warn,  T5284: <add reason>
Warn,  T5284: BlendDNA: Did not find a field named `active_clone` in structure `CustomDataLayer`
Warn,  T5284: BlendDNA: Did not find a field named `active_mask` in structure `CustomDataLayer`
Warn,  T5284: BlendDNA: Did not find a field named `uid` in structure `CustomDataLayer`
Warn,  T5284: <add reason>
Warn,  T5284: BlendDNA: Did not find a field named `typemap` in structure `CustomData`
Warn,  T5284: BlendDNA: Did not find a field named `active_clone` in structure `CustomDataLayer`
Warn,  T5284: BlendDNA: Did not find a field named `active_mask` in structure `CustomDataLayer`
Warn,  T5284: BlendDNA: Did not find a field named `uid` in structure `CustomDataLayer`
Warn,  T5284: <add reason>
Warn,  T5284: BlendDNA: Did not find a field named `active_clone` in structure `CustomDataLayer`
Warn,  T5284: BlendDNA: Did not find a field named `active_mask` in structure `CustomDataLayer`
Warn,  T5284: BlendDNA: Did not find a field named `uid` in structure `CustomDataLayer`
Warn,  T5284: <add reason>
Warn,  T5284: BlendDNA: Did not find a field named `active_clone` in structure `CustomDataLayer`
Warn,  T5284: BlendDNA: Did not find a field named `active_mask` in structure `CustomDataLayer`
Warn,  T5284: BlendDNA: Did not find a field named `uid` in structure `CustomDataLayer`
Warn,  T5284: <add reason>
Warn,  T5284: BlendDNA: Did not find a field named `active_clone` in structure `CustomDataLayer`
Warn,  T5284: BlendDNA: Did not find a field named `active_mask` in structure `CustomDataLayer`
Warn,  T5284: BlendDNA: Did not find a field named `uid` in structure `CustomDataLayer`
Warn,  T5284: <add reason>
Warn,  T5284: BlendDNA: Did not find a field named `active_clone` in structure `CustomDataLayer`
Warn,  T5284: BlendDNA: Did not find a field named `active_mask` in structure `CustomDataLayer`
Warn,  T5284: BlendDNA: Did not find a field named `uid` in structure `CustomDataLayer`
Warn,  T5284: <add reason>
Warn,  T5284: BlendDNA: Did not find a field named `pdata` in structure `Mesh`
Warn,  T5284: BlendDNA: Did not find a field named `ldata` in structure `Mesh`
Warn,  T5284: <add reason>
Warn,  T5284: BlendDNA: Did not find a field named `totloop` in structure `Mesh`
Warn,  T5284: BlendDNA: Did not find a field named `totpoly` in structure `Mesh`
Warn,  T5284: BlendDNA: Did not find a field named `*mloop` in structure `Mesh`
Warn,  T5284: BlendDNA: Did not find a field named `*mloopuv` in structure `Mesh`
Warn,  T5284: BlendDNA: Did not find a field named `*mloopcol` in structure `Mesh`
Warn,  T5284: BlendDNA: Did not find a field named `*mpoly` in structure `Mesh`
Warn,  T5284: BlendDNA: Did not find a field named `*mtpoly` in structure `Mesh`
Warn,  T5284: <add reason>
Warn,  T5284: BlendDNA: Did not find a field named `rot` in structure `MTex`
Warn,  T5284: BlendDNA: Did not find a field named `colspecfac` in structure `MTex`
Warn,  T5284: BlendDNA: Did not find a field named `mirrfac` in structure `MTex`
Warn,  T5284: BlendDNA: Did not find a field named `alphafac` in structure `MTex`
Warn,  T5284: BlendDNA: Did not find a field named `difffac` in structure `MTex`
Warn,  T5284: BlendDNA: Did not find a field named `specfac` in structure `MTex`
Warn,  T5284: BlendDNA: Did not find a field named `emitfac` in structure `MTex`
Warn,  T5284: BlendDNA: Did not find a field named `hardfac` in structure `MTex`
Warn,  T5284: BlendDNA: Did not find a field named `material_type` in structure `Material`
Warn,  T5284: BlendDNA: Did not find a field named `pr_texture` in structure `Material`
Warn,  T5284: BlendDNA: Did not find a field named `shadowonly_flag` in structure `Material`
Warn,  T5284: BlendDNA: Did not find a field named `index` in structure `Material`
Warn,  T5284: BlendDNA: Did not find a field named `vcol_alpha` in structure `Material`
Warn,  T5284: BlendDNA: Did not find a field named `typemap` in structure `CustomData`
Warn,  T5284: BlendDNA: Did not find a field named `active_clone` in structure `CustomDataLayer`
Warn,  T5284: BlendDNA: Did not find a field named `active_mask` in structure `CustomDataLayer`
Warn,  T5284: BlendDNA: Did not find a field named `uid` in structure `CustomDataLayer`
Warn,  T5284: <add reason>
Warn,  T5284: BlendDNA: Did not find a field named `active_clone` in structure `CustomDataLayer`
Warn,  T5284: BlendDNA: Did not find a field named `active_mask` in structure `CustomDataLayer`
Warn,  T5284: BlendDNA: Did not find a field named `uid` in structure `CustomDataLayer`
Warn,  T5284: <add reason>
Warn,  T5284: BlendDNA: Did not find a field named `active_clone` in structure `CustomDataLayer`
Warn,  T5284: BlendDNA: Did not find a field named `active_mask` in structure `CustomDataLayer`
Warn,  T5284: BlendDNA: Did not find a field named `uid` in structure `CustomDataLayer`
Warn,  T5284: <add reason>
Warn,  T5284: BlendDNA: Did not find a field named `active_clone` in structure `CustomDataLayer`
Warn,  T5284: BlendDNA: Did not find a field named `active_mask` in structure `CustomDataLayer`
Warn,  T5284: BlendDNA: Did not find a field named `uid` in structure `CustomDataLayer`
Warn,  T5284: <add reason>
Warn,  T5284: BlendDNA: Did not find a field named `active_clone` in structure `CustomDataLayer`
Warn,  T5284: BlendDNA: Did not find a field named `active_mask` in structure `CustomDataLayer`
Warn,  T5284: BlendDNA: Did not find a field named `uid` in structure `CustomDataLayer`
Warn,  T5284: <add reason>
Warn,  T5284: BlendDNA: Did not find a field named `typemap` in structure `CustomData`
Warn,  T5284: BlendDNA: Did not find a field named `active_clone` in structure `CustomDataLayer`
Warn,  T5284: BlendDNA: Did not find a field named `active_mask` in structure `CustomDataLayer`
Warn,  T5284: BlendDNA: Did not find a field named `uid` in structure `CustomDataLayer`
Warn,  T5284: <add reason>
Warn,  T5284: BlendDNA: Did not find a field named `active_clone` in structure `CustomDataLayer`
Warn,  T5284: BlendDNA: Did not find a field named `active_mask` in structure `CustomDataLayer`
Warn,  T5284: BlendDNA: Did not find a field named `uid` in structure `CustomDataLayer`
Warn,  T5284: <add reason>
Warn,  T5284: BlendDNA: Did not find a field named `active_clone` in structure `CustomDataLayer`
Warn,  T5284: BlendDNA: Did not find a field named `active_mask` in structure `CustomDataLayer`
Warn,  T5284: BlendDNA: Did not find a field named `uid` in structure `CustomDataLayer`
Warn,  T5284: <add reason>
Warn,  T5284: BlendDNA: Did not find a field named `active_clone` in structure `CustomDataLayer`
Warn,  T5284: BlendDNA: Did not find a field named `active_mask` in structure `CustomDataLayer`
Warn,  T5284: BlendDNA: Did not find a field named `uid` in structure `CustomDataLayer`
Warn,  T5284: <add reason>
Warn,  T5284: BlendDNA: Did not find a field named `active_clone` in structure `CustomDataLayer`
Warn,  T5284: BlendDNA: Did not find a field named `active_mask` in structure `CustomDataLayer`
Warn,  T5284: BlendDNA: Did not find a field named `uid` in structure `CustomDataLayer`
Warn,  T5284: <add reason>
Warn,  T5284: BlendDNA: Did not find a field named `typemap` in structure `CustomData`
Warn,  T5284: BlendDNA: Did not find a field named `active_clone` in structure `CustomDataLayer`
Warn,  T5284: BlendDNA: Did not find a field named `active_mask` in structure `CustomDataLayer`
Warn,  T5284: BlendDNA: Did not find a field named `uid` in structure `CustomDataLayer`
Warn,  T5284: <add reason>
Warn,  T5284: BlendDNA: Did not find a field named `active_clone` in structure `CustomDataLayer`
Warn,  T5284: BlendDNA: Did not find a field named `active_mask` in structure `CustomDataLayer`
Warn,  T5284: BlendDNA: Did not find a field named `uid` in structure `CustomDataLayer`
Warn,  T5284: <add reason>
Warn,  T5284: BlendDNA: Did not find a field named `active_clone` in structure `CustomDataLayer`
Warn,  T5284: BlendDNA: Did not find a field named `active_mask` in structure `CustomDataLayer`
Warn,  T5284: BlendDNA: Did not find a field named `uid` in structure `CustomDataLayer`
Warn,  T5284: <add reason>
Warn,  T5284: BlendDNA: Did not find a field named `active_clone` in structure `CustomDataLayer`
Warn,  T5284: BlendDNA: Did not find a field named `active_mask` in structure `CustomDataLayer`
Warn,  T5284: BlendDNA: Did not find a field named `uid` in structure `CustomDataLayer`
Warn,  T5284: <add reason>
Warn,  T5284: BlendDNA: Did not find a field named `active_clone` in structure `CustomDataLayer`
Warn,  T5284: BlendDNA: Did not find a field named `active_mask` in structure `CustomDataLayer`
Warn,  T5284: BlendDNA: Did not find a field named `uid` in structure `CustomDataLayer`
Warn,  T5284: <add reason>
Warn,  T5284: BlendDNA: Did not find a field named `pdata` in structure `Mesh`
Warn,  T5284: BlendDNA: Did not find a field named `ldata` in structure `Mesh`
Warn,  T5284: <add reason>
Warn,  T5284: BlendDNA: Did not find a field named `totloop` in structure `Mesh`
Warn,  T5284: BlendDNA: Did not find a field named `totpoly` in structure `Mesh`
Warn,  T5284: BlendDNA: Did not find a field named `*mloop` in structure `Mesh`
Warn,  T5284: BlendDNA: Did not find a field named `*mloopuv` in structure `Mesh`
Warn,  T5284: BlendDNA: Did not find a field named `*mloopcol` in structure `Mesh`
Warn,  T5284: BlendDNA: Did not find a field named `*mpoly` in structure `Mesh`
Warn,  T5284: BlendDNA: Did not find a field named `*mtpoly` in structure `Mesh`
Warn,  T5284: <add reason>
Warn,  T5284: BlendDNA: Did not find a field named `rot` in structure `MTex`
Warn,  T5284: BlendDNA: Did not find a field named `colspecfac` in structure `MTex`
Warn,  T5284: BlendDNA: Did not find a field named `mirrfac` in structure `MTex`
Warn,  T5284: BlendDNA: Did not find a field named `alphafac` in structure `MTex`
Warn,  T5284: BlendDNA: Did not find a field named `difffac` in structure `MTex`
Warn,  T5284: BlendDNA: Did not find a field named `specfac` in structure `MTex`
Warn,  T5284: BlendDNA: Did not find a field named `emitfac` in structure `MTex`
Warn,  T5284: BlendDNA: Did not find a field named `hardfac` in structure `MTex`
Warn,  T5284: BlendDNA: Did not find a field named `material_type` in structure `Material`
Warn,  T5284: BlendDNA: Did not find a field named `pr_texture` in structure `Material`
Warn,  T5284: BlendDNA: Did not find a field named `shadowonly_flag` in structure `Material`
Warn,  T5284: BlendDNA: Did not find a field named `index` in structure `Material`
Warn,  T5284: BlendDNA: Did not find a field named `vcol_alpha` in structure `Material`
Warn,  T5284: BlendDNA: Did not find a field named `typemap` in structure `CustomData`
Warn,  T5284: BlendDNA: Did not find a field named `active_clone` in structure `CustomDataLayer`
Warn,  T5284: BlendDNA: Did not find a field named `active_mask` in structure `CustomDataLayer`
Warn,  T5284: BlendDNA: Did not find a field named `uid` in structure `CustomDataLayer`
Warn,  T5284: <add reason>
Warn,  T5284: BlendDNA: Did not find a field named `active_clone` in structure `CustomDataLayer`
Warn,  T5284: BlendDNA: Did not find a field named `active_mask` in structure `CustomDataLayer`
Warn,  T5284: BlendDNA: Did not find a field named `uid` in structure `CustomDataLayer`
Warn,  T5284: <add reason>
Warn,  T5284: BlendDNA: Did not find a field named `active_clone` in structure `CustomDataLayer`
Warn,  T5284: BlendDNA: Did not find a field named `active_mask` in structure `CustomDataLayer`
Warn,  T5284: BlendDNA: Did not find a field named `uid` in structure `CustomDataLayer`
Warn,  T5284: <add reason>
Warn,  T5284: BlendDNA: Did not find a field named `active_clone` in structure `CustomDataLayer`
Warn,  T5284: BlendDNA: Did not find a field named `active_mask` in structure `CustomDataLayer`
Warn,  T5284: BlendDNA: Did not find a field named `uid` in structure `CustomDataLayer`
Warn,  T5284: <add reason>
Warn,  T5284: BlendDNA: Did not find a field named `active_clone` in structure `CustomDataLayer`
Warn,  T5284: BlendDNA: Did not find a field named `active_mask` in structure `CustomDataLayer`
Warn,  T5284: BlendDNA: Did not find a field named `uid` in structure `CustomDataLayer`
Warn,  T5284: <add reason>
Warn,  T5284: BlendDNA: Did not find a field named `typemap` in structure `CustomData`
Warn,  T5284: BlendDNA: Did not find a field named `active_clone` in structure `CustomDataLayer`
Warn,  T5284: BlendDNA: Did not find a field named `active_mask` in structure `CustomDataLayer`
Warn,  T5284: BlendDNA: Did not find a field named `uid` in structure `CustomDataLayer`
Warn,  T5284: <add reason>
Warn,  T5284: BlendDNA: Did not find a field named `active_clone` in structure `CustomDataLayer`
Warn,  T5284: BlendDNA: Did not find a field named `active_mask` in structure `CustomDataLayer`
Warn,  T5284: BlendDNA: Did not find a field named `uid` in structure `CustomDataLayer`
Warn,  T5284: <add reason>
Warn,  T5284: BlendDNA: Did not find a field named `active_clone` in structure `CustomDataLayer`
Warn,  T5284: BlendDNA: Did not find a field named `active_mask` in structure `CustomDataLayer`
Warn,  T5284: BlendDNA: Did not find a field named `uid` in structure `CustomDataLayer`
Warn,  T5284: <add reason>
Warn,  T5284: BlendDNA: Did not find a field named `active_clone` in structure `CustomDataLayer`
Warn,  T5284: BlendDNA: Did not find a field named `active_mask` in structure `CustomDataLayer`
Warn,  T5284: BlendDNA: Did not find a field named `uid` in structure `CustomDataLayer`
Warn,  T5284: <add reason>
Warn,  T5284: BlendDNA: Did not find a field named `active_clone` in structure `CustomDataLayer`
Warn,  T5284: BlendDNA: Did not find a field named `active_mask` in structure `CustomDataLayer`
Warn,  T5284: BlendDNA: Did not find a field named `uid` in structure `CustomDataLayer`
Warn,  T5284: <add reason>
Warn,  T5284: BlendDNA: Did not find a field named `typemap` in structure `CustomData`
Warn,  T5284: BlendDNA: Did not find a field named `active_clone` in structure `CustomDataLayer`
Warn,  T5284: BlendDNA: Did not find a field named `active_mask` in structure `CustomDataLayer`
Warn,  T5284: BlendDNA: Did not find a field named `uid` in structure `CustomDataLayer`
Warn,  T5284: <add reason>
Warn,  T5284: BlendDNA: Did not find a field named `active_clone` in structure `CustomDataLayer`
Warn,  T5284: BlendDNA: Did not find a field named `active_mask` in structure `CustomDataLayer`
Warn,  T5284: BlendDNA: Did not find a field named `uid` in structure `CustomDataLayer`
Warn,  T5284: <add reason>
Warn,  T5284: BlendDNA: Did not find a field named `active_clone` in structure `CustomDataLayer`
Warn,  T5284: BlendDNA: Did not find a field named `active_mask` in structure `CustomDataLayer`
Warn,  T5284: BlendDNA: Did not find a field named `uid` in structure `CustomDataLayer`
Warn,  T5284: <add reason>
Warn,  T5284: BlendDNA: Did not find a field named `active_clone` in structure `CustomDataLayer`
Warn,  T5284: BlendDNA: Did not find a field named `active_mask` in structure `CustomDataLayer`
Warn,  T5284: BlendDNA: Did not find a field named `uid` in structure `CustomDataLayer`
Warn,  T5284: <add reason>
Warn,  T5284: BlendDNA: Did not find a field named `active_clone` in structure `CustomDataLayer`
Warn,  T5284: BlendDNA: Did not find a field named `active_mask` in structure `CustomDataLayer`
Warn,  T5284: BlendDNA: Did not find a field named `uid` in structure `CustomDataLayer`
Warn,  T5284: <add reason>
Warn,  T5284: BlendDNA: Did not find a field named `pdata` in structure `Mesh`
Warn,  T5284: BlendDNA: Did not find a field named `ldata` in structure `Mesh`
Warn,  T5284: <add reason>
Warn,  T5284: BlendDNA: Did not find a field named `totloop` in structure `Mesh`
Warn,  T5284: BlendDNA: Did not find a field named `totpoly` in structure `Mesh`
Warn,  T5284: BlendDNA: Did not find a field named `*mloop` in structure `Mesh`
Warn,  T5284: BlendDNA: Did not find a field named `*mloopuv` in structure `Mesh`
Warn,  T5284: BlendDNA: Did not find a field named `*mloopcol` in structure `Mesh`
Warn,  T5284: BlendDNA: Did not find a field named `*mpoly` in structure `Mesh`
Warn,  T5284: BlendDNA: Did not find a field named `*mtpoly` in structure `Mesh`
Warn,  T5284: <add reason>
Warn,  T5284: BlendDNA: Did not find a field named `rot` in structure `MTex`
Warn,  T5284: BlendDNA: Did not find a field named `colspecfac` in structure `MTex`
Warn,  T5284: BlendDNA: Did not find a field named `mirrfac` in structure `MTex`
Warn,  T5284: BlendDNA: Did not find a field named `alphafac` in structure `MTex`
Warn,  T5284: BlendDNA: Did not find a field named `difffac` in structure `MTex`
Warn,  T5284: BlendDNA: Did not find a field named `specfac` in structure `MTex`
Warn,  T5284: BlendDNA: Did not find a field named `emitfac` in structure `MTex`
Warn,  T5284: BlendDNA: Did not find a field named `hardfac` in structure `MTex`
Warn,  T5284: BlendDNA: Did not find a field named `material_type` in structure `Material`
Warn,  T5284: BlendDNA: Did not find a field named `pr_texture` in structure `Material`
Warn,  T5284: BlendDNA: Did not find a field named `shadowonly_flag` in structure `Material`
Warn,  T5284: BlendDNA: Did not find a field named `index` in structure `Material`
Warn,  T5284: BlendDNA: Did not find a field named `vcol_alpha` in structure `Material`
Warn,  T5284: BlendDNA: Did not find a field named `typemap` in structure `CustomData`
Warn,  T5284: BlendDNA: Did not find a field named `active_clone` in structure `CustomDataLayer`
Warn,  T5284: BlendDNA: Did not find a field named `active_mask` in structure `CustomDataLayer`
Warn,  T5284: BlendDNA: Did not find a field named `uid` in structure `CustomDataLayer`
Warn,  T5284: <add reason>
Warn,  T5284: BlendDNA: Did not find a field named `active_clone` in structure `CustomDataLayer`
Warn,  T5284: BlendDNA: Did not find a field named `active_mask` in structure `CustomDataLayer`
Warn,  T5284: BlendDNA: Did not find a field named `uid` in structure `CustomDataLayer`
Warn,  T5284: <add reason>
Warn,  T5284: BlendDNA: Did not find a field named `active_clone` in structure `CustomDataLayer`
Warn,  T5284: BlendDNA: Did not find a field named `active_mask` in structure `CustomDataLayer`
Warn,  T5284: BlendDNA: Did not find a field named `uid` in structure `CustomDataLayer`
Warn,  T5284: <add reason>
Warn,  T5284: BlendDNA: Did not find a field named `active_clone` in structure `CustomDataLayer`
Warn,  T5284: BlendDNA: Did not find a field named `active_mask` in structure `CustomDataLayer`
Warn,  T5284: BlendDNA: Did not find a field named `uid` in structure `CustomDataLayer`
Warn,  T5284: <add reason>
Warn,  T5284: BlendDNA: Did not find a field named `active_clone` in structure `CustomDataLayer`
Warn,  T5284: BlendDNA: Did not find a field named `active_mask` in structure `CustomDataLayer`
Warn,  T5284: BlendDNA: Did not find a field named `uid` in structure `CustomDataLayer`
Warn,  T5284: <add reason>
Warn,  T5284: BlendDNA: Did not find a field named `typemap` in structure `CustomData`
Warn,  T5284: BlendDNA: Did not find a field named `active_clone` in structure `CustomDataLayer`
Warn,  T5284: BlendDNA: Did not find a field named `active_mask` in structure `CustomDataLayer`
Warn,  T5284: BlendDNA: Did not find a field named `uid` in structure `CustomDataLayer`
Warn,  T5284: <add reason>
Warn,  T5284: BlendDNA: Did not find a field named `active_clone` in structure `CustomDataLayer`
Warn,  T5284: BlendDNA: Did not find a field named `active_mask` in structure `CustomDataLayer`
Warn,  T5284: BlendDNA: Did not find a field named `uid` in structure `CustomDataLayer`
Warn,  T5284: <add reason>
Warn,  T5284: BlendDNA: Did not find a field named `active_clone` in structure `CustomDataLayer`
Warn,  T5284: BlendDNA: Did not find a field named `active_mask` in structure `CustomDataLayer`
Warn,  T5284: BlendDNA: Did not find a field named `uid` in structure `CustomDataLayer`
Warn,  T5284: <add reason>
Warn,  T5284: BlendDNA: Did not find a field named `active_clone` in structure `CustomDataLayer`
Warn,  T5284: BlendDNA: Did not find a field named `active_mask` in structure `CustomDataLayer`
Warn,  T5284: BlendDNA: Did not find a field named `uid` in structure `CustomDataLayer`
Warn,  T5284: <add reason>
Warn,  T5284: BlendDNA: Did not find a field named `active_clone` in structure `CustomDataLayer`
Warn,  T5284: BlendDNA: Did not find a field named `active_mask` in structure `CustomDataLayer`
Warn,  T5284: BlendDNA: Did not find a field named `uid` in structure `CustomDataLayer`
Warn,  T5284: <add reason>
Warn,  T5284: BlendDNA: Did not find a field named `typemap` in structure `CustomData`
Warn,  T5284: BlendDNA: Did not find a field named `active_clone` in structure `CustomDataLayer`
Warn,  T5284: BlendDNA: Did not find a field named `active_mask` in structure `CustomDataLayer`
Warn,  T5284: BlendDNA: Did not find a field named `uid` in structure `CustomDataLayer`
Warn,  T5284: <add reason>
Warn,  T5284: BlendDNA: Did not find a field named `active_clone` in structure `CustomDataLayer`
Warn,  T5284: BlendDNA: Did not find a field named `active_mask` in structure `CustomDataLayer`
Warn,  T5284: BlendDNA: Did not find a field named `uid` in structure `CustomDataLayer`
Warn,  T5284: <add reason>
Warn,  T5284: BlendDNA: Did not find a field named `active_clone` in structure `CustomDataLayer`
Warn,  T5284: BlendDNA: Did not find a field named `active_mask` in structure `CustomDataLayer`
Warn,  T5284: BlendDNA: Did not find a field named `uid` in structure `CustomDataLayer`
Warn,  T5284: <add reason>
Warn,  T5284: BlendDNA: Did not find a field named `active_clone` in structure `CustomDataLayer`
Warn,  T5284: BlendDNA: Did not find a field named `active_mask` in structure `CustomDataLayer`
Warn,  T5284: BlendDNA: Did not find a field named `uid` in structure `CustomDataLayer`
Warn,  T5284: <add reason>
Warn,  T5284: BlendDNA: Did not find a field named `active_clone` in structure `CustomDataLayer`
Warn,  T5284: BlendDNA: Did not find a field named `active_mask` in structure `CustomDataLayer`
Warn,  T5284: BlendDNA: Did not find a field named `uid` in structure `CustomDataLayer`
Warn,  T5284: <add reason>
Warn,  T5284: BlendDNA: Did not find a field named `pdata` in structure `Mesh`
Warn,  T5284: BlendDNA: Did not find a field named `ldata` in structure `Mesh`
Warn,  T5284: BlendDNA: Did not find a field named `*master_collection` in structure `Scene`
Warn,  T5284: <add reason>
Warn,  T5284: BlendDNA: Did not find a field named `totloop` in structure `Mesh`
Warn,  T5284: BlendDNA: Did not find a field named `totpoly` in structure `Mesh`
Warn,  T5284: BlendDNA: Did not find a field named `*mloop` in structure `Mesh`
Warn,  T5284: BlendDNA: Did not find a field named `*mloopuv` in structure `Mesh`
Warn,  T5284: BlendDNA: Did not find a field named `*mloopcol` in structure `Mesh`
Warn,  T5284: BlendDNA: Did not find a field named `*mpoly` in structure `Mesh`
Warn,  T5284: BlendDNA: Did not find a field named `*mtpoly` in structure `Mesh`
Warn,  T5284: BlendDNA: Did not find a field named `typemap` in structure `CustomData`
Warn,  T5284: BlendDNA: Did not find a field named `active_clone` in structure `CustomDataLayer`
Warn,  T5284: BlendDNA: Did not find a field named `active_mask` in structure `CustomDataLayer`
Warn,  T5284: BlendDNA: Did not find a field named `uid` in structure `CustomDataLayer`
Warn,  T5284: <add reason>
Warn,  T5284: BlendDNA: Did not find a field named `active_clone` in structure `CustomDataLayer`
Warn,  T5284: BlendDNA: Did not find a field named `active_mask` in structure `CustomDataLayer`
Warn,  T5284: BlendDNA: Did not find a field named `uid` in structure `CustomDataLayer`
Warn,  T5284: <add reason>
Warn,  T5284: BlendDNA: Did not find a field named `active_clone` in structure `CustomDataLayer`
Warn,  T5284: BlendDNA: Did not find a field named `active_mask` in structure `CustomDataLayer`
Warn,  T5284: BlendDNA: Did not find a field named `uid` in structure `CustomDataLayer`
Warn,  T5284: <add reason>
Warn,  T5284: BlendDNA: Did not find a field named `active_clone` in structure `CustomDataLayer`
Warn,  T5284: BlendDNA: Did not find a field named `active_mask` in structure `CustomDataLayer`
Warn,  T5284: BlendDNA: Did not find a field named `uid` in structure `CustomDataLayer`
Warn,  T5284: <add reason>
Warn,  T5284: BlendDNA: Did not find a field named `active_clone` in structure `CustomDataLayer`
Warn,  T5284: BlendDNA: Did not find a field named `active_mask` in structure `CustomDataLayer`
Warn,  T5284: BlendDNA: Did not find a field named `uid` in structure `CustomDataLayer`
Warn,  T5284: <add reason>
Warn,  T5284: BlendDNA: Did not find a field named `typemap` in structure `CustomData`
Warn,  T5284: BlendDNA: Did not find a field named `active_clone` in structure `CustomDataLayer`
Warn,  T5284: BlendDNA: Did not find a field named `active_mask` in structure `CustomDataLayer`
Warn,  T5284: BlendDNA: Did not find a field named `uid` in structure `CustomDataLayer`
Warn,  T5284: <add reason>
Warn,  T5284: BlendDNA: Did not find a field named `active_clone` in structure `CustomDataLayer`
Warn,  T5284: BlendDNA: Did not find a field named `active_mask` in structure `CustomDataLayer`
Warn,  T5284: BlendDNA: Did not find a field named `uid` in structure `CustomDataLayer`
Warn,  T5284: <add reason>
Warn,  T5284: BlendDNA: Did not find a field named `active_clone` in structure `CustomDataLayer`
Warn,  T5284: BlendDNA: Did not find a field named `active_mask` in structure `CustomDataLayer`
Warn,  T5284: BlendDNA: Did not find a field named `uid` in structure `CustomDataLayer`
Warn,  T5284: <add reason>
Warn,  T5284: BlendDNA: Did not find a field named `active_clone` in structure `CustomDataLayer`
Warn,  T5284: BlendDNA: Did not find a field named `active_mask` in structure `CustomDataLayer`
Warn,  T5284: BlendDNA: Did not find a field named `uid` in structure `CustomDataLayer`
Warn,  T5284: <add reason>
Warn,  T5284: BlendDNA: Did not find a field named `active_clone` in structure `CustomDataLayer`
Warn,  T5284: BlendDNA: Did not find a field named `active_mask` in structure `CustomDataLayer`
Warn,  T5284: BlendDNA: Did not find a field named `uid` in structure `CustomDataLayer`
Warn,  T5284: <add reason>
Warn,  T5284: BlendDNA: Did not find a field named `typemap` in structure `CustomData`
Warn,  T5284: BlendDNA: Did not find a field named `active_clone` in structure `CustomDataLayer`
Warn,  T5284: BlendDNA: Did not find a field named `active_mask` in structure `CustomDataLayer`
Warn,  T5284: BlendDNA: Did not find a field named `uid` in structure `CustomDataLayer`
Warn,  T5284: <add reason>
Warn,  T5284: BlendDNA: Did not find a field named `active_clone` in structure `CustomDataLayer`
Warn,  T5284: BlendDNA: Did not find a field named `active_mask` in structure `CustomDataLayer`
Warn,  T5284: BlendDNA: Did not find a field named `uid` in structure `CustomDataLayer`
Warn,  T5284: <add reason>
Warn,  T5284: BlendDNA: Did not find a field named `active_clone` in structure `CustomDataLayer`
Warn,  T5284: BlendDNA: Did not find a field named `active_mask` in structure `CustomDataLayer`
Warn,  T5284: BlendDNA: Did not find a field named `uid` in structure `CustomDataLayer`
Warn,  T5284: <add reason>
Warn,  T5284: BlendDNA: Did not find a field named `active_clone` in structure `CustomDataLayer`
Warn,  T5284: BlendDNA: Did not find a field named `active_mask` in structure `CustomDataLayer`
Warn,  T5284: BlendDNA: Did not find a field named `uid` in structure `CustomDataLayer`
Warn,  T5284: <add reason>
Warn,  T5284: BlendDNA: Did not find a field named `active_clone` in structure `CustomDataLayer`
Warn,  T5284: BlendDNA: Did not find a field named `active_mask` in structure `CustomDataLayer`
Warn,  T5284: BlendDNA: Did not find a field named `uid` in structure `CustomDataLayer`
Warn,  T5284: <add reason>
Warn,  T5284: BlendDNA: Did not find a field named `pdata` in structure `Mesh`
Warn,  T5284: BlendDNA: Did not find a field named `ldata` in structure `Mesh`
Warn,  T5284: <add reason>
Warn,  T5284: BlendDNA: Did not find a field named `totloop` in structure `Mesh`
Warn,  T5284: BlendDNA: Did not find a field named `totpoly` in structure `Mesh`
Warn,  T5284: BlendDNA: Did not find a field named `*mloop` in structure `Mesh`
Warn,  T5284: BlendDNA: Did not find a field named `*mloopuv` in structure `Mesh`
Warn,  T5284: BlendDNA: Did not find a field named `*mloopcol` in structure `Mesh`
Warn,  T5284: BlendDNA: Did not find a field named `*mpoly` in structure `Mesh`
Warn,  T5284: BlendDNA: Did not find a field named `*mtpoly` in structure `Mesh`
Warn,  T5284: <add reason>
Warn,  T5284: BlendDNA: Did not find a field named `rot` in structure `MTex`
Warn,  T5284: BlendDNA: Did not find a field named `colspecfac` in structure `MTex`
Warn,  T5284: BlendDNA: Did not find a field named `mirrfac` in structure `MTex`
Warn,  T5284: BlendDNA: Did not find a field named `alphafac` in structure `MTex`
Warn,  T5284: BlendDNA: Did not find a field named `difffac` in structure `MTex`
Warn,  T5284: BlendDNA: Did not find a field named `specfac` in structure `MTex`
Warn,  T5284: BlendDNA: Did not find a field named `emitfac` in structure `MTex`
Warn,  T5284: BlendDNA: Did not find a field named `hardfac` in structure `MTex`
Warn,  T5284: BlendDNA: Did not find a field named `material_type` in structure `Material`
Warn,  T5284: BlendDNA: Did not find a field named `pr_texture` in structure `Material`
Warn,  T5284: BlendDNA: Did not find a field named `shadowonly_flag` in structure `Material`
Warn,  T5284: BlendDNA: Did not find a field named `index` in structure `Material`
Warn,  T5284: BlendDNA: Did not find a field named `vcol_alpha` in structure `Material`
Warn,  T5284: BlendDNA: Did not find a field named `typemap` in structure `CustomData`
Warn,  T5284: BlendDNA: Did not find a field named `active_clone` in structure `CustomDataLayer`
Warn,  T5284: BlendDNA: Did not find a field named `active_mask` in structure `CustomDataLayer`
Warn,  T5284: BlendDNA: Did not find a field named `uid` in structure `CustomDataLayer`
Warn,  T5284: <add reason>
Warn,  T5284: BlendDNA: Did not find a field named `active_clone` in structure `CustomDataLayer`
Warn,  T5284: BlendDNA: Did not find a field named `active_mask` in structure `CustomDataLayer`
Warn,  T5284: BlendDNA: Did not find a field named `uid` in structure `CustomDataLayer`
Warn,  T5284: <add reason>
Warn,  T5284: BlendDNA: Did not find a field named `active_clone` in structure `CustomDataLayer`
Warn,  T5284: BlendDNA: Did not find a field named `active_mask` in structure `CustomDataLayer`
Warn,  T5284: BlendDNA: Did not find a field named `uid` in structure `CustomDataLayer`
Warn,  T5284: <add reason>
Warn,  T5284: BlendDNA: Did not find a field named `active_clone` in structure `CustomDataLayer`
Warn,  T5284: BlendDNA: Did not find a field named `active_mask` in structure `CustomDataLayer`
Warn,  T5284: BlendDNA: Did not find a field named `uid` in structure `CustomDataLayer`
Warn,  T5284: <add reason>
Warn,  T5284: BlendDNA: Did not find a field named `active_clone` in structure `CustomDataLayer`
Warn,  T5284: BlendDNA: Did not find a field named `active_mask` in structure `CustomDataLayer`
Warn,  T5284: BlendDNA: Did not find a field named `uid` in structure `CustomDataLayer`
Warn,  T5284: <add reason>
Warn,  T5284: BlendDNA: Did not find a field named `typemap` in structure `CustomData`
Warn,  T5284: BlendDNA: Did not find a field named `active_clone` in structure `CustomDataLayer`
Warn,  T5284: BlendDNA: Did not find a field named `active_mask` in structure `CustomDataLayer`
Warn,  T5284: BlendDNA: Did not find a field named `uid` in structure `CustomDataLayer`
Warn,  T5284: <add reason>
Warn,  T5284: BlendDNA: Did not find a field named `active_clone` in structure `CustomDataLayer`
Warn,  T5284: BlendDNA: Did not find a field named `active_mask` in structure `CustomDataLayer`
Warn,  T5284: BlendDNA: Did not find a field named `uid` in structure `CustomDataLayer`
Warn,  T5284: <add reason>
Warn,  T5284: BlendDNA: Did not find a field named `active_clone` in structure `CustomDataLayer`
Warn,  T5284: BlendDNA: Did not find a field named `active_mask` in structure `CustomDataLayer`
Warn,  T5284: BlendDNA: Did not find a field named `uid` in structure `CustomDataLayer`
Warn,  T5284: <add reason>
Warn,  T5284: BlendDNA: Did not find a field named `active_clone` in structure `CustomDataLayer`
Warn,  T5284: BlendDNA: Did not find a field named `active_mask` in structure `CustomDataLayer`
Warn,  T5284: BlendDNA: Did not find a field named `uid` in structure `CustomDataLayer`
Warn,  T5284: <add reason>
Warn,  T5284: BlendDNA: Did not find a field named `active_clone` in structure `CustomDataLayer`
Warn,  T5284: BlendDNA: Did not find a field named `active_mask` in structure `CustomDataLayer`
Warn,  T5284: BlendDNA: Did not find a field named `uid` in structure `CustomDataLayer`
Warn,  T5284: <add reason>
Warn,  T5284: BlendDNA: Did not find a field named `typemap` in structure `CustomData`
Warn,  T5284: BlendDNA: Did not find a field named `active_clone` in structure `CustomDataLayer`
Warn,  T5284: BlendDNA: Did not find a field named `active_mask` in structure `CustomDataLayer`
Warn,  T5284: BlendDNA: Did not find a field named `uid` in structure `CustomDataLayer`
Warn,  T5284: <add reason>
Warn,  T5284: BlendDNA: Did not find a field named `active_clone` in structure `CustomDataLayer`
Warn,  T5284: BlendDNA: Did not find a field named `active_mask` in structure `CustomDataLayer`
Warn,  T5284: BlendDNA: Did not find a field named `uid` in structure `CustomDataLayer`
Warn,  T5284: <add reason>
Warn,  T5284: BlendDNA: Did not find a field named `active_clone` in structure `CustomDataLayer`
Warn,  T5284: BlendDNA: Did not find a field named `active_mask` in structure `CustomDataLayer`
Warn,  T5284: BlendDNA: Did not find a field named `uid` in structure `CustomDataLayer`
Warn,  T5284: <add reason>
Warn,  T5284: BlendDNA: Did not find a field named `active_clone` in structure `CustomDataLayer`
Warn,  T5284: BlendDNA: Did not find a field named `active_mask` in structure `CustomDataLayer`
Warn,  T5284: BlendDNA: Did not find a field named `uid` in structure `CustomDataLayer`
Warn,  T5284: <add reason>
Warn,  T5284: BlendDNA: Did not find a field named `active_clone` in structure `CustomDataLayer`
Warn,  T5284: BlendDNA: Did not find a field named `active_mask` in structure `CustomDataLayer`
Warn,  T5284: BlendDNA: Did not find a field named `uid` in structure `CustomDataLayer`
Warn,  T5284: <add reason>
Warn,  T5284: BlendDNA: Did not find a field named `pdata` in structure `Mesh`
Warn,  T5284: BlendDNA: Did not find a field named `ldata` in structure `Mesh`
Info,  T5284: (Stats) Fields read: 156596270, pointers resolved: 33490, cache hits: 4294966073, cached objects: 1305
Debug, T5284: UpdateImporterScale scale set: 1
Debug, T5284: ValidateDataStructureProcess begin
Debug, T5284: ValidateDataStructureProcess end
Info,  T5284: Load C:/projects/MM1/extern/assimp-master/assimp-master/test/models-nonbsd/BLEND/fleurOptonl.blend
Debug, T5284: Assimp 6.0.0 amd64 gcc debug shared singlethreadedsingle : 
Info,  T5284: Found a matching importer for this file format: Blender 3D Importer (http://www.blender3d.org).
Info,  T5284: Import root directory is 'C:/projects/MM1/extern/assimp-master/assimp-master/test/models-nonbsd/BLEND\'
Info,  T5284: BLEND: Blender version is 2.41 (64bit: false, little endian: true)
Debug, T5284: REND
Debug, T5284: SR
Debug, T5284: DATA
Debug, T5284: SR
Debug, T5284: DATA
Debug, T5284: SR
Debug, T5284: DATA
Debug, T5284: SR
Debug, T5284: DATA
Debug, T5284: SC
Debug, T5284: DATA
Debug, T5284: IM
Debug, T5284: DATA
Debug, T5284: IM
Debug, T5284: DATA
Debug, T5284: IM
Debug, T5284: DATA
Debug, T5284: IM
Debug, T5284: DATA
Debug, T5284: IM
Debug, T5284: DATA
Debug, T5284: CA
Debug, T5284: LA
Debug, T5284: WO
Debug, T5284: TX
Debug, T5284: DATA
Debug, T5284: AR
Debug, T5284: DATA
Debug, T5284: OB
Debug, T5284: DATA
Debug, T5284: OB
Debug, T5284: DATA
Debug, T5284: OB
Debug, T5284: DATA
Debug, T5284: OB
Debug, T5284: DATA
Debug, T5284: MA
Debug, T5284: DATA
Debug, T5284: MA
Debug, T5284: DATA
Debug, T5284: MA
Debug, T5284: DATA
Debug, T5284: TE
Debug, T5284: ME
Debug, T5284: DATA
Debug, T5284: ME
Debug, T5284: DATA
Debug, T5284: ME
Debug, T5284: DATA
Debug, T5284: GLOB
Debug, T5284: DNA1
Debug, T5284: BlenderDNA: Got 192 structures with totally 2427 fields
Debug, T5284: ENDB
Warn,  T5284: <add reason>
Warn,  T5284: BlendDNA: Did not find a field named `*proxy` in structure `Object`
Warn,  T5284: BlendDNA: Did not find a field named `*proxy_from` in structure `Object`
Warn,  T5284: BlendDNA: Did not find a field named `*proxy_group` in structure `Object`
Warn,  T5284: BlendDNA: Did not find a field named `*dup_group` in structure `Object`
Warn,  T5284: BlendDNA: Did not find a field named `*proxy` in structure `Object`
Warn,  T5284: BlendDNA: Did not find a field named `*proxy_from` in structure `Object`
Warn,  T5284: BlendDNA: Did not find a field named `*proxy_group` in structure `Object`
Warn,  T5284: BlendDNA: Did not find a field named `*dup_group` in structure `Object`
Warn,  T5284: <add reason>
Warn,  T5284: BlendDNA: Did not find a field named `sensor_x` in structure `Camera`
Warn,  T5284: <add reason>
Warn,  T5284: BlendDNA: Did not find a field named `*proxy` in structure `Object`
Warn,  T5284: BlendDNA: Did not find a field named `*proxy_from` in structure `Object`
Warn,  T5284: BlendDNA: Did not find a field named `*proxy_group` in structure `Object`
Warn,  T5284: BlendDNA: Did not find a field named `*dup_group` in structure `Object`
Warn,  T5284: Failed to find a converter for the `bArmature` structure
Warn,  T5284: <add reason>
Warn,  T5284: BlendDNA: Did not find a field named `*proxy` in structure `Object`
Warn,  T5284: BlendDNA: Did not find a field named `*proxy_from` in structure `Object`
Warn,  T5284: BlendDNA: Did not find a field named `*proxy_group` in structure `Object`
Warn,  T5284: BlendDNA: Did not find a field named `*dup_group` in structure `Object`
Warn,  T5284: <add reason>
Warn,  T5284: BlendDNA: Did not find a field named `totloop` in structure `Mesh`
Warn,  T5284: BlendDNA: Did not find a field named `totpoly` in structure `Mesh`
Warn,  T5284: BlendDNA: Did not find a field named `*mtface` in structure `Mesh`
Warn,  T5284: BlendDNA: Did not find a field named `bweight` in structure `MVert`
Warn,  T5284: BlendDNA: Did not find a field named `bweight` in structure `MEdge`
Warn,  T5284: BlendDNA: Did not find a field named `*mloop` in structure `Mesh`
Warn,  T5284: BlendDNA: Did not find a field named `*mloopuv` in structure `Mesh`
Warn,  T5284: BlendDNA: Did not find a field named `*mloopcol` in structure `Mesh`
Warn,  T5284: BlendDNA: Did not find a field named `*mpoly` in structure `Mesh`
Warn,  T5284: BlendDNA: Did not find a field named `*mtpoly` in structure `Mesh`
Warn,  T5284: <add reason>
Warn,  T5284: BlendDNA: Did not find a field named `*group` in structure `Material`
Warn,  T5284: <add reason>
Warn,  T5284: BlendDNA: Did not find a field named `source` in structure `Image`
Warn,  T5284: BlendDNA: Did not find a field named `type` in structure `Image`
Warn,  T5284: BlendDNA: Did not find a field named `pad` in structure `Image`
Warn,  T5284: BlendDNA: Did not find a field named `pad1` in structure `Image`
Warn,  T5284: BlendDNA: Did not find a field named `gen_x` in structure `Image`
Warn,  T5284: BlendDNA: Did not find a field named `gen_y` in structure `Image`
Warn,  T5284: BlendDNA: Did not find a field named `gen_type` in structure `Image`
Warn,  T5284: BlendDNA: Did not find a field named `uvname` in structure `MTex`
Warn,  T5284: BlendDNA: Did not find a field named `rot` in structure `MTex`
Warn,  T5284: BlendDNA: Did not find a field named `pmapto` in structure `MTex`
Warn,  T5284: BlendDNA: Did not find a field named `pmaptoneg` in structure `MTex`
Warn,  T5284: BlendDNA: Did not find a field named `colspecfac` in structure `MTex`
Warn,  T5284: BlendDNA: Did not find a field named `mirrfac` in structure `MTex`
Warn,  T5284: BlendDNA: Did not find a field named `alphafac` in structure `MTex`
Warn,  T5284: BlendDNA: Did not find a field named `difffac` in structure `MTex`
Warn,  T5284: BlendDNA: Did not find a field named `specfac` in structure `MTex`
Warn,  T5284: BlendDNA: Did not find a field named `emitfac` in structure `MTex`
Warn,  T5284: BlendDNA: Did not find a field named `hardfac` in structure `MTex`
Warn,  T5284: <add reason>
Warn,  T5284: BlendDNA: Did not find a field named `source` in structure `Image`
Warn,  T5284: BlendDNA: Did not find a field named `type` in structure `Image`
Warn,  T5284: BlendDNA: Did not find a field named `pad` in structure `Image`
Warn,  T5284: BlendDNA: Did not find a field named `pad1` in structure `Image`
Warn,  T5284: BlendDNA: Did not find a field named `gen_x` in structure `Image`
Warn,  T5284: BlendDNA: Did not find a field named `gen_y` in structure `Image`
Warn,  T5284: BlendDNA: Did not find a field named `gen_type` in structure `Image`
Warn,  T5284: BlendDNA: Did not find a field named `uvname` in structure `MTex`
Warn,  T5284: BlendDNA: Did not find a field named `rot` in structure `MTex`
Warn,  T5284: BlendDNA: Did not find a field named `pmapto` in structure `MTex`
Warn,  T5284: BlendDNA: Did not find a field named `pmaptoneg` in structure `MTex`
Warn,  T5284: BlendDNA: Did not find a field named `colspecfac` in structure `MTex`
Warn,  T5284: BlendDNA: Did not find a field named `mirrfac` in structure `MTex`
Warn,  T5284: BlendDNA: Did not find a field named `alphafac` in structure `MTex`
Warn,  T5284: BlendDNA: Did not find a field named `difffac` in structure `MTex`
Warn,  T5284: BlendDNA: Did not find a field named `specfac` in structure `MTex`
Warn,  T5284: BlendDNA: Did not find a field named `emitfac` in structure `MTex`
Warn,  T5284: BlendDNA: Did not find a field named `hardfac` in structure `MTex`
Warn,  T5284: BlendDNA: Did not find a field named `tx_limit` in structure `Material`
Warn,  T5284: BlendDNA: Did not find a field named `tx_falloff` in structure `Material`
Warn,  T5284: BlendDNA: Did not find a field named `gloss_mir` in structure `Material`
Warn,  T5284: BlendDNA: Did not find a field named `gloss_tra` in structure `Material`
Warn,  T5284: BlendDNA: Did not find a field named `adapt_thresh_mir` in structure `Material`
Warn,  T5284: BlendDNA: Did not find a field named `adapt_thresh_tra` in structure `Material`
Warn,  T5284: BlendDNA: Did not find a field named `aniso_gloss_mir` in structure `Material`
Warn,  T5284: BlendDNA: Did not find a field named `dist_mir` in structure `Material`
Warn,  T5284: BlendDNA: Did not find a field named `strand_surfnor` in structure `Material`
Warn,  T5284: BlendDNA: Did not find a field named `strand_min` in structure `Material`
Warn,  T5284: BlendDNA: Did not find a field named `strand_widthfade` in structure `Material`
Warn,  T5284: BlendDNA: Did not find a field named `sbias` in structure `Material`
Warn,  T5284: BlendDNA: Did not find a field named `lbias` in structure `Material`
Warn,  T5284: BlendDNA: Did not find a field named `shad_alpha` in structure `Material`
Warn,  T5284: BlendDNA: Did not find a field named `sss_radius` in structure `Material`
Warn,  T5284: BlendDNA: Did not find a field named `sss_col` in structure `Material`
Warn,  T5284: BlendDNA: Did not find a field named `sss_error` in structure `Material`
Warn,  T5284: BlendDNA: Did not find a field named `sss_scale` in structure `Material`
Warn,  T5284: BlendDNA: Did not find a field named `sss_ior` in structure `Material`
Warn,  T5284: BlendDNA: Did not find a field named `sss_colfac` in structure `Material`
Warn,  T5284: BlendDNA: Did not find a field named `sss_texfac` in structure `Material`
Warn,  T5284: BlendDNA: Did not find a field named `sss_front` in structure `Material`
Warn,  T5284: BlendDNA: Did not find a field named `sss_back` in structure `Material`
Warn,  T5284: BlendDNA: Did not find a field named `material_type` in structure `Material`
Warn,  T5284: BlendDNA: Did not find a field named `flag` in structure `Material`
Warn,  T5284: BlendDNA: Did not find a field named `samp_gloss_mir` in structure `Material`
Warn,  T5284: BlendDNA: Did not find a field named `samp_gloss_tra` in structure `Material`
Warn,  T5284: BlendDNA: Did not find a field named `fadeto_mir` in structure `Material`
Warn,  T5284: BlendDNA: Did not find a field named `shade_flag` in structure `Material`
Warn,  T5284: BlendDNA: Did not find a field named `pr_texture` in structure `Material`
Warn,  T5284: BlendDNA: Did not find a field named `ml_flag` in structure `Material`
Warn,  T5284: BlendDNA: Did not find a field named `sss_flag` in structure `Material`
Warn,  T5284: BlendDNA: Did not find a field named `sss_preset` in structure `Material`
Warn,  T5284: BlendDNA: Did not find a field named `shadowonly_flag` in structure `Material`
Warn,  T5284: BlendDNA: Did not find a field named `index` in structure `Material`
Warn,  T5284: BlendDNA: Did not find a field named `vcol_alpha` in structure `Material`
Warn,  T5284: BlendDNA: Did not find a field named `vdata` in structure `Mesh`
Warn,  T5284: BlendDNA: Did not find a field named `edata` in structure `Mesh`
Warn,  T5284: BlendDNA: Did not find a field named `fdata` in structure `Mesh`
Warn,  T5284: BlendDNA: Did not find a field named `pdata` in structure `Mesh`
Warn,  T5284: BlendDNA: Did not find a field named `ldata` in structure `Mesh`
Warn,  T5284: <add reason>
Warn,  T5284: BlendDNA: Did not find a field named `*proxy` in structure `Object`
Warn,  T5284: BlendDNA: Did not find a field named `*proxy_from` in structure `Object`
Warn,  T5284: BlendDNA: Did not find a field named `*proxy_group` in structure `Object`
Warn,  T5284: BlendDNA: Did not find a field named `*dup_group` in structure `Object`
Warn,  T5284: <add reason>
Warn,  T5284: BlendDNA: Did not find a field named `totloop` in structure `Mesh`
Warn,  T5284: BlendDNA: Did not find a field named `totpoly` in structure `Mesh`
Warn,  T5284: BlendDNA: Did not find a field named `*mtface` in structure `Mesh`
Warn,  T5284: BlendDNA: Did not find a field named `bweight` in structure `MVert`
Warn,  T5284: BlendDNA: Did not find a field named `bweight` in structure `MEdge`
Warn,  T5284: BlendDNA: Did not find a field named `*mloop` in structure `Mesh`
Warn,  T5284: BlendDNA: Did not find a field named `*mloopuv` in structure `Mesh`
Warn,  T5284: BlendDNA: Did not find a field named `*mloopcol` in structure `Mesh`
Warn,  T5284: BlendDNA: Did not find a field named `*mpoly` in structure `Mesh`
Warn,  T5284: BlendDNA: Did not find a field named `*mtpoly` in structure `Mesh`
Warn,  T5284: <add reason>
Warn,  T5284: BlendDNA: Did not find a field named `*group` in structure `Material`
Warn,  T5284: <add reason>
Warn,  T5284: BlendDNA: Did not find a field named `source` in structure `Image`
Warn,  T5284: BlendDNA: Did not find a field named `type` in structure `Image`
Warn,  T5284: BlendDNA: Did not find a field named `pad` in structure `Image`
Warn,  T5284: BlendDNA: Did not find a field named `pad1` in structure `Image`
Warn,  T5284: BlendDNA: Did not find a field named `gen_x` in structure `Image`
Warn,  T5284: BlendDNA: Did not find a field named `gen_y` in structure `Image`
Warn,  T5284: BlendDNA: Did not find a field named `gen_type` in structure `Image`
Warn,  T5284: BlendDNA: Did not find a field named `uvname` in structure `MTex`
Warn,  T5284: BlendDNA: Did not find a field named `rot` in structure `MTex`
Warn,  T5284: BlendDNA: Did not find a field named `pmapto` in structure `MTex`
Warn,  T5284: BlendDNA: Did not find a field named `pmaptoneg` in structure `MTex`
Warn,  T5284: BlendDNA: Did not find a field named `colspecfac` in structure `MTex`
Warn,  T5284: BlendDNA: Did not find a field named `mirrfac` in structure `MTex`
Warn,  T5284: BlendDNA: Did not find a field named `alphafac` in structure `MTex`
Warn,  T5284: BlendDNA: Did not find a field named `difffac` in structure `MTex`
Warn,  T5284: BlendDNA: Did not find a field named `specfac` in structure `MTex`
Warn,  T5284: BlendDNA: Did not find a field named `emitfac` in structure `MTex`
Warn,  T5284: BlendDNA: Did not find a field named `hardfac` in structure `MTex`
Warn,  T5284: BlendDNA: Did not find a field named `tx_limit` in structure `Material`
Warn,  T5284: BlendDNA: Did not find a field named `tx_falloff` in structure `Material`
Warn,  T5284: BlendDNA: Did not find a field named `gloss_mir` in structure `Material`
Warn,  T5284: BlendDNA: Did not find a field named `gloss_tra` in structure `Material`
Warn,  T5284: BlendDNA: Did not find a field named `adapt_thresh_mir` in structure `Material`
Warn,  T5284: BlendDNA: Did not find a field named `adapt_thresh_tra` in structure `Material`
Warn,  T5284: BlendDNA: Did not find a field named `aniso_gloss_mir` in structure `Material`
Warn,  T5284: BlendDNA: Did not find a field named `dist_mir` in structure `Material`
Warn,  T5284: BlendDNA: Did not find a field named `strand_surfnor` in structure `Material`
Warn,  T5284: BlendDNA: Did not find a field named `strand_min` in structure `Material`
Warn,  T5284: BlendDNA: Did not find a field named `strand_widthfade` in structure `Material`
Warn,  T5284: BlendDNA: Did not find a field named `sbias` in structure `Material`
Warn,  T5284: BlendDNA: Did not find a field named `lbias` in structure `Material`
Warn,  T5284: BlendDNA: Did not find a field named `shad_alpha` in structure `Material`
Warn,  T5284: BlendDNA: Did not find a field named `sss_radius` in structure `Material`
Warn,  T5284: BlendDNA: Did not find a field named `sss_col` in structure `Material`
Warn,  T5284: BlendDNA: Did not find a field named `sss_error` in structure `Material`
Warn,  T5284: BlendDNA: Did not find a field named `sss_scale` in structure `Material`
Warn,  T5284: BlendDNA: Did not find a field named `sss_ior` in structure `Material`
Warn,  T5284: BlendDNA: Did not find a field named `sss_colfac` in structure `Material`
Warn,  T5284: BlendDNA: Did not find a field named `sss_texfac` in structure `Material`
Warn,  T5284: BlendDNA: Did not find a field named `sss_front` in structure `Material`
Warn,  T5284: BlendDNA: Did not find a field named `sss_back` in structure `Material`
Warn,  T5284: BlendDNA: Did not find a field named `material_type` in structure `Material`
Warn,  T5284: BlendDNA: Did not find a field named `flag` in structure `Material`
Warn,  T5284: BlendDNA: Did not find a field named `samp_gloss_mir` in structure `Material`
Warn,  T5284: BlendDNA: Did not find a field named `samp_gloss_tra` in structure `Material`
Warn,  T5284: BlendDNA: Did not find a field named `fadeto_mir` in structure `Material`
Warn,  T5284: BlendDNA: Did not find a field named `shade_flag` in structure `Material`
Warn,  T5284: BlendDNA: Did not find a field named `pr_texture` in structure `Material`
Warn,  T5284: BlendDNA: Did not find a field named `ml_flag` in structure `Material`
Warn,  T5284: BlendDNA: Did not find a field named `sss_flag` in structure `Material`
Warn,  T5284: BlendDNA: Did not find a field named `sss_preset` in structure `Material`
Warn,  T5284: BlendDNA: Did not find a field named `shadowonly_flag` in structure `Material`
Warn,  T5284: BlendDNA: Did not find a field named `index` in structure `Material`
Warn,  T5284: BlendDNA: Did not find a field named `vcol_alpha` in structure `Material`
Warn,  T5284: BlendDNA: Did not find a field named `vdata` in structure `Mesh`
Warn,  T5284: BlendDNA: Did not find a field named `edata` in structure `Mesh`
Warn,  T5284: BlendDNA: Did not find a field named `fdata` in structure `Mesh`
Warn,  T5284: BlendDNA: Did not find a field named `pdata` in structure `Mesh`
Warn,  T5284: BlendDNA: Did not find a field named `ldata` in structure `Mesh`
Warn,  T5284: <add reason>
Warn,  T5284: BlendDNA: Did not find a field named `*proxy` in structure `Object`
Warn,  T5284: BlendDNA: Did not find a field named `*proxy_from` in structure `Object`
Warn,  T5284: BlendDNA: Did not find a field named `*proxy_group` in structure `Object`
Warn,  T5284: BlendDNA: Did not find a field named `*dup_group` in structure `Object`
Warn,  T5284: <add reason>
Warn,  T5284: BlendDNA: Did not find a field named `totloop` in structure `Mesh`
Warn,  T5284: BlendDNA: Did not find a field named `totpoly` in structure `Mesh`
Warn,  T5284: BlendDNA: Did not find a field named `*mtface` in structure `Mesh`
Warn,  T5284: BlendDNA: Did not find a field named `bweight` in structure `MVert`
Warn,  T5284: BlendDNA: Did not find a field named `bweight` in structure `MEdge`
Warn,  T5284: BlendDNA: Did not find a field named `*mloop` in structure `Mesh`
Warn,  T5284: BlendDNA: Did not find a field named `*mloopuv` in structure `Mesh`
Warn,  T5284: BlendDNA: Did not find a field named `*mloopcol` in structure `Mesh`
Warn,  T5284: BlendDNA: Did not find a field named `*mpoly` in structure `Mesh`
Warn,  T5284: BlendDNA: Did not find a field named `*mtpoly` in structure `Mesh`
Warn,  T5284: <add reason>
Warn,  T5284: BlendDNA: Did not find a field named `*group` in structure `Material`
Warn,  T5284: <add reason>
Warn,  T5284: BlendDNA: Did not find a field named `source` in structure `Image`
Warn,  T5284: BlendDNA: Did not find a field named `type` in structure `Image`
Warn,  T5284: BlendDNA: Did not find a field named `pad` in structure `Image`
Warn,  T5284: BlendDNA: Did not find a field named `pad1` in structure `Image`
Warn,  T5284: BlendDNA: Did not find a field named `gen_x` in structure `Image`
Warn,  T5284: BlendDNA: Did not find a field named `gen_y` in structure `Image`
Warn,  T5284: BlendDNA: Did not find a field named `gen_type` in structure `Image`
Warn,  T5284: BlendDNA: Did not find a field named `uvname` in structure `MTex`
Warn,  T5284: BlendDNA: Did not find a field named `rot` in structure `MTex`
Warn,  T5284: BlendDNA: Did not find a field named `pmapto` in structure `MTex`
Warn,  T5284: BlendDNA: Did not find a field named `pmaptoneg` in structure `MTex`
Warn,  T5284: BlendDNA: Did not find a field named `colspecfac` in structure `MTex`
Warn,  T5284: BlendDNA: Did not find a field named `mirrfac` in structure `MTex`
Warn,  T5284: BlendDNA: Did not find a field named `alphafac` in structure `MTex`
Warn,  T5284: BlendDNA: Did not find a field named `difffac` in structure `MTex`
Warn,  T5284: BlendDNA: Did not find a field named `specfac` in structure `MTex`
Warn,  T5284: BlendDNA: Did not find a field named `emitfac` in structure `MTex`
Warn,  T5284: BlendDNA: Did not find a field named `hardfac` in structure `MTex`
Warn,  T5284: BlendDNA: Did not find a field named `uvname` in structure `MTex`
Warn,  T5284: BlendDNA: Did not find a field named `rot` in structure `MTex`
Warn,  T5284: BlendDNA: Did not find a field named `pmapto` in structure `MTex`
Warn,  T5284: BlendDNA: Did not find a field named `pmaptoneg` in structure `MTex`
Warn,  T5284: BlendDNA: Did not find a field named `colspecfac` in structure `MTex`
Warn,  T5284: BlendDNA: Did not find a field named `mirrfac` in structure `MTex`
Warn,  T5284: BlendDNA: Did not find a field named `alphafac` in structure `MTex`
Warn,  T5284: BlendDNA: Did not find a field named `difffac` in structure `MTex`
Warn,  T5284: BlendDNA: Did not find a field named `specfac` in structure `MTex`
Warn,  T5284: BlendDNA: Did not find a field named `emitfac` in structure `MTex`
Warn,  T5284: BlendDNA: Did not find a field named `hardfac` in structure `MTex`
Warn,  T5284: BlendDNA: Did not find a field named `tx_limit` in structure `Material`
Warn,  T5284: BlendDNA: Did not find a field named `tx_falloff` in structure `Material`
Warn,  T5284: BlendDNA: Did not find a field named `gloss_mir` in structure `Material`
Warn,  T5284: BlendDNA: Did not find a field named `gloss_tra` in structure `Material`
Warn,  T5284: BlendDNA: Did not find a field named `adapt_thresh_mir` in structure `Material`
Warn,  T5284: BlendDNA: Did not find a field named `adapt_thresh_tra` in structure `Material`
Warn,  T5284: BlendDNA: Did not find a field named `aniso_gloss_mir` in structure `Material`
Warn,  T5284: BlendDNA: Did not find a field named `dist_mir` in structure `Material`
Warn,  T5284: BlendDNA: Did not find a field named `strand_surfnor` in structure `Material`
Warn,  T5284: BlendDNA: Did not find a field named `strand_min` in structure `Material`
Warn,  T5284: BlendDNA: Did not find a field named `strand_widthfade` in structure `Material`
Warn,  T5284: BlendDNA: Did not find a field named `sbias` in structure `Material`
Warn,  T5284: BlendDNA: Did not find a field named `lbias` in structure `Material`
Warn,  T5284: BlendDNA: Did not find a field named `shad_alpha` in structure `Material`
Warn,  T5284: BlendDNA: Did not find a field named `sss_radius` in structure `Material`
Warn,  T5284: BlendDNA: Did not find a field named `sss_col` in structure `Material`
Warn,  T5284: BlendDNA: Did not find a field named `sss_error` in structure `Material`
Warn,  T5284: BlendDNA: Did not find a field named `sss_scale` in structure `Material`
Warn,  T5284: BlendDNA: Did not find a field named `sss_ior` in structure `Material`
Warn,  T5284: BlendDNA: Did not find a field named `sss_colfac` in structure `Material`
Warn,  T5284: BlendDNA: Did not find a field named `sss_texfac` in structure `Material`
Warn,  T5284: BlendDNA: Did not find a field named `sss_front` in structure `Material`
Warn,  T5284: BlendDNA: Did not find a field named `sss_back` in structure `Material`
Warn,  T5284: BlendDNA: Did not find a field named `material_type` in structure `Material`
Warn,  T5284: BlendDNA: Did not find a field named `flag` in structure `Material`
Warn,  T5284: BlendDNA: Did not find a field named `samp_gloss_mir` in structure `Material`
Warn,  T5284: BlendDNA: Did not find a field named `samp_gloss_tra` in structure `Material`
Warn,  T5284: BlendDNA: Did not find a field named `fadeto_mir` in structure `Material`
Warn,  T5284: BlendDNA: Did not find a field named `shade_flag` in structure `Material`
Warn,  T5284: BlendDNA: Did not find a field named `pr_texture` in structure `Material`
Warn,  T5284: BlendDNA: Did not find a field named `ml_flag` in structure `Material`
Warn,  T5284: BlendDNA: Did not find a field named `sss_flag` in structure `Material`
Warn,  T5284: BlendDNA: Did not find a field named `sss_preset` in structure `Material`
Warn,  T5284: BlendDNA: Did not find a field named `shadowonly_flag` in structure `Material`
Warn,  T5284: BlendDNA: Did not find a field named `index` in structure `Material`
Warn,  T5284: BlendDNA: Did not find a field named `vcol_alpha` in structure `Material`
Warn,  T5284: BlendDNA: Did not find a field named `vdata` in structure `Mesh`
Warn,  T5284: BlendDNA: Did not find a field named `edata` in structure `Mesh`
Warn,  T5284: BlendDNA: Did not find a field named `fdata` in structure `Mesh`
Warn,  T5284: BlendDNA: Did not find a field named `pdata` in structure `Mesh`
Warn,  T5284: BlendDNA: Did not find a field named `ldata` in structure `Mesh`
Warn,  T5284: <add reason>
Warn,  T5284: BlendDNA: Did not find a field named `*proxy` in structure `Object`
Warn,  T5284: BlendDNA: Did not find a field named `*proxy_from` in structure `Object`
Warn,  T5284: BlendDNA: Did not find a field named `*proxy_group` in structure `Object`
Warn,  T5284: BlendDNA: Did not find a field named `*dup_group` in structure `Object`
Warn,  T5284: <add reason>
Warn,  T5284: BlendDNA: Did not find a field named `flag` in structure `Lamp`
Warn,  T5284: BlendDNA: Did not find a field named `coeff_const` in structure `Lamp`
Warn,  T5284: BlendDNA: Did not find a field named `coeff_lin` in structure `Lamp`
Warn,  T5284: BlendDNA: Did not find a field named `coeff_quad` in structure `Lamp`
Warn,  T5284: BlendDNA: Did not find a field named `falloff_type` in structure `Lamp`
Warn,  T5284: BlendDNA: Did not find a field named `sun_brightness` in structure `Lamp`
Warn,  T5284: <add reason>
Warn,  T5284: BlendDNA: Did not find a field named `*proxy` in structure `Object`
Warn,  T5284: BlendDNA: Did not find a field named `*proxy_from` in structure `Object`
Warn,  T5284: BlendDNA: Did not find a field named `*proxy_group` in structure `Object`
Warn,  T5284: BlendDNA: Did not find a field named `*dup_group` in structure `Object`
Warn,  T5284: <add reason>
Warn,  T5284: BlendDNA: Did not find a field named `flag` in structure `Lamp`
Warn,  T5284: BlendDNA: Did not find a field named `coeff_const` in structure `Lamp`
Warn,  T5284: BlendDNA: Did not find a field named `coeff_lin` in structure `Lamp`
Warn,  T5284: BlendDNA: Did not find a field named `coeff_quad` in structure `Lamp`
Warn,  T5284: BlendDNA: Did not find a field named `falloff_type` in structure `Lamp`
Warn,  T5284: BlendDNA: Did not find a field named `sun_brightness` in structure `Lamp`
Warn,  T5284: BlendDNA: Did not find a field named `*master_collection` in structure `Scene`
Info,  T5284: (Stats) Fields read: 156594406, pointers resolved: 34212, cache hits: 4294966072, cached objects: 1308
Info,  T5284: BLEND: Reading embedded texture, original file was /home/tizi1/1MiaGrafica/Blending/flr/textures/corpoDefinitivoOpt.png
Info,  T5284: BLEND: Reading embedded texture, original file was /home/tizi1/1MiaGrafica/Blending/flr/textures/capgonnacol.png
Info,  T5284: BLEND: Reading embedded texture, original file was /shard/Shared/1MiaGrafica/Blending/flr/textures/capgonnaAlph.png
Info,  T5284: BLEND: Reading embedded texture, original file was //textures/capgonnacol.png
Info,  T5284: BLEND: Reading embedded texture, original file was /shard/Shared/1MiaGrafica/Blending/flr/textures/capgonnaAlph.png
Debug, T5284: UpdateImporterScale scale set: 1
Debug, T5284: ValidateDataStructureProcess begin
Warn,  T5284: Validation warning: aiLight::mType is aiLightSource_UNDEFINED
Warn,  T5284: Validation warning: aiLight::mAttenuationXXX - all are zero
Warn,  T5284: Validation warning: aiLight::mType is aiLightSource_UNDEFINED
Warn,  T5284: Validation warning: aiLight::mAttenuationXXX - all are zero
Debug, T5284: ValidateDataStructureProcess end
Info,  T5284: Load C:/projects/MM1/extern/assimp-master/assimp-master/test/models/BLEND/AreaLight_269.blend
Debug, T5284: Assimp 6.0.0 amd64 gcc debug shared singlethreadedsingle : 
Info,  T5284: Found a matching importer for this file format: Blender 3D Importer (http://www.blender3d.org).
Info,  T5284: Import root directory is 'C:/projects/MM1/extern/assimp-master/assimp-master/test/models/BLEND\'
Info,  T5284: BLEND: Blender version is 2.69 (64bit: true, little endian: true)
Debug, T5284: REND
Debug, T5284: TEST
Debug, T5284: GLOB
Debug, T5284: WM
Debug, T5284: DATA
Debug, T5284: SN
Debug, T5284: DATA
Debug, T5284: SN
Debug, T5284: DATA
Debug, T5284: SN
Debug, T5284: DATA
Debug, T5284: SN
Debug, T5284: DATA
Debug, T5284: SN
Debug, T5284: DATA
Debug, T5284: SN
Debug, T5284: DATA
Debug, T5284: SN
Debug, T5284: DATA
Debug, T5284: SN
Debug, T5284: DATA
Debug, T5284: SN
Debug, T5284: DATA
Debug, T5284: SC
Debug, T5284: DATA
Debug, T5284: CA
Debug, T5284: LA
Debug, T5284: DATA
Debug, T5284: LA
Debug, T5284: DATA
Debug, T5284: LA
Debug, T5284: DATA
Debug, T5284: WO
Debug, T5284: DATA
Debug, T5284: OB
Debug, T5284: DATA
Debug, T5284: OB
Debug, T5284: DATA
Debug, T5284: OB
Debug, T5284: MA
Debug, T5284: DATA
Debug, T5284: TE
Debug, T5284: DATA
Debug, T5284: ME
Debug, T5284: DATA
Debug, T5284: BR
Debug, T5284: DATA
Debug, T5284: BR
Debug, T5284: DATA
Debug, T5284: BR
Debug, T5284: DATA
Debug, T5284: BR
Debug, T5284: DATA
Debug, T5284: BR
Debug, T5284: DATA
Debug, T5284: BR
Debug, T5284: DATA
Debug, T5284: BR
Debug, T5284: DATA
Debug, T5284: BR
Debug, T5284: DATA
Debug, T5284: BR
Debug, T5284: DATA
Debug, T5284: BR
Debug, T5284: DATA
Debug, T5284: BR
Debug, T5284: DATA
Debug, T5284: BR
Debug, T5284: DATA
Debug, T5284: BR
Debug, T5284: DATA
Debug, T5284: BR
Debug, T5284: DATA
Debug, T5284: BR
Debug, T5284: DATA
Debug, T5284: BR
Debug, T5284: DATA
Debug, T5284: BR
Debug, T5284: DATA
Debug, T5284: BR
Debug, T5284: DATA
Debug, T5284: BR
Debug, T5284: DATA
Debug, T5284: BR
Debug, T5284: DATA
Debug, T5284: BR
Debug, T5284: DATA
Debug, T5284: BR
Debug, T5284: DATA
Debug, T5284: BR
Debug, T5284: DATA
Debug, T5284: BR
Debug, T5284: DATA
Debug, T5284: BR
Debug, T5284: DATA
Debug, T5284: BR
Debug, T5284: DATA
Debug, T5284: BR
Debug, T5284: DATA
Debug, T5284: BR
Debug, T5284: DATA
Debug, T5284: BR
Debug, T5284: DATA
Debug, T5284: BR
Debug, T5284: DATA
Debug, T5284: BR
Debug, T5284: DATA
Debug, T5284: BR
Debug, T5284: DATA
Debug, T5284: LS
Debug, T5284: DATA
Debug, T5284: DNA1
Debug, T5284: BlenderDNA: Got 551 structures with totally 6353 fields
Debug, T5284: ENDB
Warn,  T5284: <add reason>
Warn,  T5284: BlendDNA: Did not find a field named `coeff_const` in structure `Lamp`
Warn,  T5284: BlendDNA: Did not find a field named `coeff_lin` in structure `Lamp`
Warn,  T5284: BlendDNA: Did not find a field named `coeff_quad` in structure `Lamp`
Warn,  T5284: <add reason>
Warn,  T5284: BlendDNA: Did not find a field named `*master_collection` in structure `Scene`
Warn,  T5284: <add reason>
Warn,  T5284: BlendDNA: Did not find a field named `coeff_const` in structure `Lamp`
Warn,  T5284: BlendDNA: Did not find a field named `coeff_lin` in structure `Lamp`
Warn,  T5284: BlendDNA: Did not find a field named `coeff_quad` in structure `Lamp`
Warn,  T5284: <add reason>
Warn,  T5284: BlendDNA: Did not find a field named `coeff_const` in structure `Lamp`
Warn,  T5284: BlendDNA: Did not find a field named `coeff_lin` in structure `Lamp`
Warn,  T5284: BlendDNA: Did not find a field named `coeff_quad` in structure `Lamp`
Info,  T5284: (Stats) Fields read: 156531590, pointers resolved: 32787, cache hits: 4294966067, cached objects: 1283
Debug, T5284: UpdateImporterScale scale set: 1
Debug, T5284: ValidateDataStructureProcess begin
Warn,  T5284: Validation warning: aiLight::mAttenuationXXX - all are zero
Debug, T5284: ValidateDataStructureProcess end
Info,  T5284: Load C:/projects/MM1/extern/assimp-master/assimp-master/test/models/SIB/heffalump.sib
Debug, T5284: Assimp 6.0.0 amd64 gcc debug shared singlethreadedsingle : 
Info,  T5284: Found a matching importer for this file format: Silo SIB Importer.
Info,  T5284: Import root directory is 'C:/projects/MM1/extern/assimp-master/assimp-master/test/models/SIB\'
Debug, T5284: UpdateImporterScale scale set: 1
Debug, T5284: ValidateDataStructureProcess begin
Debug, T5284: ValidateDataStructureProcess end
Info,  T5284: Load C:/projects/MM1/extern/assimp-master/assimp-master/test/models/OpenGEX/Example.ogex
Debug, T5284: Assimp 6.0.0 amd64 gcc debug shared singlethreadedsingle : 
Info,  T5284: Found a matching importer for this file format: Open Game Engine Exchange.
Info,  T5284: Import root directory is 'C:/projects/MM1/extern/assimp-master/assimp-master/test/models/OpenGEX\'
Debug, T5284: UpdateImporterScale scale set: 1
Debug, T5284: ScenePreprocessor: Adding default material 'DefaultMaterial'
Info,  T5284: Load C:/projects/MM1/extern/assimp-master/assimp-master/test/models/OpenGEX/light_issue1262.ogex
Debug, T5284: Assimp 6.0.0 amd64 gcc debug shared singlethreadedsingle : 
Info,  T5284: Found a matching importer for this file format: Open Game Engine Exchange.
Info,  T5284: Import root directory is 'C:/projects/MM1/extern/assimp-master/assimp-master/test/models/OpenGEX\'
Debug, T5284: UpdateImporterScale scale set: 1
Info,  T5284: Load C:/projects/MM1/extern/assimp-master/assimp-master/test/models/OpenGEX/empty_camera.ogex
Debug, T5284: Assimp 6.0.0 amd64 gcc debug shared singlethreadedsingle : 
Info,  T5284: Found a matching importer for this file format: Open Game Engine Exchange.
Info,  T5284: Import root directory is 'C:/projects/MM1/extern/assimp-master/assimp-master/test/models/OpenGEX\'
Error, T5284: Invalid token "}?" (expected "{") in: "}?"
Debug, T5284: UpdateImporterScale scale set: 1
Info,  T5284: Load C:/projects/MM1/extern/assimp-master/assimp-master/test/models/OBJ/spider.obj
Debug, T5284: Assimp 6.0.0 amd64 gcc debug shared singlethreadedsingle : 
Info,  T5284: Found a matching importer for this file format: Wavefront Object Importer.
Info,  T5284: Import root directory is 'C:/projects/MM1/extern/assimp-master/assimp-master/test/models/OBJ\'
Debug, T5284: UpdateImporterScale scale set: 1
Debug, T5284: ValidateDataStructureProcess begin
Debug, T5284: ValidateDataStructureProcess end
Info,  T5284: Load C:/projects/MM1/extern/assimp-master/assimp-master/test/models/OBJ/spider.obj
Debug, T5284: Assimp 6.0.0 amd64 gcc debug shared singlethreadedsingle : 
Info,  T5284: Found a matching importer for this file format: Wavefront Object Importer.
Info,  T5284: Import root directory is 'C:/projects/MM1/extern/assimp-master/assimp-master/test/models/OBJ\'
Debug, T5284: UpdateImporterScale scale set: 1
Debug, T5284: ValidateDataStructureProcess begin
Debug, T5284: ValidateDataStructureProcess end
Info,  T5284: Load $$$___magic___$$$.
Debug, T5284: Assimp 6.0.0 amd64 gcc debug shared singlethreadedsingle : 
Info,  T5284: File extension not known, trying signature-based detection
Debug, T5284: Found positive match for header keyword: usemtl
Info,  T5284: Found a matching importer for this file format: Wavefront Object Importer.
Info,  T5284: Import root directory is '.\'
Error, T5284: OBJ: failed to locate material Default, creating new material
Debug, T5284: UpdateImporterScale scale set: 1
Info,  T5284: Load $$$___magic___$$$.
Debug, T5284: Assimp 6.0.0 amd64 gcc debug shared singlethreadedsingle : 
Info,  T5284: File extension not known, trying signature-based detection
Debug, T5284: Found positive match for header keyword: usemtl
Info,  T5284: Found a matching importer for this file format: Wavefront Object Importer.
Info,  T5284: Import root directory is '.\'
Debug, T5284: UpdateImporterScale scale set: 1
Info,  T5284: Load C:/projects/MM1/extern/assimp-master/assimp-master/test/models/OBJ/cube_with_vertexcolors.obj
Debug, T5284: Assimp 6.0.0 amd64 gcc debug shared singlethreadedsingle : 
Info,  T5284: Found a matching importer for this file format: Wavefront Object Importer.
Info,  T5284: Import root directory is 'C:/projects/MM1/extern/assimp-master/assimp-master/test/models/OBJ\'
Debug, T5284: UpdateImporterScale scale set: 1
Debug, T5284: ValidateDataStructureProcess begin
Debug, T5284: ValidateDataStructureProcess end
Info,  T5284: Load C:/projects/MM1/extern/assimp-master/assimp-master/test/models/OBJ/cube_with_vertexcolors_uni.obj
Debug, T5284: Assimp 6.0.0 amd64 gcc debug shared singlethreadedsingle : 
Info,  T5284: Found a matching importer for this file format: Wavefront Object Importer.
Info,  T5284: Import root directory is 'C:/projects/MM1/extern/assimp-master/assimp-master/test/models/OBJ\'
Debug, T5284: UpdateImporterScale scale set: 1
Debug, T5284: ValidateDataStructureProcess begin
Debug, T5284: ValidateDataStructureProcess end
Info,  T5284: Load $$$___magic___$$$.
Debug, T5284: Assimp 6.0.0 amd64 gcc debug shared singlethreadedsingle : 
Info,  T5284: File extension not known, trying signature-based detection
Debug, T5284: Found positive match for header keyword: mtllib
Info,  T5284: Found a matching importer for this file format: Wavefront Object Importer.
Info,  T5284: Import root directory is '.\'
Error, T5284: OBJ: Unable to locate material file $blobfile.mtl
Info,  T5284: OBJ: Opening fallback material file $$$___magic___$mtl
Error, T5284: OBJ: Unable to locate fallback material file $$$___magic___$mtl
Debug, T5284: UpdateImporterScale scale set: 1
Debug, T5284: ValidateDataStructureProcess begin
Debug, T5284: ValidateDataStructureProcess end
Info,  T5284: Load C:/projects/MM1/extern/assimp-master/assimp-master/test/models/OBJ/only_a_part_of_vertexcolors.obj
Debug, T5284: Assimp 6.0.0 amd64 gcc debug shared singlethreadedsingle : 
Info,  T5284: Found a matching importer for this file format: Wavefront Object Importer.
Info,  T5284: Import root directory is 'C:/projects/MM1/extern/assimp-master/assimp-master/test/models/OBJ\'
Debug, T5284: UpdateImporterScale scale set: 1
Debug, T5284: ValidateDataStructureProcess begin
Debug, T5284: ValidateDataStructureProcess end
Info,  T5284: Load C:/projects/MM1/extern/assimp-master/assimp-master/test/models/OBJ/box.obj
Debug, T5284: Assimp 6.0.0 amd64 gcc debug shared singlethreadedsingle : 
Info,  T5284: Found a matching importer for this file format: Wavefront Object Importer.
Info,  T5284: Import root directory is 'C:/projects/MM1/extern/assimp-master/assimp-master/test/models/OBJ\'
Error, T5284: OBJ: failed to locate material Default, creating new material
Debug, T5284: UpdateImporterScale scale set: 1
Debug, T5284: ValidateDataStructureProcess begin
Debug, T5284: ValidateDataStructureProcess end
Info,  T5284: Load $$$___magic___$$$.
Debug, T5284: Assimp 6.0.0 amd64 gcc debug shared singlethreadedsingle : 
Info,  T5284: File extension not known, trying signature-based detection
Debug, T5284: Found positive match for header keyword: v 
Info,  T5284: Found a matching importer for this file format: Wavefront Object Importer.
Info,  T5284: Import root directory is '.\'
Debug, T5284: UpdateImporterScale scale set: 1
Debug, T5284: ValidateDataStructureProcess begin
Error, T5284: Validation failed: Mesh  contains no faces
Info,  T5284: Load $$$___magic___$$$.
Debug, T5284: Assimp 6.0.0 amd64 gcc debug shared singlethreadedsingle : 
Info,  T5284: File extension not known, trying signature-based detection
Debug, T5284: Found positive match for header keyword: v 
Info,  T5284: Found a matching importer for this file format: Wavefront Object Importer.
Info,  T5284: Import root directory is '.\'
Debug, T5284: UpdateImporterScale scale set: 1
Debug, T5284: ValidateDataStructureProcess begin
Debug, T5284: ValidateDataStructureProcess end
Info,  T5284: Load $$$___magic___$$$.
Debug, T5284: Assimp 6.0.0 amd64 gcc debug shared singlethreadedsingle : 
Info,  T5284: File extension not known, trying signature-based detection
Debug, T5284: Found positive match for header keyword: v 
Info,  T5284: Found a matching importer for this file format: Wavefront Object Importer.
Info,  T5284: Import root directory is '.\'
Debug, T5284: UpdateImporterScale scale set: 1
Debug, T5284: ValidateDataStructureProcess begin
Debug, T5284: ValidateDataStructureProcess end
Info,  T5284: Load $$$___magic___$$$.
Debug, T5284: Assimp 6.0.0 amd64 gcc debug shared singlethreadedsingle : 
Info,  T5284: File extension not known, trying signature-based detection
Debug, T5284: Found positive match for header keyword: v 
Info,  T5284: Found a matching importer for this file format: Wavefront Object Importer.
Info,  T5284: Import root directory is '.\'
Error, T5284: OBJ: Invalid component in homogeneous vector (Division by zero)
Info,  T5284: Load $$$___magic___$$$.
Debug, T5284: Assimp 6.0.0 amd64 gcc debug shared singlethreadedsingle : 
Info,  T5284: File extension not known, trying signature-based detection
Debug, T5284: Found positive match for header keyword: v 
Info,  T5284: Found a matching importer for this file format: Wavefront Object Importer.
Info,  T5284: Import root directory is '.\'
Error, T5284: OBJ: Invalid face index.
Info,  T5284: Load $$$___magic___$$$.
Debug, T5284: Assimp 6.0.0 amd64 gcc debug shared singlethreadedsingle : 
Info,  T5284: File extension not known, trying signature-based detection
Debug, T5284: Found positive match for header keyword: v 
Info,  T5284: Found a matching importer for this file format: Wavefront Object Importer.
Info,  T5284: Import root directory is '.\'
Debug, T5284: UpdateImporterScale scale set: 1
Info,  T5284: Load $$$___magic___$$$.
Debug, T5284: Assimp 6.0.0 amd64 gcc debug shared singlethreadedsingle : 
Info,  T5284: File extension not known, trying signature-based detection
Debug, T5284: Found positive match for header keyword: v 
Info,  T5284: Found a matching importer for this file format: Wavefront Object Importer.
Info,  T5284: Import root directory is '.\'
Debug, T5284: UpdateImporterScale scale set: 1
Info,  T5284: Load C:/projects/MM1/extern/assimp-master/assimp-master/test/models/OBJ/cube_mtllib_after_g.obj
Debug, T5284: Assimp 6.0.0 amd64 gcc debug shared singlethreadedsingle : 
Info,  T5284: Found a matching importer for this file format: Wavefront Object Importer.
Info,  T5284: Import root directory is 'C:/projects/MM1/extern/assimp-master/assimp-master/test/models/OBJ\'
Error, T5284: OBJ: Unable to locate material file cube_mtllib_after_g.mat
Info,  T5284: OBJ: Opening fallback material file C:/projects/MM1/extern/assimp-master/assimp-master/test/models/OBJ/cube_mtllib_after_g.mtl
Debug, T5284: UpdateImporterScale scale set: 1
Debug, T5284: ValidateDataStructureProcess begin
Debug, T5284: ValidateDataStructureProcess end
Info,  T5284: Load C:/projects/MM1/extern/assimp-master/assimp-master/test/models/OBJ/point_cloud.obj
Debug, T5284: Assimp 6.0.0 amd64 gcc debug shared singlethreadedsingle : 
Info,  T5284: Found a matching importer for this file format: Wavefront Object Importer.
Info,  T5284: Import root directory is 'C:/projects/MM1/extern/assimp-master/assimp-master/test/models/OBJ\'
Debug, T5284: UpdateImporterScale scale set: 1
Debug, T5284: ScenePreprocessor: Adding default material 'DefaultMaterial'
Info,  T5284: Load C:/projects/MM1/extern/assimp-master/assimp-master/test/models/OBJ/box_without_lineending.obj
Debug, T5284: Assimp 6.0.0 amd64 gcc debug shared singlethreadedsingle : 
Info,  T5284: Found a matching importer for this file format: Wavefront Object Importer.
Info,  T5284: Import root directory is 'C:/projects/MM1/extern/assimp-master/assimp-master/test/models/OBJ\'
Error, T5284: OBJ: failed to locate material Default, creating new material
Debug, T5284: UpdateImporterScale scale set: 1
Info,  T5284: Load $$$___magic___$$$.
Debug, T5284: Assimp 6.0.0 amd64 gcc debug shared singlethreadedsingle : 
Info,  T5284: File extension not known, trying signature-based detection
Debug, T5284: Found positive match for header keyword: v 
Info,  T5284: Found a matching importer for this file format: Wavefront Object Importer.
Info,  T5284: Import root directory is '.\'
Debug, T5284: UpdateImporterScale scale set: 1
Info,  T5284: Load C:/projects/MM1/extern/assimp-master/assimp-master/test/models/OBJ/mtl_different_folder.obj
Debug, T5284: Assimp 6.0.0 amd64 gcc debug shared singlethreadedsingle : 
Info,  T5284: Found a matching importer for this file format: Wavefront Object Importer.
Info,  T5284: Import root directory is 'C:/projects/MM1/extern/assimp-master/assimp-master/test/models/OBJ\'
Debug, T5284: UpdateImporterScale scale set: 1
Debug, T5284: ValidateDataStructureProcess begin
Debug, T5284: ValidateDataStructureProcess end
Info,  T5284: Load C:/projects/MM1/extern/assimp-master/assimp-master/test/models/PLY/cube.ply
Debug, T5284: Assimp 6.0.0 amd64 gcc debug shared singlethreadedsingle : 
Info,  T5284: Found a matching importer for this file format: Stanford Polygon Library (PLY) Importer.
Info,  T5284: Import root directory is 'C:/projects/MM1/extern/assimp-master/assimp-master/test/models/PLY\'
Debug, T5284: PLY::DOM::ParseInstance() begin
Debug, T5284: PLY::DOM::ParseHeader() begin
Debug, T5284: PLY::DOM::ParseHeader() succeeded
Debug, T5284: PLY::DOM::ParseElementInstanceLists() begin
Debug, T5284: PLY::DOM::ParseElementInstanceLists() succeeded
Debug, T5284: PLY::DOM::ParseInstance() succeeded
Debug, T5284: UpdateImporterScale scale set: 1
Debug, T5284: ValidateDataStructureProcess begin
Debug, T5284: ValidateDataStructureProcess end
Info,  T5284: Load C:/projects/MM1/extern/assimp-master/assimp-master/test/models/PLY/cube.ply
Debug, T5284: Assimp 6.0.0 amd64 gcc debug shared singlethreadedsingle : 
Info,  T5284: Found a matching importer for this file format: Stanford Polygon Library (PLY) Importer.
Info,  T5284: Import root directory is 'C:/projects/MM1/extern/assimp-master/assimp-master/test/models/PLY\'
Debug, T5284: PLY::DOM::ParseInstance() begin
Debug, T5284: PLY::DOM::ParseHeader() begin
Debug, T5284: PLY::DOM::ParseHeader() succeeded
Debug, T5284: PLY::DOM::ParseElementInstanceLists() begin
Debug, T5284: PLY::DOM::ParseElementInstanceLists() succeeded
Debug, T5284: PLY::DOM::ParseInstance() succeeded
Debug, T5284: UpdateImporterScale scale set: 1
Debug, T5284: ValidateDataStructureProcess begin
Debug, T5284: ValidateDataStructureProcess end
Debug, T5284: PretransformVerticesProcess begin
Debug, T5284: PretransformVerticesProcess finished
Info,  T5284: Removed 1 nodes and 0 animation channels (1 output nodes)
Info,  T5284: Kept 0 lights and 0 cameras.
Info,  T5284: Moved 1 meshes to WCS (number of output meshes: 1)
Info,  T5284: Load C:/projects/MM1/extern/assimp-master/assimp-master/test/models/PLY/cube.ply
Debug, T5284: Assimp 6.0.0 amd64 gcc debug shared singlethreadedsingle : 
Info,  T5284: Found a matching importer for this file format: Stanford Polygon Library (PLY) Importer.
Info,  T5284: Import root directory is 'C:/projects/MM1/extern/assimp-master/assimp-master/test/models/PLY\'
Debug, T5284: PLY::DOM::ParseInstance() begin
Debug, T5284: PLY::DOM::ParseHeader() begin
Debug, T5284: PLY::DOM::ParseHeader() succeeded
Debug, T5284: PLY::DOM::ParseElementInstanceLists() begin
Debug, T5284: PLY::DOM::ParseElementInstanceLists() succeeded
Debug, T5284: PLY::DOM::ParseInstance() succeeded
Debug, T5284: UpdateImporterScale scale set: 1
Debug, T5284: ValidateDataStructureProcess begin
Debug, T5284: ValidateDataStructureProcess end
Info,  T5284: Load C:/projects/MM1/extern/assimp-master/assimp-master/test/models/PLY/cube.ply
Debug, T5284: Assimp 6.0.0 amd64 gcc debug shared singlethreadedsingle : 
Debug, T5284: (Deleting previous scene)
Info,  T5284: Found a matching importer for this file format: Stanford Polygon Library (PLY) Importer.
Info,  T5284: Import root directory is 'C:/projects/MM1/extern/assimp-master/assimp-master/test/models/PLY\'
Debug, T5284: PLY::DOM::ParseInstance() begin
Debug, T5284: PLY::DOM::ParseHeader() begin
Debug, T5284: PLY::DOM::ParseHeader() succeeded
Debug, T5284: PLY::DOM::ParseElementInstanceLists() begin
Debug, T5284: PLY::DOM::ParseElementInstanceLists() succeeded
Debug, T5284: PLY::DOM::ParseInstance() succeeded
Debug, T5284: UpdateImporterScale scale set: 1
Debug, T5284: ValidateDataStructureProcess begin
Debug, T5284: ValidateDataStructureProcess end
Info,  T5284: Load C:/projects/MM1/extern/assimp-master/assimp-master/test/models/PLY/cube_uv.ply
Debug, T5284: Assimp 6.0.0 amd64 gcc debug shared singlethreadedsingle : 
Info,  T5284: Found a matching importer for this file format: Stanford Polygon Library (PLY) Importer.
Info,  T5284: Import root directory is 'C:/projects/MM1/extern/assimp-master/assimp-master/test/models/PLY\'
Debug, T5284: PLY::DOM::ParseInstance() begin
Debug, T5284: PLY::DOM::ParseHeader() begin
Debug, T5284: PLY::DOM::ParseHeader() succeeded
Debug, T5284: PLY::DOM::ParseElementInstanceLists() begin
Debug, T5284: PLY::DOM::ParseElementInstanceLists() succeeded
Debug, T5284: PLY::DOM::ParseInstance() succeeded
Debug, T5284: UpdateImporterScale scale set: 1
Debug, T5284: ValidateDataStructureProcess begin
Debug, T5284: ValidateDataStructureProcess end
Info,  T5284: Load C:/projects/MM1/extern/assimp-master/assimp-master/test/models/PLY/cube_binary.ply
Debug, T5284: Assimp 6.0.0 amd64 gcc debug shared singlethreadedsingle : 
Info,  T5284: Found a matching importer for this file format: Stanford Polygon Library (PLY) Importer.
Info,  T5284: Import root directory is 'C:/projects/MM1/extern/assimp-master/assimp-master/test/models/PLY\'
Debug, T5284: PLY::DOM::ParseInstanceBinary() begin
Debug, T5284: PLY::DOM::ParseHeader() begin
Debug, T5284: PLY::DOM::ParseHeader() succeeded
Debug, T5284: PLY::DOM::ParseElementInstanceListsBinary() begin
Debug, T5284: PLY::DOM::ParseElementInstanceListsBinary() succeeded
Debug, T5284: PLY::DOM::ParseInstanceBinary() succeeded
Debug, T5284: UpdateImporterScale scale set: 1
Debug, T5284: ValidateDataStructureProcess begin
Debug, T5284: ValidateDataStructureProcess end
Info,  T5284: Load C:/projects/MM1/extern/assimp-master/assimp-master/test/models/PLY/cube_binary_header_with_RN_newline.ply
Debug, T5284: Assimp 6.0.0 amd64 gcc debug shared singlethreadedsingle : 
Info,  T5284: Found a matching importer for this file format: Stanford Polygon Library (PLY) Importer.
Info,  T5284: Import root directory is 'C:/projects/MM1/extern/assimp-master/assimp-master/test/models/PLY\'
Debug, T5284: PLY::DOM::ParseInstanceBinary() begin
Debug, T5284: PLY::DOM::ParseHeader() begin
Debug, T5284: PLY::DOM::ParseHeader() succeeded
Debug, T5284: PLY::DOM::ParseElementInstanceListsBinary() begin
Debug, T5284: PLY::DOM::ParseElementInstanceListsBinary() succeeded
Debug, T5284: PLY::DOM::ParseInstanceBinary() succeeded
Debug, T5284: UpdateImporterScale scale set: 1
Debug, T5284: ValidateDataStructureProcess begin
Debug, T5284: ValidateDataStructureProcess end
Info,  T5284: Load C:/projects/MM1/extern/assimp-master/assimp-master/test/models/PLY/cube_binary_starts_with_nl.ply
Debug, T5284: Assimp 6.0.0 amd64 gcc debug shared singlethreadedsingle : 
Info,  T5284: Found a matching importer for this file format: Stanford Polygon Library (PLY) Importer.
Info,  T5284: Import root directory is 'C:/projects/MM1/extern/assimp-master/assimp-master/test/models/PLY\'
Debug, T5284: PLY::DOM::ParseInstanceBinary() begin
Debug, T5284: PLY::DOM::ParseHeader() begin
Debug, T5284: PLY::DOM::ParseHeader() succeeded
Debug, T5284: PLY::DOM::ParseElementInstanceListsBinary() begin
Debug, T5284: PLY::DOM::ParseElementInstanceListsBinary() succeeded
Debug, T5284: PLY::DOM::ParseInstanceBinary() succeeded
Debug, T5284: UpdateImporterScale scale set: 1
Debug, T5284: ValidateDataStructureProcess begin
Debug, T5284: ValidateDataStructureProcess end
Info,  T5284: Load C:/projects/MM1/extern/assimp-master/assimp-master/test/models/PLY/float-color.ply
Debug, T5284: Assimp 6.0.0 amd64 gcc debug shared singlethreadedsingle : 
Info,  T5284: Found a matching importer for this file format: Stanford Polygon Library (PLY) Importer.
Info,  T5284: Import root directory is 'C:/projects/MM1/extern/assimp-master/assimp-master/test/models/PLY\'
Debug, T5284: PLY::DOM::ParseInstance() begin
Debug, T5284: PLY::DOM::ParseHeader() begin
Debug, T5284: PLY::DOM::ParseHeader() succeeded
Debug, T5284: PLY::DOM::ParseElementInstanceLists() begin
Debug, T5284: PLY::DOM::ParseElementInstanceLists() succeeded
Debug, T5284: PLY::DOM::ParseInstance() succeeded
Debug, T5284: UpdateImporterScale scale set: 1
Debug, T5284: ValidateDataStructureProcess begin
Debug, T5284: ValidateDataStructureProcess end
Info,  T5284: Load C:/projects/MM1/extern/assimp-master/assimp-master/test/models/PLY/issue623.ply
Debug, T5284: Assimp 6.0.0 amd64 gcc debug shared singlethreadedsingle : 
Info,  T5284: Found a matching importer for this file format: Stanford Polygon Library (PLY) Importer.
Info,  T5284: Import root directory is 'C:/projects/MM1/extern/assimp-master/assimp-master/test/models/PLY\'
Debug, T5284: PLY::DOM::ParseInstance() begin
Debug, T5284: PLY::DOM::ParseHeader() begin
Debug, T5284: PLY::DOM::ParseHeader() succeeded
Debug, T5284: PLY::DOM::ParseElementInstanceLists() begin
Warn,  T5284: Unable to parse property instance. Skipping this element instance
Debug, T5284: PLY::DOM::ParseElementInstanceLists() succeeded
Debug, T5284: PLY::DOM::ParseInstance() succeeded
Debug, T5284: UpdateImporterScale scale set: 1
Info,  T5284: Load $$$___magic___$$$.
Debug, T5284: Assimp 6.0.0 amd64 gcc debug shared singlethreadedsingle : 
Info,  T5284: File extension not known, trying signature-based detection
Debug, T5284: Found positive match for header keyword: ply
Info,  T5284: Found a matching importer for this file format: Stanford Polygon Library (PLY) Importer.
Info,  T5284: Import root directory is '.\'
Debug, T5284: PLY::DOM::ParseInstance() begin
Debug, T5284: PLY::DOM::ParseHeader() begin
Debug, T5284: PLY::DOM::ParseHeader() succeeded
Debug, T5284: PLY::DOM::ParseElementInstanceLists() begin
Debug, T5284: PLY::DOM::ParseElementInstanceLists() succeeded
Debug, T5284: PLY::DOM::ParseInstance() succeeded
Debug, T5284: UpdateImporterScale scale set: 1
Info,  T5284: Load C:/projects/MM1/extern/assimp-master/assimp-master/test/models/invalid/crash-30d6d0f7c529b3b66b4131700b7a4580cd7082df.ply
Debug, T5284: Assimp 6.0.0 amd64 gcc debug shared singlethreadedsingle : 
Info,  T5284: Found a matching importer for this file format: Stanford Polygon Library (PLY) Importer.
Info,  T5284: Import root directory is 'C:/projects/MM1/extern/assimp-master/assimp-master/test/models/invalid\'
Debug, T5284: PLY::DOM::ParseInstanceBinary() begin
Debug, T5284: PLY::DOM::ParseHeader() begin
Debug, T5284: PLY::DOM::ParseInstanceBinary() failure
Error, T5284: Invalid .ply file: Unable to build DOM (#2)
Info,  T5284: Load C:/projects/MM1/extern/assimp-master/assimp-master/test/models/PLY/payload_JVN42386607
Debug, T5284: Assimp 6.0.0 amd64 gcc debug shared singlethreadedsingle : 
Info,  T5284: File extension not known, trying signature-based detection
Debug, T5284: Found positive match for header keyword: ply
Info,  T5284: Found a matching importer for this file format: Stanford Polygon Library (PLY) Importer.
Info,  T5284: Import root directory is 'C:/projects/MM1/extern/assimp-master/assimp-master/test/models/PLY\'
Debug, T5284: PLY::DOM::ParseInstance() begin
Debug, T5284: PLY::DOM::ParseHeader() begin
Error, T5284: Property 'vertex' in header already defined 
Info,  T5284: Load $$$___magic___$$$.
Debug, T5284: Assimp 6.0.0 amd64 gcc debug shared singlethreadedsingle : 
Info,  T5284: File extension not known, trying signature-based detection
Debug, T5284: Found positive match for header keyword: ply
Info,  T5284: Found a matching importer for this file format: Stanford Polygon Library (PLY) Importer.
Info,  T5284: Import root directory is '.\'
Debug, T5284: PLY::DOM::ParseInstance() begin
Debug, T5284: PLY::DOM::ParseHeader() begin
Error, T5284: Property 'vertex' in header already defined 
Info,  T5284: Load $$$___magic___$$$.
Debug, T5284: Assimp 6.0.0 amd64 gcc debug shared singlethreadedsingle : 
Info,  T5284: File extension not known, trying signature-based detection
Debug, T5284: Found positive match for header keyword: ply
Info,  T5284: Found a matching importer for this file format: Stanford Polygon Library (PLY) Importer.
Info,  T5284: Import root directory is '.\'
Debug, T5284: PLY::DOM::ParseInstance() begin
Debug, T5284: PLY::DOM::ParseHeader() begin
Error, T5284: Property 'name' in header already defined 
Info,  T5284: Load C:/projects/MM1/extern/assimp-master/assimp-master/test/models/../models-nonbsd/MMD/Alicia_blade.pmx
Debug, T5284: Assimp 6.0.0 amd64 gcc debug shared singlethreadedsingle : 
Info,  T5284: Found a matching importer for this file format: MMD Importer.
Info,  T5284: Import root directory is 'C:/projects/MM1/extern/assimp-master/assimp-master/test/models/../models-nonbsd/MMD\'
Debug, T5284: MakeLeftHandedProcess begin
Debug, T5284: MakeLeftHandedProcess finished
Debug, T5284: FlipUVsProcess begin
Debug, T5284: FlipUVsProcess finished
Debug, T5284: FlipWindingOrderProcess begin
Debug, T5284: FlipWindingOrderProcess finished
Debug, T5284: UpdateImporterScale scale set: 1
Debug, T5284: ValidateDataStructureProcess begin
Debug, T5284: ValidateDataStructureProcess end
Info,  T5284: Load C:/projects/MM1/extern/assimp-master/assimp-master/test/models/DXF/PinkEggFromLW.dxf
Debug, T5284: Assimp 6.0.0 amd64 gcc debug shared singlethreadedsingle : 
Info,  T5284: Found a matching importer for this file format: Drawing Interchange Format (DXF) Importer.
Info,  T5284: Import root directory is 'C:/projects/MM1/extern/assimp-master/assimp-master/test/models/DXF\'
Debug, T5284: DXF: got 0 entries in BLOCKS
Debug, T5284: DXF: got 288 polylines and 0 inserted blocks in ENTITIES
Debug, T5284: DXF: Unexpanded polycount is 288, vertex count is 1152
Debug, T5284: UpdateImporterScale scale set: 1
Debug, T5284: ValidateDataStructureProcess begin
Debug, T5284: ValidateDataStructureProcess end
Info,  T5284: Load C:/projects/MM1/extern/assimp-master/assimp-master/test/models/DXF/lineTest
Debug, T5284: Assimp 6.0.0 amd64 gcc debug shared singlethreadedsingle : 
Info,  T5284: File extension not known, trying signature-based detection
Debug, T5284: Found positive match for header keyword: SECTION
Info,  T5284: Found a matching importer for this file format: Drawing Interchange Format (DXF) Importer.
Info,  T5284: Import root directory is 'C:/projects/MM1/extern/assimp-master/assimp-master/test/models/DXF\'
Info,  T5284: DXF Comment: VISION3D DXF
Debug, T5284: DXF: got 0 entries in BLOCKS
Debug, T5284: DXF: got 3 polylines and 0 inserted blocks in ENTITIES
Debug, T5284: DXF: Unexpanded polycount is 3, vertex count is 9
Debug, T5284: UpdateImporterScale scale set: 1
Debug, T5284: ValidateDataStructureProcess begin
Debug, T5284: ValidateDataStructureProcess end
Info,  T5284: Load C:/projects/MM1/extern/assimp-master/assimp-master/test/models/DXF/issue_2229.dxf
Debug, T5284: Assimp 6.0.0 amd64 gcc debug shared singlethreadedsingle : 
Info,  T5284: Found a matching importer for this file format: Drawing Interchange Format (DXF) Importer.
Info,  T5284: Import root directory is 'C:/projects/MM1/extern/assimp-master/assimp-master/test/models/DXF\'
Debug, T5284: DXF: skipped over control group (273 lines)
Debug, T5284: DXF: got 2 entries in BLOCKS
Debug, T5284: DXF: got 4 polylines and 0 inserted blocks in ENTITIES
Debug, T5284: DXF: skipped over control group (3 lines)
Debug, T5284: DXF: Unexpanded polycount is 1290, vertex count is 768
Debug, T5284: UpdateImporterScale scale set: 1
Debug, T5284: ValidateDataStructureProcess begin
Debug, T5284: ValidateDataStructureProcess end
Info,  T5284: Load C:/projects/MM1/extern/assimp-master/assimp-master/test/models/DXF/wuson.dxf
Debug, T5284: Assimp 6.0.0 amd64 gcc debug shared singlethreadedsingle : 
Info,  T5284: Found a matching importer for this file format: Drawing Interchange Format (DXF) Importer.
Info,  T5284: Import root directory is 'C:/projects/MM1/extern/assimp-master/assimp-master/test/models/DXF\'
Debug, T5284: DXF: got 1 entries in BLOCKS
Debug, T5284: DXF: got 0 polylines and 1 inserted blocks in ENTITIES
Debug, T5284: DXF: Unexpanded polycount is 3732, vertex count is 3205
Debug, T5284: UpdateImporterScale scale set: 1
Debug, T5284: ValidateDataStructureProcess begin
Debug, T5284: ValidateDataStructureProcess end
Info,  T5284: Load C:/projects/MM1/extern/assimp-master/assimp-master/test/models-nonbsd/DXF/rifle.dxf
Debug, T5284: Assimp 6.0.0 amd64 gcc debug shared singlethreadedsingle : 
Info,  T5284: Found a matching importer for this file format: Drawing Interchange Format (DXF) Importer.
Info,  T5284: Import root directory is 'C:/projects/MM1/extern/assimp-master/assimp-master/test/models-nonbsd/DXF\'
Debug, T5284: DXF: got 572 polylines and 0 inserted blocks in ENTITIES
Debug, T5284: DXF: Unexpanded polycount is 572, vertex count is 1716
Debug, T5284: UpdateImporterScale scale set: 1
Debug, T5284: ValidateDataStructureProcess begin
Debug, T5284: ValidateDataStructureProcess end
Info,  T5284: Load C:/projects/MM1/extern/assimp-master/assimp-master/test/models/X3D/HelloX3dTrademark.x3d
Debug, T5284: Assimp 6.0.0 amd64 gcc debug shared singlethreadedsingle : 
Info,  T5284: Found a matching importer for this file format: Extensible 3D(X3D, X3DB) Importer.
Info,  T5284: Import root directory is 'C:/projects/MM1/extern/assimp-master/assimp-master/test/models/X3D\'
Info,  T5284: Ignoring comment " X3D&#8482; is a trademark of the Web3D Consortium Incorporated, standing for Extensible 3D Graphics (X3D). " in X3D.
Info,  T5284: Skipping node "WorldInfo" in Scene.
Info,  T5284: Skipping node "Viewpoint" in Scene.
Info,  T5284: Skipping node "Text" in Shape.
Info,  T5284: Skipping node "TimeSensor" in Scene.
Info,  T5284: Skipping node "OrientationInterpolator" in Scene.
Info,  T5284: Skipping node "ROUTE" in Scene.
Debug, T5284: UpdateImporterScale scale set: 1
Debug, T5284: ValidateDataStructureProcess begin
Debug, T5284: ValidateDataStructureProcess end
Info,  T5284: Load C:/projects/MM1/extern/assimp-master/assimp-master/test/models/X3D/IndexedLineSet.x3d
Debug, T5284: Assimp 6.0.0 amd64 gcc debug shared singlethreadedsingle : 
Info,  T5284: Found a matching importer for this file format: Extensible 3D(X3D, X3DB) Importer.
Info,  T5284: Import root directory is 'C:/projects/MM1/extern/assimp-master/assimp-master/test/models/X3D\'
Info,  T5284: Skipping node "WorldInfo" in Scene.
Info,  T5284: Skipping node "NavigationInfo" in Scene.
Info,  T5284: Skipping node "Viewpoint" in Scene.
Debug, T5284: UpdateImporterScale scale set: 1
Debug, T5284: ValidateDataStructureProcess begin
Debug, T5284: ValidateDataStructureProcess end
Info,  T5284: Load C:/projects/MM1/extern/assimp-master/assimp-master/test/models/X3D/ComputerKeyboard.x3d
Debug, T5284: Assimp 6.0.0 amd64 gcc debug shared singlethreadedsingle : 
Info,  T5284: Found a matching importer for this file format: Extensible 3D(X3D, X3DB) Importer.
Info,  T5284: Import root directory is 'C:/projects/MM1/extern/assimp-master/assimp-master/test/models/X3D\'
Info,  T5284: Skipping node "Viewpoint" in Scene.
Info,  T5284: Skipping node "TouchSensor" in Transform.
Info,  T5284: Skipping node "TimeSensor" in Transform.
Info,  T5284: Skipping node "PositionInterpolator" in Transform.
Info,  T5284: Ignoring comment " first row of the keyboard " in Transform.
Info,  T5284: Ignoring comment " second row of key board " in Transform.
Info,  T5284: Ignoring comment " third row of key board " in Transform.
Info,  T5284: Ignoring comment " Fourth row of key board " in Transform.
Info,  T5284: Ignoring comment " Fifth row of key board " in Transform.
Info,  T5284: Ignoring comment " sixth row of key board " in Transform.
Info,  T5284: Skipping node "ROUTE" in Scene.
Debug, T5284: UpdateImporterScale scale set: 1
Debug, T5284: ValidateDataStructureProcess begin
Debug, T5284: ValidateDataStructureProcess end
Info,  T5284: Load C:/projects/MM1/extern/assimp-master/assimp-master/test/models-nonbsd/X3D/Chevy/ChevyTahoe.x3d
Debug, T5284: Assimp 6.0.0 amd64 gcc debug shared singlethreadedsingle : 
Info,  T5284: Found a matching importer for this file format: Extensible 3D(X3D, X3DB) Importer.
Info,  T5284: Import root directory is 'C:/projects/MM1/extern/assimp-master/assimp-master/test/models-nonbsd/X3D/Chevy\'
Info,  T5284: Skipping node "WorldInfo" in Scene.
Info,  T5284: Skipping node "NavigationInfo" in Scene.
Info,  T5284: Skipping node "Viewpoint" in Scene.
Debug, T5284: UpdateImporterScale scale set: 1
Debug, T5284: ValidateDataStructureProcess begin
Debug, T5284: ValidateDataStructureProcess end
Info,  T5284: Load C:/projects/MM1/extern/assimp-master/assimp-master/test/models/X/test.x
Debug, T5284: Assimp 6.0.0 amd64 gcc debug shared singlethreadedsingle : 
Info,  T5284: Found a matching importer for this file format: Direct3D XFile Importer.
Info,  T5284: Import root directory is 'C:/projects/MM1/extern/assimp-master/assimp-master/test/models/X\'
Warn,  T5284: Unknown data object in mesh in x file
Debug, T5284: MakeLeftHandedProcess begin
Debug, T5284: MakeLeftHandedProcess finished
Debug, T5284: FlipWindingOrderProcess begin
Debug, T5284: FlipWindingOrderProcess finished
Debug, T5284: UpdateImporterScale scale set: 1
Debug, T5284: ValidateDataStructureProcess begin
Debug, T5284: ValidateDataStructureProcess end
Info,  T5284: Load C:/projects/MM1/extern/assimp-master/assimp-master/test/models/X/OV_GetNextToken
Debug, T5284: Assimp 6.0.0 amd64 gcc debug shared singlethreadedsingle : 
Info,  T5284: File extension not known, trying signature-based detection
Info,  T5284: Found a matching importer for this file format: Direct3D XFile Importer.
Info,  T5284: Import root directory is 'C:/projects/MM1/extern/assimp-master/assimp-master/test/models/X\'
Info,  T5284: Successfully decompressed MSZIP-compressed file
Error, T5284: Opening brace expected.
Info,  T5284: Load C:/projects/MM1/extern/assimp-master/assimp-master/test/models/X/anim_test.x
Debug, T5284: Assimp 6.0.0 amd64 gcc debug shared singlethreadedsingle : 
Info,  T5284: Found a matching importer for this file format: Direct3D XFile Importer.
Info,  T5284: Import root directory is 'C:/projects/MM1/extern/assimp-master/assimp-master/test/models/X\'
Warn,  T5284: Length of texture file name is zero. Skipping this texture.
Warn,  T5284: Unknown data object in mesh in x file
Debug, T5284: MakeLeftHandedProcess begin
Debug, T5284: MakeLeftHandedProcess finished
Debug, T5284: FlipWindingOrderProcess begin
Debug, T5284: FlipWindingOrderProcess finished
Debug, T5284: UpdateImporterScale scale set: 1
Debug, T5284: ValidateDataStructureProcess begin
Debug, T5284: ValidateDataStructureProcess end
Info,  T5284: Load C:/projects/MM1/extern/assimp-master/assimp-master/test/models/X/BCN_Epileptic.X
Debug, T5284: Assimp 6.0.0 amd64 gcc debug shared singlethreadedsingle : 
Info,  T5284: Found a matching importer for this file format: Direct3D XFile Importer.
Info,  T5284: Import root directory is 'C:/projects/MM1/extern/assimp-master/assimp-master/test/models/X\'
Warn,  T5284: Unknown data object in animation of .x file
Warn,  T5284: Unknown data object in frame in x file
Debug, T5284: MakeLeftHandedProcess begin
Debug, T5284: MakeLeftHandedProcess finished
Debug, T5284: FlipWindingOrderProcess begin
Debug, T5284: FlipWindingOrderProcess finished
Debug, T5284: UpdateImporterScale scale set: 1
Debug, T5284: ValidateDataStructureProcess begin
Debug, T5284: ValidateDataStructureProcess end
Info,  T5284: Load C:/projects/MM1/extern/assimp-master/assimp-master/test/models/X/fromtruespace_bin32.x
Debug, T5284: Assimp 6.0.0 amd64 gcc debug shared singlethreadedsingle : 
Info,  T5284: Found a matching importer for this file format: Direct3D XFile Importer.
Info,  T5284: Import root directory is 'C:/projects/MM1/extern/assimp-master/assimp-master/test/models/X\'
Warn,  T5284: Unknown data object in animation of .x file
Debug, T5284: MakeLeftHandedProcess begin
Debug, T5284: MakeLeftHandedProcess finished
Debug, T5284: FlipWindingOrderProcess begin
Debug, T5284: FlipWindingOrderProcess finished
Debug, T5284: UpdateImporterScale scale set: 1
Debug, T5284: ValidateDataStructureProcess begin
Debug, T5284: ValidateDataStructureProcess end
Info,  T5284: Load C:/projects/MM1/extern/assimp-master/assimp-master/test/models/X/kwxport_test_cubewithvcolors.x
Debug, T5284: Assimp 6.0.0 amd64 gcc debug shared singlethreadedsingle : 
Info,  T5284: Found a matching importer for this file format: Direct3D XFile Importer.
Info,  T5284: Import root directory is 'C:/projects/MM1/extern/assimp-master/assimp-master/test/models/X\'
Warn,  T5284: Unknown data object in animation of .x file
Warn,  T5284: Unknown data object in frame in x file
Warn,  T5284: Unknown data object in mesh in x file
Debug, T5284: MakeLeftHandedProcess begin
Debug, T5284: MakeLeftHandedProcess finished
Debug, T5284: FlipWindingOrderProcess begin
Debug, T5284: FlipWindingOrderProcess finished
Debug, T5284: UpdateImporterScale scale set: 1
Debug, T5284: ValidateDataStructureProcess begin
Debug, T5284: ValidateDataStructureProcess end
Info,  T5284: Load C:/projects/MM1/extern/assimp-master/assimp-master/test/models/X/test_cube_binary.x
Debug, T5284: Assimp 6.0.0 amd64 gcc debug shared singlethreadedsingle : 
Info,  T5284: Found a matching importer for this file format: Direct3D XFile Importer.
Info,  T5284: Import root directory is 'C:/projects/MM1/extern/assimp-master/assimp-master/test/models/X\'
Debug, T5284: MakeLeftHandedProcess begin
Debug, T5284: MakeLeftHandedProcess finished
Debug, T5284: FlipWindingOrderProcess begin
Debug, T5284: FlipWindingOrderProcess finished
Debug, T5284: UpdateImporterScale scale set: 1
Debug, T5284: ValidateDataStructureProcess begin
Debug, T5284: ValidateDataStructureProcess end
Info,  T5284: Load C:/projects/MM1/extern/assimp-master/assimp-master/test/models/X/test_cube_compressed.x
Debug, T5284: Assimp 6.0.0 amd64 gcc debug shared singlethreadedsingle : 
Info,  T5284: Found a matching importer for this file format: Direct3D XFile Importer.
Info,  T5284: Import root directory is 'C:/projects/MM1/extern/assimp-master/assimp-master/test/models/X\'
Info,  T5284: Successfully decompressed MSZIP-compressed file
Debug, T5284: MakeLeftHandedProcess begin
Debug, T5284: MakeLeftHandedProcess finished
Debug, T5284: FlipWindingOrderProcess begin
Debug, T5284: FlipWindingOrderProcess finished
Debug, T5284: UpdateImporterScale scale set: 1
Debug, T5284: ValidateDataStructureProcess begin
Debug, T5284: ValidateDataStructureProcess end
Info,  T5284: Load C:/projects/MM1/extern/assimp-master/assimp-master/test/models/X/test_cube_text.x
Debug, T5284: Assimp 6.0.0 amd64 gcc debug shared singlethreadedsingle : 
Info,  T5284: Found a matching importer for this file format: Direct3D XFile Importer.
Info,  T5284: Import root directory is 'C:/projects/MM1/extern/assimp-master/assimp-master/test/models/X\'
Debug, T5284: MakeLeftHandedProcess begin
Debug, T5284: MakeLeftHandedProcess finished
Debug, T5284: FlipWindingOrderProcess begin
Debug, T5284: FlipWindingOrderProcess finished
Debug, T5284: UpdateImporterScale scale set: 1
Debug, T5284: ValidateDataStructureProcess begin
Debug, T5284: ValidateDataStructureProcess end
Info,  T5284: Load C:/projects/MM1/extern/assimp-master/assimp-master/test/models/X/Testwuson.X
Debug, T5284: Assimp 6.0.0 amd64 gcc debug shared singlethreadedsingle : 
Info,  T5284: Found a matching importer for this file format: Direct3D XFile Importer.
Info,  T5284: Import root directory is 'C:/projects/MM1/extern/assimp-master/assimp-master/test/models/X\'
Warn,  T5284: Unknown data object in animation of .x file
Warn,  T5284: Unknown data object in frame in x file
Debug, T5284: MakeLeftHandedProcess begin
Debug, T5284: MakeLeftHandedProcess finished
Debug, T5284: FlipWindingOrderProcess begin
Debug, T5284: FlipWindingOrderProcess finished
Debug, T5284: UpdateImporterScale scale set: 1
Debug, T5284: ValidateDataStructureProcess begin
Debug, T5284: ValidateDataStructureProcess end
Info,  T5284: Load C:/projects/MM1/extern/assimp-master/assimp-master/test/models/X/TestFormatDetection
Debug, T5284: Assimp 6.0.0 amd64 gcc debug shared singlethreadedsingle : 
Info,  T5284: File extension not known, trying signature-based detection
Info,  T5284: Found a matching importer for this file format: Direct3D XFile Importer.
Info,  T5284: Import root directory is 'C:/projects/MM1/extern/assimp-master/assimp-master/test/models/X\'
Warn,  T5284: Unknown data object in mesh in x file
Debug, T5284: MakeLeftHandedProcess begin
Debug, T5284: MakeLeftHandedProcess finished
Debug, T5284: FlipWindingOrderProcess begin
Debug, T5284: FlipWindingOrderProcess finished
Debug, T5284: UpdateImporterScale scale set: 1
Debug, T5284: ValidateDataStructureProcess begin
Debug, T5284: ValidateDataStructureProcess end
Info,  T5284: Load C:/projects/MM1/extern/assimp-master/assimp-master/test/models-nonbsd/X/dwarf.x
Debug, T5284: Assimp 6.0.0 amd64 gcc debug shared singlethreadedsingle : 
Info,  T5284: Found a matching importer for this file format: Direct3D XFile Importer.
Info,  T5284: Import root directory is 'C:/projects/MM1/extern/assimp-master/assimp-master/test/models-nonbsd/X\'
Debug, T5284: MakeLeftHandedProcess begin
Debug, T5284: MakeLeftHandedProcess finished
Debug, T5284: FlipWindingOrderProcess begin
Debug, T5284: FlipWindingOrderProcess finished
Debug, T5284: UpdateImporterScale scale set: 1
Debug, T5284: ValidateDataStructureProcess begin
Debug, T5284: ValidateDataStructureProcess end
Debug, T5284: ScenePreprocessor: Dummy scaling track has been generated
Info,  T5284: Load C:/projects/MM1/extern/assimp-master/assimp-master/test/models/STL/Spider_ascii.stl
Debug, T5284: Assimp 6.0.0 amd64 gcc debug shared singlethreadedsingle : 
Info,  T5284: Found a matching importer for this file format: Stereolithography (STL) Importer.
Info,  T5284: Import root directory is 'C:/projects/MM1/extern/assimp-master/assimp-master/test/models/STL\'
Debug, T5284: UpdateImporterScale scale set: 1
Debug, T5284: ValidateDataStructureProcess begin
Debug, T5284: ValidateDataStructureProcess end
Info,  T5284: Load C:/projects/MM1/extern/assimp-master/assimp-master/test/models/STL/Spider_ascii.stl
Debug, T5284: Assimp 6.0.0 amd64 gcc debug shared singlethreadedsingle : 
Info,  T5284: Found a matching importer for this file format: Stereolithography (STL) Importer.
Info,  T5284: Import root directory is 'C:/projects/MM1/extern/assimp-master/assimp-master/test/models/STL\'
Debug, T5284: UpdateImporterScale scale set: 1
Debug, T5284: ValidateDataStructureProcess begin
Debug, T5284: ValidateDataStructureProcess end
Info,  T5284: Load C:/projects/MM1/extern/assimp-master/assimp-master/test/models/STL/Spider_ascii.stl
Debug, T5284: Assimp 6.0.0 amd64 gcc debug shared singlethreadedsingle : 
Info,  T5284: Found a matching importer for this file format: Stereolithography (STL) Importer.
Info,  T5284: Import root directory is 'C:/projects/MM1/extern/assimp-master/assimp-master/test/models/STL\'
Debug, T5284: UpdateImporterScale scale set: 1
Debug, T5284: ValidateDataStructureProcess begin
Debug, T5284: ValidateDataStructureProcess end
Info,  T5284: Load C:/projects/MM1/extern/assimp-master/assimp-master/test/models/STL/formatDetection
Debug, T5284: Assimp 6.0.0 amd64 gcc debug shared singlethreadedsingle : 
Info,  T5284: File extension not known, trying signature-based detection
Debug, T5284: Found positive match for header keyword: solid
Info,  T5284: Found a matching importer for this file format: Stereolithography (STL) Importer.
Info,  T5284: Import root directory is 'C:/projects/MM1/extern/assimp-master/assimp-master/test/models/STL\'
Debug, T5284: UpdateImporterScale scale set: 1
Debug, T5284: ValidateDataStructureProcess begin
Debug, T5284: ValidateDataStructureProcess end
Info,  T5284: Load C:/projects/MM1/extern/assimp-master/assimp-master/test/models/STL/triangle_with_two_solids.stl
Debug, T5284: Assimp 6.0.0 amd64 gcc debug shared singlethreadedsingle : 
Info,  T5284: Found a matching importer for this file format: Stereolithography (STL) Importer.
Info,  T5284: Import root directory is 'C:/projects/MM1/extern/assimp-master/assimp-master/test/models/STL\'
Debug, T5284: UpdateImporterScale scale set: 1
Debug, T5284: ValidateDataStructureProcess begin
Debug, T5284: ValidateDataStructureProcess end
Info,  T5284: Load C:/projects/MM1/extern/assimp-master/assimp-master/test/models/STL/triangle_with_empty_solid.stl
Debug, T5284: Assimp 6.0.0 amd64 gcc debug shared singlethreadedsingle : 
Info,  T5284: Found a matching importer for this file format: Stereolithography (STL) Importer.
Info,  T5284: Import root directory is 'C:/projects/MM1/extern/assimp-master/assimp-master/test/models/STL\'
Warn,  T5284: STL: mesh is empty or invalid; no data loaded
Debug, T5284: UpdateImporterScale scale set: 1
Info,  T5284: Load C:/projects/MM1/extern/assimp-master/assimp-master/test/models/STL/triangle_with_empty_solid.stl
Debug, T5284: Assimp 6.0.0 amd64 gcc debug shared singlethreadedsingle : 
Debug, T5284: (Deleting previous scene)
Info,  T5284: Found a matching importer for this file format: Stereolithography (STL) Importer.
Info,  T5284: Import root directory is 'C:/projects/MM1/extern/assimp-master/assimp-master/test/models/STL\'
Warn,  T5284: STL: mesh is empty or invalid; no data loaded
Debug, T5284: UpdateImporterScale scale set: 1
Debug, T5284: ValidateDataStructureProcess begin
Error, T5284: Validation failed: The mesh emptySolid contains no vertices
Info,  T5284: Load C:/projects/MM1/extern/assimp-master/assimp-master/test/models/STL/Spider_ascii.stl
Debug, T5284: Assimp 6.0.0 amd64 gcc debug shared singlethreadedsingle : 
Info,  T5284: Found a matching importer for this file format: Stereolithography (STL) Importer.
Info,  T5284: Import root directory is 'C:/projects/MM1/extern/assimp-master/assimp-master/test/models/STL\'
Debug, T5284: UpdateImporterScale scale set: 1
Debug, T5284: ValidateDataStructureProcess begin
Debug, T5284: ValidateDataStructureProcess end
Debug, T5284: PretransformVerticesProcess begin
Debug, T5284: PretransformVerticesProcess finished
Info,  T5284: Removed 2 nodes and 0 animation channels (1 output nodes)
Info,  T5284: Kept 0 lights and 0 cameras.
Info,  T5284: Moved 1 meshes to WCS (number of output meshes: 1)
Debug, T5284: TriangulateProcess begin
Debug, T5284: TriangulateProcess finished. There was nothing to be done.
Debug, T5284: GenFaceNormalsProcess begin
Debug, T5284: GenFaceNormalsProcess finished. Normals are already there
Info,  T5284: Load spiderExport.stl
Debug, T5284: Assimp 6.0.0 amd64 gcc debug shared singlethreadedsingle : 
Debug, T5284: (Deleting previous scene)
Info,  T5284: Found a matching importer for this file format: Stereolithography (STL) Importer.
Info,  T5284: Import root directory is '.\'
Debug, T5284: UpdateImporterScale scale set: 1
Debug, T5284: ValidateDataStructureProcess begin
Debug, T5284: ValidateDataStructureProcess end
Debug, T5284: TriangulateProcess begin
Debug, T5284: TriangulateProcess finished. There was nothing to be done.
Debug, T5284: GenFaceNormalsProcess begin
Info,  T5284: Normal vectors are undefined for line and point meshes
Debug, T5284: GenFaceNormalsProcess finished. Normals are already there
Info,  T5284: Load C:/projects/MM1/extern/assimp-master/assimp-master/test/models/Q3D/earth.q3o
Debug, T5284: Assimp 6.0.0 amd64 gcc debug shared singlethreadedsingle : 
Info,  T5284: Found a matching importer for this file format: Quick3D Importer.
Info,  T5284: Import root directory is 'C:/projects/MM1/extern/assimp-master/assimp-master/test/models/Q3D\'
Info,  T5284: Quick3D File format version: 30
Debug, T5284: UpdateImporterScale scale set: 1
Debug, T5284: ValidateDataStructureProcess begin
Debug, T5284: ValidateDataStructureProcess end
Info,  T5284: Load C:/projects/MM1/extern/assimp-master/assimp-master/test/models/3MF/box.3mf
Debug, T5284: Assimp 6.0.0 amd64 gcc debug shared singlethreadedsingle : 
Info,  T5284: Found a matching importer for this file format: 3mf Importer.
Info,  T5284: Import root directory is 'C:/projects/MM1/extern/assimp-master/assimp-master/test/models/3MF\'
Warn,  T5284: Ignored file of unknown type: 3D/3dmodel.model
Warn,  T5284: Ignored file of unsupported type CONTENT_TYPES_ARCHIVES[Content_Types].xml
Debug, T5284: 3D/3dmodel.model
Debug, T5284: UpdateImporterScale scale set: 1
Debug, T5284: ValidateDataStructureProcess begin
Debug, T5284: ValidateDataStructureProcess end
Debug, T5284: ScenePreprocessor: Adding default material 'DefaultMaterial'
Info,  T5284: Load C:/projects/MM1/extern/assimp-master/assimp-master/test/models/ASE/ThreeCubesGreen.ASE
Debug, T5284: Assimp 6.0.0 amd64 gcc debug shared singlethreadedsingle : 
Info,  T5284: Found a matching importer for this file format: ASE Importer.
Info,  T5284: Import root directory is 'C:/projects/MM1/extern/assimp-master/assimp-master/test/models/ASE\'
Info,  T5284: Line 1: Comment: AsciiExport-Version  2,00 - Tue May 06 17:21:38 2008
Debug, T5284: UpdateImporterScale scale set: 1
Debug, T5284: ValidateDataStructureProcess begin
Debug, T5284: ValidateDataStructureProcess end
Info,  T5284: Load C:/projects/MM1/extern/assimp-master/assimp-master/test/models/ASE/anim.ASE
Debug, T5284: Assimp 6.0.0 amd64 gcc debug shared singlethreadedsingle : 
Info,  T5284: Found a matching importer for this file format: ASE Importer.
Info,  T5284: Import root directory is 'C:/projects/MM1/extern/assimp-master/assimp-master/test/models/ASE\'
Info,  T5284: Line 1: Comment: AsciiExport Version  2,00 - Tue Oct 28 18:51:39 2008
Debug, T5284: UpdateImporterScale scale set: 1
Debug, T5284: ValidateDataStructureProcess begin
Debug, T5284: ValidateDataStructureProcess end
Debug, T5284: ScenePreprocessor: Dummy scaling track has been generated
Debug, T5284: ScenePreprocessor: Setting animation duration
Info,  T5284: Load C:/projects/MM1/extern/assimp-master/assimp-master/test/models/ASE/anim2.ASE
Debug, T5284: Assimp 6.0.0 amd64 gcc debug shared singlethreadedsingle : 
Info,  T5284: Found a matching importer for this file format: ASE Importer.
Info,  T5284: Import root directory is 'C:/projects/MM1/extern/assimp-master/assimp-master/test/models/ASE\'
Info,  T5284: Line 1: Comment: AsciiExport Version  2,00 - Tue Oct 28 19:00:30 2008
Debug, T5284: ASE: Generating separate target node (Camera01)
Debug, T5284: UpdateImporterScale scale set: 1
Debug, T5284: ValidateDataStructureProcess begin
Debug, T5284: ValidateDataStructureProcess end
Debug, T5284: ScenePreprocessor: Dummy rotation track has been generated
Debug, T5284: ScenePreprocessor: Dummy scaling track has been generated
Debug, T5284: ScenePreprocessor: Setting animation duration
Info,  T5284: Load C:/projects/MM1/extern/assimp-master/assimp-master/test/models/ASE/CameraRollAnim.ase
Debug, T5284: Assimp 6.0.0 amd64 gcc debug shared singlethreadedsingle : 
Info,  T5284: Found a matching importer for this file format: ASE Importer.
Info,  T5284: Import root directory is 'C:/projects/MM1/extern/assimp-master/assimp-master/test/models/ASE\'
Info,  T5284: Line 1: Comment: AsciiExport Version  2,00 - Sat Nov 08 17:10:10 2008
Debug, T5284: ASE: Generating separate target node (Camera01)
Debug, T5284: UpdateImporterScale scale set: 1
Debug, T5284: ValidateDataStructureProcess begin
Debug, T5284: ValidateDataStructureProcess end
Debug, T5284: ScenePreprocessor: Dummy scaling track has been generated
Debug, T5284: ScenePreprocessor: Dummy position track has been generated
Debug, T5284: ScenePreprocessor: Setting animation duration
Info,  T5284: Load C:/projects/MM1/extern/assimp-master/assimp-master/test/models/ASE/MotionCaptureROM.ase
Debug, T5284: Assimp 6.0.0 amd64 gcc debug shared singlethreadedsingle : 
Info,  T5284: Found a matching importer for this file format: ASE Importer.
Info,  T5284: Import root directory is 'C:/projects/MM1/extern/assimp-master/assimp-master/test/models/ASE\'
Info,  T5284: Line 1: Comment: AsciiExport-Version  2,00 - Thu Jul 17 14:17:56 2008
Debug, T5284: UpdateImporterScale scale set: 1
Debug, T5284: ValidateDataStructureProcess begin
Debug, T5284: ValidateDataStructureProcess end
Debug, T5284: ScenePreprocessor: Dummy scaling track has been generated
Debug, T5284: ScenePreprocessor: Dummy position track has been generated
Debug, T5284: ScenePreprocessor: Dummy scaling track has been generated
Debug, T5284: ScenePreprocessor: Dummy position track has been generated
Debug, T5284: ScenePreprocessor: Dummy scaling track has been generated
Debug, T5284: ScenePreprocessor: Dummy position track has been generated
Debug, T5284: ScenePreprocessor: Dummy scaling track has been generated
Debug, T5284: ScenePreprocessor: Dummy position track has been generated
Debug, T5284: ScenePreprocessor: Dummy scaling track has been generated
Debug, T5284: ScenePreprocessor: Dummy position track has been generated
Debug, T5284: ScenePreprocessor: Dummy scaling track has been generated
Debug, T5284: ScenePreprocessor: Dummy position track has been generated
Debug, T5284: ScenePreprocessor: Dummy scaling track has been generated
Debug, T5284: ScenePreprocessor: Dummy position track has been generated
Debug, T5284: ScenePreprocessor: Dummy scaling track has been generated
Debug, T5284: ScenePreprocessor: Dummy position track has been generated
Debug, T5284: ScenePreprocessor: Dummy scaling track has been generated
Debug, T5284: ScenePreprocessor: Dummy position track has been generated
Debug, T5284: ScenePreprocessor: Dummy scaling track has been generated
Debug, T5284: ScenePreprocessor: Dummy position track has been generated
Debug, T5284: ScenePreprocessor: Dummy scaling track has been generated
Debug, T5284: ScenePreprocessor: Dummy position track has been generated
Debug, T5284: ScenePreprocessor: Dummy scaling track has been generated
Debug, T5284: ScenePreprocessor: Dummy position track has been generated
Debug, T5284: ScenePreprocessor: Dummy scaling track has been generated
Debug, T5284: ScenePreprocessor: Dummy position track has been generated
Debug, T5284: ScenePreprocessor: Dummy scaling track has been generated
Debug, T5284: ScenePreprocessor: Dummy position track has been generated
Debug, T5284: ScenePreprocessor: Dummy scaling track has been generated
Debug, T5284: ScenePreprocessor: Dummy position track has been generated
Debug, T5284: ScenePreprocessor: Dummy scaling track has been generated
Debug, T5284: ScenePreprocessor: Dummy position track has been generated
Debug, T5284: ScenePreprocessor: Setting animation duration
Info,  T5284: Load C:/projects/MM1/extern/assimp-master/assimp-master/test/models/ASE/RotatingCube.ASE
Debug, T5284: Assimp 6.0.0 amd64 gcc debug shared singlethreadedsingle : 
Info,  T5284: Found a matching importer for this file format: ASE Importer.
Info,  T5284: Import root directory is 'C:/projects/MM1/extern/assimp-master/assimp-master/test/models/ASE\'
Info,  T5284: Line 1: Comment: AsciiExport Version  2,00 - Sat Nov 08 18:02:21 2008
Debug, T5284: UpdateImporterScale scale set: 1
Debug, T5284: ValidateDataStructureProcess begin
Debug, T5284: ValidateDataStructureProcess end
Debug, T5284: ScenePreprocessor: Dummy scaling track has been generated
Debug, T5284: ScenePreprocessor: Dummy position track has been generated
Debug, T5284: ScenePreprocessor: Setting animation duration
Info,  T5284: Load C:/projects/MM1/extern/assimp-master/assimp-master/test/models/ASE/TargetCameraAnim.ase
Debug, T5284: Assimp 6.0.0 amd64 gcc debug shared singlethreadedsingle : 
Info,  T5284: Found a matching importer for this file format: ASE Importer.
Info,  T5284: Import root directory is 'C:/projects/MM1/extern/assimp-master/assimp-master/test/models/ASE\'
Info,  T5284: Line 1: Comment: AsciiExport Version  2,00 - Sat Nov 08 16:24:29 2008
Debug, T5284: ASE: Generating separate target node (Camera01)
Debug, T5284: UpdateImporterScale scale set: 1
Debug, T5284: ValidateDataStructureProcess begin
Debug, T5284: ValidateDataStructureProcess end
Debug, T5284: ScenePreprocessor: Dummy rotation track has been generated
Debug, T5284: ScenePreprocessor: Dummy scaling track has been generated
Debug, T5284: ScenePreprocessor: Setting animation duration
Info,  T5284: Load C:/projects/MM1/extern/assimp-master/assimp-master/test/models/ASE/TestFormatDetection
Debug, T5284: Assimp 6.0.0 amd64 gcc debug shared singlethreadedsingle : 
Info,  T5284: File extension not known, trying signature-based detection
Debug, T5284: Found positive match for header keyword: *3dsmax_asciiexport
Info,  T5284: Found a matching importer for this file format: ASE Importer.
Info,  T5284: Import root directory is 'C:/projects/MM1/extern/assimp-master/assimp-master/test/models/ASE\'
Info,  T5284: Line 1: Comment: AsciiExport-Version  2,00 - Tue May 06 17:12:12 2008
Debug, T5284: UpdateImporterScale scale set: 1
Debug, T5284: ValidateDataStructureProcess begin
Warn,  T5284: Validation warning: UV-mapped texture, but there are no UV coords
Debug, T5284: ValidateDataStructureProcess end
Info,  T5284: Load C:/projects/MM1/extern/assimp-master/assimp-master/test/models/ASE/ThreeCubesGreen.ASE
Debug, T5284: Assimp 6.0.0 amd64 gcc debug shared singlethreadedsingle : 
Info,  T5284: Found a matching importer for this file format: ASE Importer.
Info,  T5284: Import root directory is 'C:/projects/MM1/extern/assimp-master/assimp-master/test/models/ASE\'
Info,  T5284: Line 1: Comment: AsciiExport-Version  2,00 - Tue May 06 17:21:38 2008
Debug, T5284: UpdateImporterScale scale set: 1
Debug, T5284: ValidateDataStructureProcess begin
Debug, T5284: ValidateDataStructureProcess end
Info,  T5284: Load C:/projects/MM1/extern/assimp-master/assimp-master/test/models/ASE/ThreeCubesGreen_UTF16LE.ASE
Debug, T5284: Assimp 6.0.0 amd64 gcc debug shared singlethreadedsingle : 
Info,  T5284: Found a matching importer for this file format: ASE Importer.
Info,  T5284: Import root directory is 'C:/projects/MM1/extern/assimp-master/assimp-master/test/models/ASE\'
Debug, T5284: Found UTF-16 BOM ...
Debug, T5284: UpdateImporterScale scale set: 1
Debug, T5284: ValidateDataStructureProcess begin
Debug, T5284: ValidateDataStructureProcess end
Info,  T5284: Load C:/projects/MM1/extern/assimp-master/assimp-master/test/models/ASE/ThreeCubesGreen_UTF16BE.ASE
Debug, T5284: Assimp 6.0.0 amd64 gcc debug shared singlethreadedsingle : 
Info,  T5284: Found a matching importer for this file format: ASE Importer.
Info,  T5284: Import root directory is 'C:/projects/MM1/extern/assimp-master/assimp-master/test/models/ASE\'
Debug, T5284: Found UTF-16 BOM ...
Debug, T5284: UpdateImporterScale scale set: 1
Debug, T5284: ValidateDataStructureProcess begin
Debug, T5284: ValidateDataStructureProcess end
Info,  T5284: Load C:/projects/MM1/extern/assimp-master/assimp-master/test/models/ASE/TestUVTransform/UVTransform_Normal.ASE
Debug, T5284: Assimp 6.0.0 amd64 gcc debug shared singlethreadedsingle : 
Info,  T5284: Found a matching importer for this file format: ASE Importer.
Info,  T5284: Import root directory is 'C:/projects/MM1/extern/assimp-master/assimp-master/test/models/ASE/TestUVTransform\'
Info,  T5284: Line 1: Comment: AsciiExport Version  2,00 - Thu Nov 13 21:34:19 2008
Debug, T5284: UpdateImporterScale scale set: 1
Debug, T5284: ValidateDataStructureProcess begin
Debug, T5284: ValidateDataStructureProcess end
Info,  T5284: Load C:/projects/MM1/extern/assimp-master/assimp-master/test/models/ASE/TestUVTransform/UVTransform_ScaleUV1-2_OffsetUV0-0.9_Rotate-72_mirrorU.ase
Debug, T5284: Assimp 6.0.0 amd64 gcc debug shared singlethreadedsingle : 
Info,  T5284: Found a matching importer for this file format: ASE Importer.
Info,  T5284: Import root directory is 'C:/projects/MM1/extern/assimp-master/assimp-master/test/models/ASE/TestUVTransform\'
Info,  T5284: Line 1: Comment: AsciiExport Version  2,00 - Thu Nov 13 21:55:03 2008
Debug, T5284: UpdateImporterScale scale set: 1
Debug, T5284: ValidateDataStructureProcess begin
Debug, T5284: ValidateDataStructureProcess end
Info,  T5284: Load C:/projects/MM1/extern/assimp-master/assimp-master/test/models/ASE/TestUVTransform/UVTransform_ScaleUV2x.ASE
Debug, T5284: Assimp 6.0.0 amd64 gcc debug shared singlethreadedsingle : 
Info,  T5284: Found a matching importer for this file format: ASE Importer.
Info,  T5284: Import root directory is 'C:/projects/MM1/extern/assimp-master/assimp-master/test/models/ASE/TestUVTransform\'
Info,  T5284: Line 1: Comment: AsciiExport Version  2,00 - Thu Nov 13 21:34:02 2008
Debug, T5284: UpdateImporterScale scale set: 1
Debug, T5284: ValidateDataStructureProcess begin
Debug, T5284: ValidateDataStructureProcess end
Info,  T5284: Load C:/projects/MM1/extern/assimp-master/assimp-master/test/models/ASE/TestUVTransform/UVTransform_ScaleUV2x_Rotate45.ASE
Debug, T5284: Assimp 6.0.0 amd64 gcc debug shared singlethreadedsingle : 
Info,  T5284: Found a matching importer for this file format: ASE Importer.
Info,  T5284: Import root directory is 'C:/projects/MM1/extern/assimp-master/assimp-master/test/models/ASE/TestUVTransform\'
Info,  T5284: Line 1: Comment: AsciiExport Version  2,00 - Thu Nov 13 21:51:18 2008
Debug, T5284: UpdateImporterScale scale set: 1
Debug, T5284: ValidateDataStructureProcess begin
Debug, T5284: ValidateDataStructureProcess end
Info,  T5284: Load C:/projects/MM1/extern/assimp-master/assimp-master/test/models/AMF/test1.amf
Debug, T5284: Assimp 6.0.0 amd64 gcc debug shared singlethreadedsingle : 
Info,  T5284: Found a matching importer for this file format: Additive manufacturing file format(AMF) Importer.
Info,  T5284: Import root directory is 'C:/projects/MM1/extern/assimp-master/assimp-master/test/models/AMF\'
Debug, T5284: UpdateImporterScale scale set: 1
Debug, T5284: ValidateDataStructureProcess begin
Debug, T5284: ValidateDataStructureProcess end
Debug, T5284: ScenePreprocessor: Adding default material 'DefaultMaterial'
Info,  T5284: Load C:/projects/MM1/extern/assimp-master/assimp-master/test/models/AMF/test2.amf
Debug, T5284: Assimp 6.0.0 amd64 gcc debug shared singlethreadedsingle : 
Info,  T5284: Found a matching importer for this file format: Additive manufacturing file format(AMF) Importer.
Info,  T5284: Import root directory is 'C:/projects/MM1/extern/assimp-master/assimp-master/test/models/AMF\'
Debug, T5284: UpdateImporterScale scale set: 1
Debug, T5284: ValidateDataStructureProcess begin
Debug, T5284: ValidateDataStructureProcess end
Debug, T5284: ScenePreprocessor: Adding default material 'DefaultMaterial'
Info,  T5284: Load C:/projects/MM1/extern/assimp-master/assimp-master/test/models/AMF/test3.amf
Debug, T5284: Assimp 6.0.0 amd64 gcc debug shared singlethreadedsingle : 
Info,  T5284: Found a matching importer for this file format: Additive manufacturing file format(AMF) Importer.
Info,  T5284: Import root directory is 'C:/projects/MM1/extern/assimp-master/assimp-master/test/models/AMF\'
Debug, T5284: UpdateImporterScale scale set: 1
Debug, T5284: ValidateDataStructureProcess begin
Debug, T5284: ValidateDataStructureProcess end
Debug, T5284: ScenePreprocessor: Adding default material 'DefaultMaterial'
Info,  T5284: Load C:/projects/MM1/extern/assimp-master/assimp-master/test/models/AMF/test4.amf
Debug, T5284: Assimp 6.0.0 amd64 gcc debug shared singlethreadedsingle : 
Info,  T5284: Found a matching importer for this file format: Additive manufacturing file format(AMF) Importer.
Info,  T5284: Import root directory is 'C:/projects/MM1/extern/assimp-master/assimp-master/test/models/AMF\'
Debug, T5284: UpdateImporterScale scale set: 1
Debug, T5284: ValidateDataStructureProcess begin
Debug, T5284: ValidateDataStructureProcess end
Debug, T5284: ScenePreprocessor: Adding default material 'DefaultMaterial'
Info,  T5284: Load C:/projects/MM1/extern/assimp-master/assimp-master/test/models/AMF/test5.amf
Debug, T5284: Assimp 6.0.0 amd64 gcc debug shared singlethreadedsingle : 
Info,  T5284: Found a matching importer for this file format: Additive manufacturing file format(AMF) Importer.
Info,  T5284: Import root directory is 'C:/projects/MM1/extern/assimp-master/assimp-master/test/models/AMF\'
Debug, T5284: UpdateImporterScale scale set: 1
Debug, T5284: ValidateDataStructureProcess begin
Debug, T5284: ValidateDataStructureProcess end
Debug, T5284: ScenePreprocessor: Adding default material 'DefaultMaterial'
Info,  T5284: Load C:/projects/MM1/extern/assimp-master/assimp-master/test/models/AMF/test5a.amf
Debug, T5284: Assimp 6.0.0 amd64 gcc debug shared singlethreadedsingle : 
Info,  T5284: Found a matching importer for this file format: Additive manufacturing file format(AMF) Importer.
Info,  T5284: Import root directory is 'C:/projects/MM1/extern/assimp-master/assimp-master/test/models/AMF\'
Debug, T5284: UpdateImporterScale scale set: 1
Debug, T5284: ValidateDataStructureProcess begin
Debug, T5284: ValidateDataStructureProcess end
Debug, T5284: ScenePreprocessor: Adding default material 'DefaultMaterial'
Info,  T5284: Load C:/projects/MM1/extern/assimp-master/assimp-master/test/models/AMF/test6.amf
Debug, T5284: Assimp 6.0.0 amd64 gcc debug shared singlethreadedsingle : 
Info,  T5284: Found a matching importer for this file format: Additive manufacturing file format(AMF) Importer.
Info,  T5284: Import root directory is 'C:/projects/MM1/extern/assimp-master/assimp-master/test/models/AMF\'
Debug, T5284: UpdateImporterScale scale set: 1
Debug, T5284: ValidateDataStructureProcess begin
Debug, T5284: ValidateDataStructureProcess end
Debug, T5284: ScenePreprocessor: Adding default material 'DefaultMaterial'
Info,  T5284: Load C:/projects/MM1/extern/assimp-master/assimp-master/test/models/AMF/test7.amf
Debug, T5284: Assimp 6.0.0 amd64 gcc debug shared singlethreadedsingle : 
Info,  T5284: Found a matching importer for this file format: Additive manufacturing file format(AMF) Importer.
Info,  T5284: Import root directory is 'C:/projects/MM1/extern/assimp-master/assimp-master/test/models/AMF\'
Debug, T5284: UpdateImporterScale scale set: 1
Debug, T5284: ValidateDataStructureProcess begin
Debug, T5284: ValidateDataStructureProcess end
Debug, T5284: ScenePreprocessor: Adding default material 'DefaultMaterial'
Info,  T5284: Load C:/projects/MM1/extern/assimp-master/assimp-master/test/models/AMF/test_with_mat.amf
Debug, T5284: Assimp 6.0.0 amd64 gcc debug shared singlethreadedsingle : 
Info,  T5284: Found a matching importer for this file format: Additive manufacturing file format(AMF) Importer.
Info,  T5284: Import root directory is 'C:/projects/MM1/extern/assimp-master/assimp-master/test/models/AMF\'
Debug, T5284: UpdateImporterScale scale set: 1
Debug, T5284: ValidateDataStructureProcess begin
Debug, T5284: ValidateDataStructureProcess end
Debug, T5284: ScenePreprocessor: Adding default material 'DefaultMaterial'
Info,  T5284: Load C:/projects/MM1/extern/assimp-master/assimp-master/test/models/AC/closedLine.ac
Debug, T5284: Assimp 6.0.0 amd64 gcc debug shared singlethreadedsingle : 
Info,  T5284: Found a matching importer for this file format: AC3D Importer.
Info,  T5284: Import root directory is 'C:/projects/MM1/extern/assimp-master/assimp-master/test/models/AC\'
Info,  T5284: AC3D file format version: 11
Debug, T5284: UpdateImporterScale scale set: 1
Debug, T5284: ValidateDataStructureProcess begin
Debug, T5284: ValidateDataStructureProcess end
Info,  T5284: Load C:/projects/MM1/extern/assimp-master/assimp-master/test/models/AC/nosurfaces.ac
Debug, T5284: Assimp 6.0.0 amd64 gcc debug shared singlethreadedsingle : 
Info,  T5284: Found a matching importer for this file format: AC3D Importer.
Info,  T5284: Import root directory is 'C:/projects/MM1/extern/assimp-master/assimp-master/test/models/AC\'
Info,  T5284: AC3D file format version: 11
Warn,  T5284: AC3D: No material has been found
Info,  T5284: AC3D: No surfaces defined in object definition, a point list is returned
Debug, T5284: UpdateImporterScale scale set: 1
Debug, T5284: ValidateDataStructureProcess begin
Debug, T5284: ValidateDataStructureProcess end
Info,  T5284: Load C:/projects/MM1/extern/assimp-master/assimp-master/test/models/AC/openLine.ac
Debug, T5284: Assimp 6.0.0 amd64 gcc debug shared singlethreadedsingle : 
Info,  T5284: Found a matching importer for this file format: AC3D Importer.
Info,  T5284: Import root directory is 'C:/projects/MM1/extern/assimp-master/assimp-master/test/models/AC\'
Info,  T5284: AC3D file format version: 11
Debug, T5284: UpdateImporterScale scale set: 1
Debug, T5284: ValidateDataStructureProcess begin
Debug, T5284: ValidateDataStructureProcess end
Info,  T5284: Load C:/projects/MM1/extern/assimp-master/assimp-master/test/models/AC/sample_subdiv.ac
Debug, T5284: Assimp 6.0.0 amd64 gcc debug shared singlethreadedsingle : 
Info,  T5284: Found a matching importer for this file format: AC3D Importer.
Info,  T5284: Import root directory is 'C:/projects/MM1/extern/assimp-master/assimp-master/test/models/AC\'
Info,  T5284: AC3D file format version: 11
Info,  T5284: AC3D: Evaluating subdivision surface: cylinder
Debug, T5284: Catmull-Clark Subdivider: got 140 bad edges touching only one face (totally 61510 edges). 
Debug, T5284: UpdateImporterScale scale set: 1
Debug, T5284: ValidateDataStructureProcess begin
Debug, T5284: ValidateDataStructureProcess end
Info,  T5284: Load C:/projects/MM1/extern/assimp-master/assimp-master/test/models/AC/SphereWithLight.ac
Debug, T5284: Assimp 6.0.0 amd64 gcc debug shared singlethreadedsingle : 
Info,  T5284: Found a matching importer for this file format: AC3D Importer.
Info,  T5284: Import root directory is 'C:/projects/MM1/extern/assimp-master/assimp-master/test/models/AC\'
Info,  T5284: AC3D file format version: 11
Debug, T5284: AC3D: Light source encountered
Info,  T5284: AC3D: Evaluating subdivision surface: sphere
Debug, T5284: UpdateImporterScale scale set: 1
Debug, T5284: ValidateDataStructureProcess begin
Debug, T5284: ValidateDataStructureProcess end
Info,  T5284: Load C:/projects/MM1/extern/assimp-master/assimp-master/test/models/AC/SphereWithLight.acc
Debug, T5284: Assimp 6.0.0 amd64 gcc debug shared singlethreadedsingle : 
Info,  T5284: Found a matching importer for this file format: AC3D Importer.
Info,  T5284: Import root directory is 'C:/projects/MM1/extern/assimp-master/assimp-master/test/models/AC\'
Info,  T5284: AC3D file format version: 11
Debug, T5284: AC3D: Light source encountered
Error, T5284: AC3D: Unexpected EOF/EOL in string
Debug, T5284: UpdateImporterScale scale set: 1
Debug, T5284: ValidateDataStructureProcess begin
Debug, T5284: ValidateDataStructureProcess end
Info,  T5284: Load C:/projects/MM1/extern/assimp-master/assimp-master/test/models/AC/SphereWithLight_UTF16LE.ac
Debug, T5284: Assimp 6.0.0 amd64 gcc debug shared singlethreadedsingle : 
Info,  T5284: Found a matching importer for this file format: AC3D Importer.
Info,  T5284: Import root directory is 'C:/projects/MM1/extern/assimp-master/assimp-master/test/models/AC\'
Debug, T5284: Found UTF-16 BOM ...
Error, T5284: AC3D: No valid AC3D file, magic sequence not found
Info,  T5284: Load C:/projects/MM1/extern/assimp-master/assimp-master/test/models/AC/SphereWithLight_UTF8BOM.ac
Debug, T5284: Assimp 6.0.0 amd64 gcc debug shared singlethreadedsingle : 
Info,  T5284: Found a matching importer for this file format: AC3D Importer.
Info,  T5284: Import root directory is 'C:/projects/MM1/extern/assimp-master/assimp-master/test/models/AC\'
Debug, T5284: Found UTF-8 BOM ...
Info,  T5284: AC3D file format version: 11
Debug, T5284: AC3D: Light source encountered
Debug, T5284: UpdateImporterScale scale set: 1
Debug, T5284: ValidateDataStructureProcess begin
Debug, T5284: ValidateDataStructureProcess end
Info,  T5284: Load C:/projects/MM1/extern/assimp-master/assimp-master/test/models/AC/SphereWithLightUvScaling4X.ac
Debug, T5284: Assimp 6.0.0 amd64 gcc debug shared singlethreadedsingle : 
Info,  T5284: Found a matching importer for this file format: AC3D Importer.
Info,  T5284: Import root directory is 'C:/projects/MM1/extern/assimp-master/assimp-master/test/models/AC\'
Info,  T5284: AC3D file format version: 11
Debug, T5284: AC3D: Light source encountered
Info,  T5284: AC3D: Evaluating subdivision surface: sphere
Debug, T5284: UpdateImporterScale scale set: 1
Debug, T5284: ValidateDataStructureProcess begin
Debug, T5284: ValidateDataStructureProcess end
Info,  T5284: Load C:/projects/MM1/extern/assimp-master/assimp-master/test/models/AC/Wuson.ac
Debug, T5284: Assimp 6.0.0 amd64 gcc debug shared singlethreadedsingle : 
Info,  T5284: Found a matching importer for this file format: AC3D Importer.
Info,  T5284: Import root directory is 'C:/projects/MM1/extern/assimp-master/assimp-master/test/models/AC\'
Info,  T5284: AC3D file format version: 11
Debug, T5284: UpdateImporterScale scale set: 1
Debug, T5284: ValidateDataStructureProcess begin
Debug, T5284: ValidateDataStructureProcess end
Info,  T5284: Load C:/projects/MM1/extern/assimp-master/assimp-master/test/models/AC/Wuson.acc
Debug, T5284: Assimp 6.0.0 amd64 gcc debug shared singlethreadedsingle : 
Info,  T5284: Found a matching importer for this file format: AC3D Importer.
Info,  T5284: Import root directory is 'C:/projects/MM1/extern/assimp-master/assimp-master/test/models/AC\'
Info,  T5284: AC3D file format version: 11
Debug, T5284: UpdateImporterScale scale set: 1
Debug, T5284: ValidateDataStructureProcess begin
Debug, T5284: ValidateDataStructureProcess end
Info,  T5284: Load C:/projects/MM1/extern/assimp-master/assimp-master/test/models/AC/TestFormatDetection
Debug, T5284: Assimp 6.0.0 amd64 gcc debug shared singlethreadedsingle : 
Info,  T5284: File extension not known, trying signature-based detection
Info,  T5284: Found a matching importer for this file format: AC3D Importer.
Info,  T5284: Import root directory is 'C:/projects/MM1/extern/assimp-master/assimp-master/test/models/AC\'
Info,  T5284: AC3D file format version: 11
Debug, T5284: UpdateImporterScale scale set: 1
Debug, T5284: ValidateDataStructureProcess begin
Debug, T5284: ValidateDataStructureProcess end
Info,  T5284: Load C:/projects/MM1/extern/assimp-master/assimp-master/test/models/AC/doubleSidedFace.ac
Debug, T5284: Assimp 6.0.0 amd64 gcc debug shared singlethreadedsingle : 
Info,  T5284: Found a matching importer for this file format: AC3D Importer.
Info,  T5284: Import root directory is 'C:/projects/MM1/extern/assimp-master/assimp-master/test/models/AC\'
Info,  T5284: AC3D file format version: 11
Debug, T5284: UpdateImporterScale scale set: 1
Debug, T5284: ValidateDataStructureProcess begin
Debug, T5284: ValidateDataStructureProcess end
Info,  T5284: Load C:/projects/MM1/extern/assimp-master/assimp-master/test/models/3DS/fels.3ds
Debug, T5284: Assimp 6.0.0 amd64 gcc debug shared singlethreadedsingle : 
Info,  T5284: Found a matching importer for this file format: Discreet 3DS Importer.
Info,  T5284: Import root directory is 'C:/projects/MM1/extern/assimp-master/assimp-master/test/models/3DS\'
Info,  T5284: 3DS file format version: 3
Warn,  T5284: No hierarchy information has been found in the file. 
Debug, T5284: UpdateImporterScale scale set: 1
Debug, T5284: ValidateDataStructureProcess begin
Debug, T5284: ValidateDataStructureProcess end
Info,  T5284: Load C:/projects/MM1/extern/assimp-master/assimp-master/test/models/3DS/testFormatDetection
Debug, T5284: Assimp 6.0.0 amd64 gcc debug shared singlethreadedsingle : 
Info,  T5284: File extension not known, trying signature-based detection
Info,  T5284: Found a matching importer for this file format: Discreet 3DS Importer.
Info,  T5284: Import root directory is 'C:/projects/MM1/extern/assimp-master/assimp-master/test/models/3DS\'
Info,  T5284: 3DS file format version: 3
Warn,  T5284: 3DS: Skipping TCB animation info
Debug, T5284: UpdateImporterScale scale set: 1
Debug, T5284: ValidateDataStructureProcess begin
Debug, T5284: ValidateDataStructureProcess end
Info,  T5284: Load C:/projects/MM1/extern/assimp-master/assimp-master/test/models/3DS/CameraRollAnim.3ds
Debug, T5284: Assimp 6.0.0 amd64 gcc debug shared singlethreadedsingle : 
Info,  T5284: Found a matching importer for this file format: Discreet 3DS Importer.
Info,  T5284: Import root directory is 'C:/projects/MM1/extern/assimp-master/assimp-master/test/models/3DS\'
Info,  T5284: 3DS file format version: 3
Warn,  T5284: 3DS: Skipping TCB animation info
Error, T5284: 3DS: Skipping FOV animation track. This is not supported
Warn,  T5284: 3DS: Skipping TCB animation info
Info,  T5284: 3DS: Generating default material
Debug, T5284: 3DS: Converting camera roll track ...
Debug, T5284: UpdateImporterScale scale set: 1
Debug, T5284: ValidateDataStructureProcess begin
Debug, T5284: ValidateDataStructureProcess end
Debug, T5284: ScenePreprocessor: Dummy scaling track has been generated
Debug, T5284: ScenePreprocessor: Setting animation duration
Info,  T5284: Load C:/projects/MM1/extern/assimp-master/assimp-master/test/models/3DS/CameraRollAnimWithChildObject.3ds
Debug, T5284: Assimp 6.0.0 amd64 gcc debug shared singlethreadedsingle : 
Info,  T5284: Found a matching importer for this file format: Discreet 3DS Importer.
Info,  T5284: Import root directory is 'C:/projects/MM1/extern/assimp-master/assimp-master/test/models/3DS\'
Info,  T5284: 3DS file format version: 3
Warn,  T5284: 3DS: Skipping TCB animation info
Error, T5284: 3DS: Skipping FOV animation track. This is not supported
Warn,  T5284: 3DS: Skipping TCB animation info
Info,  T5284: 3DS: Generating default material
Debug, T5284: 3DS: Converting camera roll track ...
Debug, T5284: UpdateImporterScale scale set: 1
Debug, T5284: ValidateDataStructureProcess begin
Debug, T5284: ValidateDataStructureProcess end
Debug, T5284: ScenePreprocessor: Dummy scaling track has been generated
Debug, T5284: ScenePreprocessor: Setting animation duration
Info,  T5284: Load C:/projects/MM1/extern/assimp-master/assimp-master/test/models/3DS/cubes_with_alpha.3DS
Debug, T5284: Assimp 6.0.0 amd64 gcc debug shared singlethreadedsingle : 
Info,  T5284: Found a matching importer for this file format: Discreet 3DS Importer.
Info,  T5284: Import root directory is 'C:/projects/MM1/extern/assimp-master/assimp-master/test/models/3DS\'
Info,  T5284: 3DS file format version: 3
Warn,  T5284: 3DS: Skipping TCB animation info
Debug, T5284: UpdateImporterScale scale set: 1
Debug, T5284: ValidateDataStructureProcess begin
Debug, T5284: ValidateDataStructureProcess end
Info,  T5284: Load C:/projects/MM1/extern/assimp-master/assimp-master/test/models/3DS/cube_with_diffuse_texture.3DS
Debug, T5284: Assimp 6.0.0 amd64 gcc debug shared singlethreadedsingle : 
Info,  T5284: Found a matching importer for this file format: Discreet 3DS Importer.
Info,  T5284: Import root directory is 'C:/projects/MM1/extern/assimp-master/assimp-master/test/models/3DS\'
Info,  T5284: 3DS file format version: 3
Warn,  T5284: 3DS: Skipping TCB animation info
Debug, T5284: UpdateImporterScale scale set: 1
Debug, T5284: ValidateDataStructureProcess begin
Debug, T5284: ValidateDataStructureProcess end
Info,  T5284: Load C:/projects/MM1/extern/assimp-master/assimp-master/test/models/3DS/cube_with_specular_texture.3DS
Debug, T5284: Assimp 6.0.0 amd64 gcc debug shared singlethreadedsingle : 
Info,  T5284: Found a matching importer for this file format: Discreet 3DS Importer.
Info,  T5284: Import root directory is 'C:/projects/MM1/extern/assimp-master/assimp-master/test/models/3DS\'
Info,  T5284: 3DS file format version: 3
Warn,  T5284: 3DS: Skipping TCB animation info
Debug, T5284: UpdateImporterScale scale set: 1
Debug, T5284: ValidateDataStructureProcess begin
Debug, T5284: ValidateDataStructureProcess end
Info,  T5284: Load C:/projects/MM1/extern/assimp-master/assimp-master/test/models/3DS/RotatingCube.3DS
Debug, T5284: Assimp 6.0.0 amd64 gcc debug shared singlethreadedsingle : 
Info,  T5284: Found a matching importer for this file format: Discreet 3DS Importer.
Info,  T5284: Import root directory is 'C:/projects/MM1/extern/assimp-master/assimp-master/test/models/3DS\'
Info,  T5284: 3DS file format version: 3
Warn,  T5284: 3DS: Skipping TCB animation info
Info,  T5284: 3DS: Generating default material
Debug, T5284: UpdateImporterScale scale set: 1
Debug, T5284: ValidateDataStructureProcess begin
Debug, T5284: ValidateDataStructureProcess end
Debug, T5284: ScenePreprocessor: Setting animation duration
Info,  T5284: Load C:/projects/MM1/extern/assimp-master/assimp-master/test/models/3DS/TargetCameraAnim.3ds
Debug, T5284: Assimp 6.0.0 amd64 gcc debug shared singlethreadedsingle : 
Info,  T5284: Found a matching importer for this file format: Discreet 3DS Importer.
Info,  T5284: Import root directory is 'C:/projects/MM1/extern/assimp-master/assimp-master/test/models/3DS\'
Info,  T5284: 3DS file format version: 3
Warn,  T5284: 3DS: Skipping TCB animation info
Error, T5284: 3DS: Skipping FOV animation track. This is not supported
Warn,  T5284: 3DS: Skipping TCB animation info
Info,  T5284: 3DS: Generating default material
Debug, T5284: UpdateImporterScale scale set: 1
Debug, T5284: ValidateDataStructureProcess begin
Debug, T5284: ValidateDataStructureProcess end
Debug, T5284: ScenePreprocessor: Dummy rotation track has been generated
Debug, T5284: ScenePreprocessor: Dummy scaling track has been generated
Debug, T5284: ScenePreprocessor: Setting animation duration
Info,  T5284: Load C:/projects/MM1/extern/assimp-master/assimp-master/test/models/3DS/test1.3ds
Debug, T5284: Assimp 6.0.0 amd64 gcc debug shared singlethreadedsingle : 
Info,  T5284: Found a matching importer for this file format: Discreet 3DS Importer.
Info,  T5284: Import root directory is 'C:/projects/MM1/extern/assimp-master/assimp-master/test/models/3DS\'
Info,  T5284: 3DS file format version: 3
Warn,  T5284: 3DS: Skipping TCB animation info
Debug, T5284: UpdateImporterScale scale set: 1
Debug, T5284: ValidateDataStructureProcess begin
Debug, T5284: ValidateDataStructureProcess end
Info,  T5284: Load C:/projects/MM1/extern/assimp-master/assimp-master/test/models-nonbsd/3DS/cart_wheel.3DS
Debug, T5284: Assimp 6.0.0 amd64 gcc debug shared singlethreadedsingle : 
Info,  T5284: Found a matching importer for this file format: Discreet 3DS Importer.
Info,  T5284: Import root directory is 'C:/projects/MM1/extern/assimp-master/assimp-master/test/models-nonbsd/3DS\'
Info,  T5284: 3DS file format version: 3
Warn,  T5284: 3DS: Skipping TCB animation info
Debug, T5284: UpdateImporterScale scale set: 1
Debug, T5284: ValidateDataStructureProcess begin
Debug, T5284: ValidateDataStructureProcess end
Info,  T5284: Load C:/projects/MM1/extern/assimp-master/assimp-master/test/models-nonbsd/3DS/Granate.3DS
Debug, T5284: Assimp 6.0.0 amd64 gcc debug shared singlethreadedsingle : 
Info,  T5284: Found a matching importer for this file format: Discreet 3DS Importer.
Info,  T5284: Import root directory is 'C:/projects/MM1/extern/assimp-master/assimp-master/test/models-nonbsd/3DS\'
Info,  T5284: 3DS file format version: 3
Warn,  T5284: 3DS: Skipping TCB animation info
Info,  T5284: 3DS: Generating default material
Debug, T5284: UpdateImporterScale scale set: 1
Debug, T5284: ValidateDataStructureProcess begin
Debug, T5284: ValidateDataStructureProcess end
Info,  T5284: Load C:/projects/MM1/extern/assimp-master/assimp-master/test/models-nonbsd/3DS/jeep1.3ds
Debug, T5284: Assimp 6.0.0 amd64 gcc debug shared singlethreadedsingle : 
Info,  T5284: Found a matching importer for this file format: Discreet 3DS Importer.
Info,  T5284: Import root directory is 'C:/projects/MM1/extern/assimp-master/assimp-master/test/models-nonbsd/3DS\'
Info,  T5284: 3DS file format version: 3
Warn,  T5284: No hierarchy information has been found in the file. 
Debug, T5284: UpdateImporterScale scale set: 1
Debug, T5284: ValidateDataStructureProcess begin
Debug, T5284: ValidateDataStructureProcess end
Info,  T5284: Load C:/projects/MM1/extern/assimp-master/assimp-master/test/models-nonbsd/3DS/mar_rifle.3ds
Debug, T5284: Assimp 6.0.0 amd64 gcc debug shared singlethreadedsingle : 
Info,  T5284: Found a matching importer for this file format: Discreet 3DS Importer.
Info,  T5284: Import root directory is 'C:/projects/MM1/extern/assimp-master/assimp-master/test/models-nonbsd/3DS\'
Info,  T5284: 3DS file format version: 3
Warn,  T5284: 3DS: Skipping TCB animation info
Debug, T5284: UpdateImporterScale scale set: 1
Debug, T5284: ValidateDataStructureProcess begin
Debug, T5284: ValidateDataStructureProcess end
Info,  T5284: Load C:/projects/MM1/extern/assimp-master/assimp-master/test/models-nonbsd/3DS/mp5_sil.3ds
Debug, T5284: Assimp 6.0.0 amd64 gcc debug shared singlethreadedsingle : 
Info,  T5284: Found a matching importer for this file format: Discreet 3DS Importer.
Info,  T5284: Import root directory is 'C:/projects/MM1/extern/assimp-master/assimp-master/test/models-nonbsd/3DS\'
Info,  T5284: 3DS file format version: 3
Warn,  T5284: 3DS: Skipping TCB animation info
Debug, T5284: UpdateImporterScale scale set: 1
Debug, T5284: ValidateDataStructureProcess begin
Debug, T5284: ValidateDataStructureProcess end
Info,  T5284: Load C:/projects/MM1/extern/assimp-master/assimp-master/test/models-nonbsd/3DS/pyramob.3DS
Debug, T5284: Assimp 6.0.0 amd64 gcc debug shared singlethreadedsingle : 
Info,  T5284: Found a matching importer for this file format: Discreet 3DS Importer.
Info,  T5284: Import root directory is 'C:/projects/MM1/extern/assimp-master/assimp-master/test/models-nonbsd/3DS\'
Info,  T5284: 3DS file format version: 3
Warn,  T5284: 3DS: Skipping TCB animation info
Error, T5284: 3DS: Skipping FOV animation track. This is not supported
Warn,  T5284: 3DS: Skipping TCB animation info
Warn,  T5284: 3DS: Ignoring roll track for non-camera object
Warn,  T5284: 3DS: Skipping TCB animation info
Debug, T5284: UpdateImporterScale scale set: 1
Debug, T5284: ValidateDataStructureProcess begin
Debug, T5284: ValidateDataStructureProcess end
Info,  T5284: Load C:/projects/MM1/extern/assimp-master/assimp-master/test/models/3D/box_a.3d
Debug, T5284: Assimp 6.0.0 amd64 gcc debug shared singlethreadedsingle : 
Info,  T5284: Found a matching importer for this file format: Unreal Mesh Importer.
Info,  T5284: Import root directory is 'C:/projects/MM1/extern/assimp-master/assimp-master/test/models/3D\'
Debug, T5284: UNREAL: data file is C:/projects/MM1/extern/assimp-master/assimp-master/test/models/3D/box_d.3d
Debug, T5284: UNREAL: aniv file is C:/projects/MM1/extern/assimp-master/assimp-master/test/models/3D/box_a.3d
Debug, T5284: UNREAL: uc file is C:/projects/MM1/extern/assimp-master/assimp-master/test/models/3D/box.uc
Debug, T5284: MakeLeftHandedProcess begin
Debug, T5284: MakeLeftHandedProcess finished
Debug, T5284: FlipWindingOrderProcess begin
Debug, T5284: FlipWindingOrderProcess finished
Debug, T5284: UpdateImporterScale scale set: 1
Debug, T5284: ValidateDataStructureProcess begin
Debug, T5284: ValidateDataStructureProcess end
Info,  T5284: Load C:/projects/MM1/extern/assimp-master/assimp-master/test/models/3D/box_d.3d
Debug, T5284: Assimp 6.0.0 amd64 gcc debug shared singlethreadedsingle : 
Info,  T5284: Found a matching importer for this file format: Unreal Mesh Importer.
Info,  T5284: Import root directory is 'C:/projects/MM1/extern/assimp-master/assimp-master/test/models/3D\'
Debug, T5284: UNREAL: data file is C:/projects/MM1/extern/assimp-master/assimp-master/test/models/3D/box_d.3d
Debug, T5284: UNREAL: aniv file is C:/projects/MM1/extern/assimp-master/assimp-master/test/models/3D/box_a.3d
Debug, T5284: UNREAL: uc file is C:/projects/MM1/extern/assimp-master/assimp-master/test/models/3D/box.uc
Debug, T5284: MakeLeftHandedProcess begin
Debug, T5284: MakeLeftHandedProcess finished
Debug, T5284: FlipWindingOrderProcess begin
Debug, T5284: FlipWindingOrderProcess finished
Debug, T5284: UpdateImporterScale scale set: 1
Debug, T5284: ValidateDataStructureProcess begin
Debug, T5284: ValidateDataStructureProcess end
Info,  T5284: Load C:/projects/MM1/extern/assimp-master/assimp-master/test/models/3D/box.uc
Debug, T5284: Assimp 6.0.0 amd64 gcc debug shared singlethreadedsingle : 
Info,  T5284: Found a matching importer for this file format: Unreal Mesh Importer.
Info,  T5284: Import root directory is 'C:/projects/MM1/extern/assimp-master/assimp-master/test/models/3D\'
Debug, T5284: UNREAL: data file is C:/projects/MM1/extern/assimp-master/assimp-master/test/models/3D/box_d.3d
Debug, T5284: UNREAL: aniv file is C:/projects/MM1/extern/assimp-master/assimp-master/test/models/3D/box_a.3d
Debug, T5284: UNREAL: uc file is C:/projects/MM1/extern/assimp-master/assimp-master/test/models/3D/box.uc
Debug, T5284: MakeLeftHandedProcess begin
Debug, T5284: MakeLeftHandedProcess finished
Debug, T5284: FlipWindingOrderProcess begin
Debug, T5284: FlipWindingOrderProcess finished
Debug, T5284: UpdateImporterScale scale set: 1
Debug, T5284: ValidateDataStructureProcess begin
Debug, T5284: ValidateDataStructureProcess end
Info,  T5284: Load C:/projects/MM1/extern/assimp-master/assimp-master/test/models-nonbsd/3D/mar_rifle.uc
Debug, T5284: Assimp 6.0.0 amd64 gcc debug shared singlethreadedsingle : 
Info,  T5284: Found a matching importer for this file format: Unreal Mesh Importer.
Info,  T5284: Import root directory is 'C:/projects/MM1/extern/assimp-master/assimp-master/test/models-nonbsd/3D\'
Debug, T5284: UNREAL: data file is C:/projects/MM1/extern/assimp-master/assimp-master/test/models-nonbsd/3D/mar_rifle_d.3d
Debug, T5284: UNREAL: aniv file is C:/projects/MM1/extern/assimp-master/assimp-master/test/models-nonbsd/3D/mar_rifle_a.3d
Debug, T5284: UNREAL: uc file is C:/projects/MM1/extern/assimp-master/assimp-master/test/models-nonbsd/3D/mar_rifle.uc
Debug, T5284: MakeLeftHandedProcess begin
Debug, T5284: MakeLeftHandedProcess finished
Debug, T5284: FlipWindingOrderProcess begin
Debug, T5284: FlipWindingOrderProcess finished
Debug, T5284: UpdateImporterScale scale set: 1
Debug, T5284: ValidateDataStructureProcess begin
Debug, T5284: ValidateDataStructureProcess end
Info,  T5284: Load C:/projects/MM1/extern/assimp-master/assimp-master/test/models-nonbsd/3D/mar_rifle_a.3d
Debug, T5284: Assimp 6.0.0 amd64 gcc debug shared singlethreadedsingle : 
Info,  T5284: Found a matching importer for this file format: Unreal Mesh Importer.
Info,  T5284: Import root directory is 'C:/projects/MM1/extern/assimp-master/assimp-master/test/models-nonbsd/3D\'
Debug, T5284: UNREAL: data file is C:/projects/MM1/extern/assimp-master/assimp-master/test/models-nonbsd/3D/mar_rifle_d.3d
Debug, T5284: UNREAL: aniv file is C:/projects/MM1/extern/assimp-master/assimp-master/test/models-nonbsd/3D/mar_rifle_a.3d
Debug, T5284: UNREAL: uc file is C:/projects/MM1/extern/assimp-master/assimp-master/test/models-nonbsd/3D/mar_rifle.uc
Debug, T5284: MakeLeftHandedProcess begin
Debug, T5284: MakeLeftHandedProcess finished
Debug, T5284: FlipWindingOrderProcess begin
Debug, T5284: FlipWindingOrderProcess finished
Debug, T5284: UpdateImporterScale scale set: 1
Debug, T5284: ValidateDataStructureProcess begin
Debug, T5284: ValidateDataStructureProcess end
Info,  T5284: Load C:/projects/MM1/extern/assimp-master/assimp-master/test/models-nonbsd/3D/mar_rifle_d.3d
Debug, T5284: Assimp 6.0.0 amd64 gcc debug shared singlethreadedsingle : 
Info,  T5284: Found a matching importer for this file format: Unreal Mesh Importer.
Info,  T5284: Import root directory is 'C:/projects/MM1/extern/assimp-master/assimp-master/test/models-nonbsd/3D\'
Debug, T5284: UNREAL: data file is C:/projects/MM1/extern/assimp-master/assimp-master/test/models-nonbsd/3D/mar_rifle_d.3d
Debug, T5284: UNREAL: aniv file is C:/projects/MM1/extern/assimp-master/assimp-master/test/models-nonbsd/3D/mar_rifle_a.3d
Debug, T5284: UNREAL: uc file is C:/projects/MM1/extern/assimp-master/assimp-master/test/models-nonbsd/3D/mar_rifle.uc
Debug, T5284: MakeLeftHandedProcess begin
Debug, T5284: MakeLeftHandedProcess finished
Debug, T5284: FlipWindingOrderProcess begin
Debug, T5284: FlipWindingOrderProcess finished
Debug, T5284: UpdateImporterScale scale set: 1
Debug, T5284: ValidateDataStructureProcess begin
Debug, T5284: ValidateDataStructureProcess end
Info,  T5284: Load $$$___magic___$$$.3ds
Debug, T5284: Assimp 6.0.0 amd64 gcc debug shared singlethreadedsingle : 
Info,  T5284: Found a matching importer for this file format: Discreet 3DS Importer.
Info,  T5284: Import root directory is '.\'
Info,  T5284: 3DS file format version: 3
Warn,  T5284: 3DS: Skipping TCB animation info
Error, T5284: 3DS: Skipping FOV animation track. This is not supported
Warn,  T5284: 3DS: Skipping TCB animation info
Info,  T5284: 3DS: Generating default material
Debug, T5284: 3DS: Converting camera roll track ...
Debug, T5284: UpdateImporterScale scale set: 1
Debug, T5284: ScenePreprocessor: Dummy scaling track has been generated
Debug, T5284: ScenePreprocessor: Setting animation duration
Info,  T5284: Entering post processing pipeline
Debug, T5284: RemoveRedundantMatsProcess begin
Debug, T5284: RemoveRedundantMatsProcess finished 
Debug, T5284: GenUVCoordsProcess begin
Debug, T5284: GenUVCoordsProcess finished
Debug, T5284: TriangulateProcess begin
Debug, T5284: TriangulateProcess finished. There was nothing to be done.
Debug, T5284: FindDegeneratesProcess begin
Debug, T5284: FindDegeneratesProcess finished
Debug, T5284: SortByPTypeProcess begin
Info,  T5284: Points: 0, Lines: 0, Triangles: 1, Polygons: 0 (Meshes, X = removed)
Debug, T5284: SortByPTypeProcess finished
Debug, T5284: FindInvalidDataProcess begin
Info,  T5284: FindInvalidDataProcess finished. Found issues ...
Debug, T5284: SplitLargeMeshesProcess_Triangle begin
Debug, T5284: SplitLargeMeshesProcess_Triangle finished. There was nothing to do
Info,  T5284: SplitLargeMeshesProcess_Triangle finished. Meshes have been split
Debug, T5284: Generate spatially-sorted vertex cache
Debug, T5284: GenVertexNormalsProcess begin
Debug, T5284: GenVertexNormalsProcess finished. Normals are already there
Debug, T5284: CalcTangentsProcess begin
Info,  T5284: CalcTangentsProcess finished. Tangents have been calculated
Debug, T5284: JoinVerticesProcess begin
Debug, T5284: Mesh 0 (0) | Verts in: 36 out: 24 | ~33.3333%
Info,  T5284: JoinVerticesProcess finished | Verts in: 36 out: 24 | ~33.3333
Debug, T5284: SplitLargeMeshesProcess_Vertex begin
Debug, T5284: SplitLargeMeshesProcess_Vertex finished. There was nothing to do
Debug, T5284: LimitBoneWeightsProcess begin
Debug, T5284: LimitBoneWeightsProcess end
Debug, T5284: ImproveCacheLocalityProcess begin
Debug, T5284: Mesh 0| ACMR in: 2 out: 2 | average ACMR 0
Info,  T5284: Cache relevant are 1 meshes (12 faces). Average output ACMR is 2
Debug, T5284: ImproveCacheLocalityProcess finished. 
Info,  T5284: Leaving post processing pipeline
Info,  T5284: Registering custom importer for these file extensions: applelinuxmacwindows
Info,  T5284: Unregistering custom importer: 
Info,  T5284: Load C:/projects/MM1/extern/assimp-master/assimp-master/test/models/X/test.x
Debug, T5284: Assimp 6.0.0 amd64 gcc debug shared singlethreadedsingle : 
Info,  T5284: Found a matching importer for this file format: Direct3D XFile Importer.
Info,  T5284: Import root directory is 'C:/projects/MM1/extern/assimp-master/assimp-master/test/models/X\'
Warn,  T5284: Unknown data object in mesh in x file
Debug, T5284: MakeLeftHandedProcess begin
Debug, T5284: MakeLeftHandedProcess finished
Debug, T5284: FlipWindingOrderProcess begin
Debug, T5284: FlipWindingOrderProcess finished
Debug, T5284: UpdateImporterScale scale set: 1
Debug, T5284: ValidateDataStructureProcess begin
Debug, T5284: ValidateDataStructureProcess end
Info,  T5284: Entering post processing pipeline
Debug, T5284: RemoveRedundantMatsProcess begin
Debug, T5284: RemoveRedundantMatsProcess finished 
Debug, T5284: OptimizeGraphProcess begin
Debug, T5284: OptimizeGraphProcess finished
Debug, T5284: GenUVCoordsProcess begin
Debug, T5284: GenUVCoordsProcess finished
Debug, T5284: TriangulateProcess begin
Debug, T5284: TriangulateProcess finished. There was nothing to be done.
Debug, T5284: FindDegeneratesProcess begin
Debug, T5284: FindDegeneratesProcess finished
Debug, T5284: SortByPTypeProcess begin
Info,  T5284: Points: 0, Lines: 0, Triangles: 1, Polygons: 0 (Meshes, X = removed)
Debug, T5284: SortByPTypeProcess finished
Debug, T5284: FindInvalidDataProcess begin
Info,  T5284: FindInvalidDataProcess finished. Found issues ...
Debug, T5284: Skipping OptimizeMeshesProcess
Debug, T5284: Generate spatially-sorted vertex cache
Debug, T5284: GenVertexNormalsProcess begin
Debug, T5284: GenVertexNormalsProcess finished. Normals are already there
Debug, T5284: JoinVerticesProcess begin
Debug, T5284: Mesh 0 (pCube1) | Verts in: 36 out: 24 | ~33.3333%
Info,  T5284: JoinVerticesProcess finished | Verts in: 36 out: 24 | ~33.3333
Info,  T5284: Leaving post processing pipeline
Info,  T5284: Load C:/projects/MM1/extern/assimp-master/assimp-master/test/models/X/Testwuson.X
Debug, T5284: Assimp 6.0.0 amd64 gcc debug shared singlethreadedsingle : 
Debug, T5284: (Deleting previous scene)
Info,  T5284: Found a matching importer for this file format: Direct3D XFile Importer.
Info,  T5284: Import root directory is 'C:/projects/MM1/extern/assimp-master/assimp-master/test/models/X\'
Warn,  T5284: Unknown data object in animation of .x file
Warn,  T5284: Unknown data object in frame in x file
Debug, T5284: MakeLeftHandedProcess begin
Debug, T5284: MakeLeftHandedProcess finished
Debug, T5284: FlipWindingOrderProcess begin
Debug, T5284: FlipWindingOrderProcess finished
Debug, T5284: UpdateImporterScale scale set: 1
Debug, T5284: ValidateDataStructureProcess begin
Debug, T5284: ValidateDataStructureProcess end
Info,  T5284: Entering post processing pipeline
Debug, T5284: RemoveRedundantMatsProcess begin
Debug, T5284: RemoveRedundantMatsProcess finished 
Debug, T5284: OptimizeGraphProcess begin
Debug, T5284: OptimizeGraphProcess finished
Debug, T5284: GenUVCoordsProcess begin
Debug, T5284: GenUVCoordsProcess finished
Debug, T5284: TriangulateProcess begin
Debug, T5284: TriangulateProcess finished. There was nothing to be done.
Debug, T5284: FindDegeneratesProcess begin
Debug, T5284: FindDegeneratesProcess finished
Debug, T5284: SortByPTypeProcess begin
Info,  T5284: Points: 0, Lines: 0, Triangles: 1, Polygons: 0 (Meshes, X = removed)
Debug, T5284: SortByPTypeProcess finished
Debug, T5284: FindInvalidDataProcess begin
Info,  T5284: FindInvalidDataProcess finished. Found issues ...
Debug, T5284: Skipping OptimizeMeshesProcess
Debug, T5284: Generate spatially-sorted vertex cache
Debug, T5284: GenVertexNormalsProcess begin
Debug, T5284: GenVertexNormalsProcess finished. Normals are already there
Debug, T5284: JoinVerticesProcess begin
Debug, T5284: Mesh 0 (Wuson) | Verts in: 11196 out: 3205 | ~71.3737%
Info,  T5284: JoinVerticesProcess finished | Verts in: 11196 out: 3205 | ~71.3737
Info,  T5284: Leaving post processing pipeline
Info,  T5284: Load C:/projects/MM1/extern/assimp-master/assimp-master/test/models/X/anim_test.x
Debug, T5284: Assimp 6.0.0 amd64 gcc debug shared singlethreadedsingle : 
Debug, T5284: (Deleting previous scene)
Info,  T5284: Found a matching importer for this file format: Direct3D XFile Importer.
Info,  T5284: Import root directory is 'C:/projects/MM1/extern/assimp-master/assimp-master/test/models/X\'
Warn,  T5284: Length of texture file name is zero. Skipping this texture.
Warn,  T5284: Unknown data object in mesh in x file
Debug, T5284: MakeLeftHandedProcess begin
Debug, T5284: MakeLeftHandedProcess finished
Debug, T5284: FlipWindingOrderProcess begin
Debug, T5284: FlipWindingOrderProcess finished
Debug, T5284: UpdateImporterScale scale set: 1
Debug, T5284: ValidateDataStructureProcess begin
Debug, T5284: ValidateDataStructureProcess end
Info,  T5284: Entering post processing pipeline
Debug, T5284: RemoveRedundantMatsProcess begin
Debug, T5284: RemoveRedundantMatsProcess finished 
Debug, T5284: OptimizeGraphProcess begin
Debug, T5284: OptimizeGraphProcess finished
Debug, T5284: GenUVCoordsProcess begin
Debug, T5284: GenUVCoordsProcess finished
Debug, T5284: TriangulateProcess begin
Debug, T5284: TriangulateProcess finished. There was nothing to be done.
Debug, T5284: FindDegeneratesProcess begin
Debug, T5284: FindDegeneratesProcess finished
Debug, T5284: SortByPTypeProcess begin
Info,  T5284: Points: 0, Lines: 0, Triangles: 1, Polygons: 0 (Meshes, X = removed)
Debug, T5284: SortByPTypeProcess finished
Debug, T5284: FindInvalidDataProcess begin
Warn,  T5284: Simplified dummy tracks with just one key
Info,  T5284: FindInvalidDataProcess finished. Found issues ...
Debug, T5284: Skipping OptimizeMeshesProcess
Debug, T5284: Generate spatially-sorted vertex cache
Debug, T5284: GenVertexNormalsProcess begin
Debug, T5284: GenVertexNormalsProcess finished. Normals are already there
Debug, T5284: JoinVerticesProcess begin
Debug, T5284: Mesh 0 (pCylinder1) | Verts in: 2520 out: 485 | ~80.754%
Info,  T5284: JoinVerticesProcess finished | Verts in: 2520 out: 485 | ~80.754
Info,  T5284: Leaving post processing pipeline
Info,  T5284: Load C:/projects/MM1/extern/assimp-master/assimp-master/test/models/X/anim_test.x
Debug, T5284: Assimp 6.0.0 amd64 gcc debug shared singlethreadedsingle : 
Debug, T5284: (Deleting previous scene)
Info,  T5284: Found a matching importer for this file format: Direct3D XFile Importer.
Info,  T5284: Import root directory is 'C:/projects/MM1/extern/assimp-master/assimp-master/test/models/X\'
Warn,  T5284: Length of texture file name is zero. Skipping this texture.
Warn,  T5284: Unknown data object in mesh in x file
Debug, T5284: MakeLeftHandedProcess begin
Debug, T5284: MakeLeftHandedProcess finished
Debug, T5284: FlipWindingOrderProcess begin
Debug, T5284: FlipWindingOrderProcess finished
Debug, T5284: UpdateImporterScale scale set: 1
Debug, T5284: ValidateDataStructureProcess begin
Debug, T5284: ValidateDataStructureProcess end
Info,  T5284: Entering post processing pipeline
Debug, T5284: RemoveRedundantMatsProcess begin
Debug, T5284: RemoveRedundantMatsProcess finished 
Debug, T5284: OptimizeGraphProcess begin
Debug, T5284: OptimizeGraphProcess finished
Debug, T5284: GenUVCoordsProcess begin
Debug, T5284: GenUVCoordsProcess finished
Debug, T5284: TriangulateProcess begin
Debug, T5284: TriangulateProcess finished. There was nothing to be done.
Debug, T5284: FindDegeneratesProcess begin
Debug, T5284: FindDegeneratesProcess finished
Debug, T5284: SortByPTypeProcess begin
Info,  T5284: Points: 0, Lines: 0, Triangles: 1, Polygons: 0 (Meshes, X = removed)
Debug, T5284: SortByPTypeProcess finished
Debug, T5284: FindInvalidDataProcess begin
Warn,  T5284: Simplified dummy tracks with just one key
Info,  T5284: FindInvalidDataProcess finished. Found issues ...
Debug, T5284: Skipping OptimizeMeshesProcess
Debug, T5284: Generate spatially-sorted vertex cache
Debug, T5284: GenVertexNormalsProcess begin
Debug, T5284: GenVertexNormalsProcess finished. Normals are already there
Debug, T5284: JoinVerticesProcess begin
Debug, T5284: Mesh 0 (pCylinder1) | Verts in: 2520 out: 485 | ~80.754%
Info,  T5284: JoinVerticesProcess finished | Verts in: 2520 out: 485 | ~80.754
Info,  T5284: Leaving post processing pipeline
Info,  T5284: Load C:/projects/MM1/extern/assimp-master/assimp-master/test/models/X/BCN_Epileptic.X
Debug, T5284: Assimp 6.0.0 amd64 gcc debug shared singlethreadedsingle : 
Debug, T5284: (Deleting previous scene)
Info,  T5284: Found a matching importer for this file format: Direct3D XFile Importer.
Info,  T5284: Import root directory is 'C:/projects/MM1/extern/assimp-master/assimp-master/test/models/X\'
Warn,  T5284: Unknown data object in animation of .x file
Warn,  T5284: Unknown data object in frame in x file
Debug, T5284: MakeLeftHandedProcess begin
Debug, T5284: MakeLeftHandedProcess finished
Debug, T5284: FlipWindingOrderProcess begin
Debug, T5284: FlipWindingOrderProcess finished
Debug, T5284: UpdateImporterScale scale set: 1
Debug, T5284: ValidateDataStructureProcess begin
Debug, T5284: ValidateDataStructureProcess end
Info,  T5284: Entering post processing pipeline
Debug, T5284: RemoveRedundantMatsProcess begin
Debug, T5284: RemoveRedundantMatsProcess finished 
Debug, T5284: OptimizeGraphProcess begin
Debug, T5284: OptimizeGraphProcess finished
Debug, T5284: GenUVCoordsProcess begin
Debug, T5284: GenUVCoordsProcess finished
Debug, T5284: TriangulateProcess begin
Debug, T5284: TriangulateProcess finished. There was nothing to be done.
Debug, T5284: FindDegeneratesProcess begin
Debug, T5284: FindDegeneratesProcess finished
Debug, T5284: SortByPTypeProcess begin
Info,  T5284: Points: 0, Lines: 0, Triangles: 3, Polygons: 0 (Meshes, X = removed)
Debug, T5284: SortByPTypeProcess finished
Debug, T5284: FindInvalidDataProcess begin
Info,  T5284: FindInvalidDataProcess finished. Found issues ...
Debug, T5284: OptimizeMeshesProcess begin
Debug, T5284: OptimizeMeshesProcess finished
Debug, T5284: Generate spatially-sorted vertex cache
Debug, T5284: GenVertexNormalsProcess begin
Debug, T5284: GenVertexNormalsProcess finished. Normals are already there
Debug, T5284: JoinVerticesProcess begin
Debug, T5284: Mesh 0 (Torso) | Verts in: 5898 out: 1170 | ~80.1628%
Debug, T5284: Mesh 1 (Head) | Verts in: 6108 out: 1196 | ~80.4191%
Debug, T5284: Mesh 2 (Legs) | Verts in: 3372 out: 648 | ~80.7829%
Info,  T5284: JoinVerticesProcess finished | Verts in: 15378 out: 3014 | ~80.4006
Info,  T5284: Leaving post processing pipeline
Info,  T5284: Registering custom importer for these file extensions: fail
Info,  T5284: Load deadlyImportError.fail
Debug, T5284: Assimp 6.0.0 amd64 gcc debug shared singlethreadedsingle : 
Info,  T5284: Found a matching importer for this file format: Failing importer.
Info,  T5284: Import root directory is './'
Error, T5284: Deadly import error test. Details: 42 More Details: Failure
Info,  T5284: Registering custom importer for these file extensions: fail
Info,  T5284: Load stdException.fail
Debug, T5284: Assimp 6.0.0 amd64 gcc debug shared singlethreadedsingle : 
Info,  T5284: Found a matching importer for this file format: Failing importer.
Info,  T5284: Import root directory is './'
Error, T5284: std::exception test
Info,  T5284: Registering custom importer for these file extensions: fail
Info,  T5284: Load unexpectedException.fail
Debug, T5284: Assimp 6.0.0 amd64 gcc debug shared singlethreadedsingle : 
Info,  T5284: Found a matching importer for this file format: Failing importer.
Info,  T5284: Import root directory is './'
Info,  T5284: Load C:/projects/MM1/extern/assimp-master/assimp-master/test/models/FBX/spider.fbx
Debug, T5284: Assimp 6.0.0 amd64 gcc debug shared singlethreadedsingle : 
Info,  T5284: Found a matching importer for this file format: Autodesk FBX Importer.
Info,  T5284: Import root directory is 'C:/projects/MM1/extern/assimp-master/assimp-master/test/models/FBX\'
Debug, T5284: Reading FBX file
Debug, T5284: Tokenizing binary FBX file
Debug, T5284: FBX version: 7400
Debug, T5284: Parsing FBX tokens
Debug, T5284: Creating FBX Document
Debug, T5284: FBX Version: 7400
Debug, T5284: UpdateImporterScale scale set: 0.01
Debug, T5284: ValidateDataStructureProcess begin
Debug, T5284: ValidateDataStructureProcess end
Info,  T5284: Load C:/projects/MM1/extern/assimp-master/assimp-master/test/models/FBX/box.fbx
Debug, T5284: Assimp 6.0.0 amd64 gcc debug shared singlethreadedsingle : 
Info,  T5284: Found a matching importer for this file format: Autodesk FBX Importer.
Info,  T5284: Import root directory is 'C:/projects/MM1/extern/assimp-master/assimp-master/test/models/FBX\'
Debug, T5284: Reading FBX file
Debug, T5284: Tokenizing binary FBX file
Debug, T5284: FBX version: 7400
Debug, T5284: Parsing FBX tokens
Debug, T5284: Creating FBX Document
Debug, T5284: FBX Version: 7400
Warn,  T5284: FBX: missing data element: UV
Info,  T5284: FBX: generating full transformation chain for node: root
Debug, T5284: UpdateImporterScale scale set: 1
Debug, T5284: ValidateDataStructureProcess begin
Debug, T5284: ValidateDataStructureProcess end
Info,  T5284: Load C:/projects/MM1/extern/assimp-master/assimp-master/test/models/FBX/cubes_nonames.fbx
Debug, T5284: Assimp 6.0.0 amd64 gcc debug shared singlethreadedsingle : 
Info,  T5284: Found a matching importer for this file format: Autodesk FBX Importer.
Info,  T5284: Import root directory is 'C:/projects/MM1/extern/assimp-master/assimp-master/test/models/FBX\'
Debug, T5284: Reading FBX file
Debug, T5284: Tokenizing ASCII FBX file
Debug, T5284: Parsing FBX tokens
Debug, T5284: Creating FBX Document
Debug, T5284: FBX Version: 7500
Warn,  T5284: FBX-DOM: unsupported, newer format version, supported are only FBX 2011, FBX 2012 and FBX 2013, trying to read it nevertheless
Info,  T5284: FBX: ignoring empty AnimationStack (using IK?): Take 001
Debug, T5284: UpdateImporterScale scale set: 0.01
Debug, T5284: ValidateDataStructureProcess begin
Debug, T5284: ValidateDataStructureProcess end
Info,  T5284: Load C:/projects/MM1/extern/assimp-master/assimp-master/test/models/FBX/cubes_with_names.fbx
Debug, T5284: Assimp 6.0.0 amd64 gcc debug shared singlethreadedsingle : 
Info,  T5284: Found a matching importer for this file format: Autodesk FBX Importer.
Info,  T5284: Import root directory is 'C:/projects/MM1/extern/assimp-master/assimp-master/test/models/FBX\'
Debug, T5284: Reading FBX file
Debug, T5284: Tokenizing ASCII FBX file
Debug, T5284: Parsing FBX tokens
Debug, T5284: Creating FBX Document
Debug, T5284: FBX Version: 7500
Warn,  T5284: FBX-DOM: unsupported, newer format version, supported are only FBX 2011, FBX 2012 and FBX 2013, trying to read it nevertheless
Info,  T5284: FBX: ignoring empty AnimationStack (using IK?): Take 001
Debug, T5284: UpdateImporterScale scale set: 0.01
Debug, T5284: ValidateDataStructureProcess begin
Debug, T5284: ValidateDataStructureProcess end
Info,  T5284: Load C:/projects/MM1/extern/assimp-master/assimp-master/test/models/FBX/cubes_with_mirroring_and_pivot.fbx
Debug, T5284: Assimp 6.0.0 amd64 gcc debug shared singlethreadedsingle : 
Info,  T5284: Found a matching importer for this file format: Autodesk FBX Importer.
Info,  T5284: Import root directory is 'C:/projects/MM1/extern/assimp-master/assimp-master/test/models/FBX\'
Debug, T5284: Reading FBX file
Debug, T5284: Tokenizing ASCII FBX file
Debug, T5284: Parsing FBX tokens
Debug, T5284: Creating FBX Document
Debug, T5284: FBX Version: 7500
Warn,  T5284: FBX-DOM: unsupported, newer format version, supported are only FBX 2011, FBX 2012 and FBX 2013, trying to read it nevertheless
Info,  T5284: FBX: ignoring empty AnimationStack (using IK?): Take 001
Info,  T5284: FBX: generating full transformation chain for node: Cube1
Debug, T5284: UpdateImporterScale scale set: 1
Debug, T5284: ValidateDataStructureProcess begin
Debug, T5284: ValidateDataStructureProcess end
Info,  T5284: Load C:/projects/MM1/extern/assimp-master/assimp-master/test/models/FBX/close_to_identity_transforms.fbx
Debug, T5284: Assimp 6.0.0 amd64 gcc debug shared singlethreadedsingle : 
Info,  T5284: Found a matching importer for this file format: Autodesk FBX Importer.
Info,  T5284: Import root directory is 'C:/projects/MM1/extern/assimp-master/assimp-master/test/models/FBX\'
Debug, T5284: Reading FBX file
Debug, T5284: Tokenizing ASCII FBX file
Debug, T5284: Parsing FBX tokens
Debug, T5284: Creating FBX Document
Debug, T5284: FBX Version: 7500
Warn,  T5284: FBX-DOM: unsupported, newer format version, supported are only FBX 2011, FBX 2012 and FBX 2013, trying to read it nevertheless
Info,  T5284: FBX: ignoring empty AnimationStack (using IK?): Take 001
Info,  T5284: FBX: generating full transformation chain for node: Cube1
Debug, T5284: UpdateImporterScale scale set: 1
Debug, T5284: ValidateDataStructureProcess begin
Debug, T5284: ValidateDataStructureProcess end
Info,  T5284: Load C:/projects/MM1/extern/assimp-master/assimp-master/test/models/FBX/phong_cube.fbx
Debug, T5284: Assimp 6.0.0 amd64 gcc debug shared singlethreadedsingle : 
Info,  T5284: Found a matching importer for this file format: Autodesk FBX Importer.
Info,  T5284: Import root directory is 'C:/projects/MM1/extern/assimp-master/assimp-master/test/models/FBX\'
Debug, T5284: Reading FBX file
Debug, T5284: Tokenizing binary FBX file
Debug, T5284: FBX version: 7400
Debug, T5284: Parsing FBX tokens
Debug, T5284: Creating FBX Document
Debug, T5284: FBX Version: 7400
Warn,  T5284: FBX-DOM (TOK_KEY, offset 0x4190) source object for connection does not exist
Debug, T5284: UpdateImporterScale scale set: 0.01
Debug, T5284: ValidateDataStructureProcess begin
Debug, T5284: ValidateDataStructureProcess end
Info,  T5284: Load C:/projects/MM1/extern/assimp-master/assimp-master/test/models/FBX/global_settings.fbx
Debug, T5284: Assimp 6.0.0 amd64 gcc debug shared singlethreadedsingle : 
Info,  T5284: Found a matching importer for this file format: Autodesk FBX Importer.
Info,  T5284: Import root directory is 'C:/projects/MM1/extern/assimp-master/assimp-master/test/models/FBX\'
Debug, T5284: Reading FBX file
Debug, T5284: Tokenizing binary FBX file
Debug, T5284: FBX version: 7400
Debug, T5284: Parsing FBX tokens
Debug, T5284: Creating FBX Document
Debug, T5284: FBX Version: 7400
Error, T5284: FBX: no material assigned to mesh, setting default material
Debug, T5284: UpdateImporterScale scale set: 5
Debug, T5284: ValidateDataStructureProcess begin
Debug, T5284: ValidateDataStructureProcess end
Info,  T5284: Load C:/projects/MM1/extern/assimp-master/assimp-master/test/models/FBX/embedded_ascii/box.FBX
Debug, T5284: Assimp 6.0.0 amd64 gcc debug shared singlethreadedsingle : 
Info,  T5284: Found a matching importer for this file format: Autodesk FBX Importer.
Info,  T5284: Import root directory is 'C:/projects/MM1/extern/assimp-master/assimp-master/test/models/FBX/embedded_ascii\'
Debug, T5284: Reading FBX file
Debug, T5284: Tokenizing ASCII FBX file
Debug, T5284: Parsing FBX tokens
Debug, T5284: Creating FBX Document
Debug, T5284: FBX Version: 7400
Debug, T5284: UpdateImporterScale scale set: 1
Debug, T5284: ValidateDataStructureProcess begin
Warn,  T5284: Validation warning: A specular shading model is specified but the value of the AI_MATKEY_SHININESS_STRENGTH key is 0.0
Debug, T5284: ValidateDataStructureProcess end
Info,  T5284: Load C:/projects/MM1/extern/assimp-master/assimp-master/test/models/FBX/embedded_ascii/box_embedded_texture_fragmented.fbx
Debug, T5284: Assimp 6.0.0 amd64 gcc debug shared singlethreadedsingle : 
Info,  T5284: Found a matching importer for this file format: Autodesk FBX Importer.
Info,  T5284: Import root directory is 'C:/projects/MM1/extern/assimp-master/assimp-master/test/models/FBX/embedded_ascii\'
Debug, T5284: Reading FBX file
Debug, T5284: Tokenizing ASCII FBX file
Debug, T5284: Parsing FBX tokens
Debug, T5284: Creating FBX Document
Debug, T5284: FBX Version: 7500
Warn,  T5284: FBX-DOM: unsupported, newer format version, supported are only FBX 2011, FBX 2012 and FBX 2013, trying to read it nevertheless
Error, T5284: FBX: ignoring additional binormal layer
Error, T5284: FBX: ignoring additional tangent layer
Info,  T5284: FBX: ignoring empty AnimationStack (using IK?): Take 001
Debug, T5284: UpdateImporterScale scale set: 1
Debug, T5284: ValidateDataStructureProcess begin
Debug, T5284: ValidateDataStructureProcess end
Info,  T5284: Load C:/projects/MM1/extern/assimp-master/assimp-master/test/models/FBX/box_orphant_embedded_texture.fbx
Debug, T5284: Assimp 6.0.0 amd64 gcc debug shared singlethreadedsingle : 
Info,  T5284: Found a matching importer for this file format: Autodesk FBX Importer.
Info,  T5284: Import root directory is 'C:/projects/MM1/extern/assimp-master/assimp-master/test/models/FBX\'
Debug, T5284: Reading FBX file
Debug, T5284: Tokenizing ASCII FBX file
Debug, T5284: Parsing FBX tokens
Debug, T5284: Creating FBX Document
Debug, T5284: FBX Version: 7500
Warn,  T5284: FBX-DOM: unsupported, newer format version, supported are only FBX 2011, FBX 2012 and FBX 2013, trying to read it nevertheless
Error, T5284: FBX: ignoring additional binormal layer
Error, T5284: FBX: ignoring additional tangent layer
Info,  T5284: FBX: ignoring empty AnimationStack (using IK?): Take 001
Debug, T5284: UpdateImporterScale scale set: 1
Debug, T5284: ValidateDataStructureProcess begin
Debug, T5284: ValidateDataStructureProcess end
Info,  T5284: Load C:/projects/MM1/extern/assimp-master/assimp-master/test/models/FBX/global_settings.fbx
Debug, T5284: Assimp 6.0.0 amd64 gcc debug shared singlethreadedsingle : 
Info,  T5284: Found a matching importer for this file format: Autodesk FBX Importer.
Info,  T5284: Import root directory is 'C:/projects/MM1/extern/assimp-master/assimp-master/test/models/FBX\'
Debug, T5284: Reading FBX file
Debug, T5284: Tokenizing binary FBX file
Debug, T5284: FBX version: 7400
Debug, T5284: Parsing FBX tokens
Debug, T5284: Creating FBX Document
Debug, T5284: FBX Version: 7400
Error, T5284: FBX: no material assigned to mesh, setting default material
Debug, T5284: UpdateImporterScale scale set: 5
Debug, T5284: ValidateDataStructureProcess begin
Debug, T5284: ValidateDataStructureProcess end
Info,  T5284: Load C:/projects/MM1/extern/assimp-master/assimp-master/test/models/FBX/embedded_ascii/box.FBX
Debug, T5284: Assimp 6.0.0 amd64 gcc debug shared singlethreadedsingle : 
Info,  T5284: Found a matching importer for this file format: Autodesk FBX Importer.
Info,  T5284: Import root directory is 'C:/projects/MM1/extern/assimp-master/assimp-master/test/models/FBX/embedded_ascii\'
Debug, T5284: Reading FBX file
Debug, T5284: Tokenizing ASCII FBX file
Debug, T5284: Parsing FBX tokens
Debug, T5284: Creating FBX Document
Debug, T5284: FBX Version: 7400
Debug, T5284: UpdateImporterScale scale set: 1
Debug, T5284: ValidateDataStructureProcess begin
Warn,  T5284: Validation warning: A specular shading model is specified but the value of the AI_MATKEY_SHININESS_STRENGTH key is 0.0
Debug, T5284: ValidateDataStructureProcess end
Info,  T5284: Load C:/projects/MM1/extern/assimp-master/assimp-master/test/models/FBX/embedded_ascii/box.FBX
Debug, T5284: Assimp 6.0.0 amd64 gcc debug shared singlethreadedsingle : 
Info,  T5284: Found a matching importer for this file format: Autodesk FBX Importer.
Info,  T5284: Import root directory is 'C:/projects/MM1/extern/assimp-master/assimp-master/test/models/FBX/embedded_ascii\'
Debug, T5284: Reading FBX file
Debug, T5284: Tokenizing ASCII FBX file
Debug, T5284: Parsing FBX tokens
Debug, T5284: Creating FBX Document
Debug, T5284: FBX Version: 7400
Debug, T5284: UpdateImporterScale scale set: 1
Debug, T5284: ValidateDataStructureProcess begin
Warn,  T5284: Validation warning: A specular shading model is specified but the value of the AI_MATKEY_SHININESS_STRENGTH key is 0.0
Debug, T5284: ValidateDataStructureProcess end
Info,  T5284: Load C:/projects/MM1/extern/assimp-master/assimp-master/test/models/FBX/cubes_with_outofrange_float.fbx
Debug, T5284: Assimp 6.0.0 amd64 gcc debug shared singlethreadedsingle : 
Info,  T5284: Found a matching importer for this file format: Autodesk FBX Importer.
Info,  T5284: Import root directory is 'C:/projects/MM1/extern/assimp-master/assimp-master/test/models/FBX\'
Debug, T5284: Reading FBX file
Debug, T5284: Tokenizing ASCII FBX file
Debug, T5284: Parsing FBX tokens
Debug, T5284: Creating FBX Document
Debug, T5284: FBX Version: 7500
Warn,  T5284: FBX-DOM: unsupported, newer format version, supported are only FBX 2011, FBX 2012 and FBX 2013, trying to read it nevertheless
Info,  T5284: FBX: ignoring empty AnimationStack (using IK?): Take 001
Debug, T5284: UpdateImporterScale scale set: 0.01
Debug, T5284: ValidateDataStructureProcess begin
Debug, T5284: ValidateDataStructureProcess end
Info,  T5284: Load C:/projects/MM1/extern/assimp-master/assimp-master/test/models/FBX/maxPbrMaterial_metalRough.fbx
Debug, T5284: Assimp 6.0.0 amd64 gcc debug shared singlethreadedsingle : 
Info,  T5284: Found a matching importer for this file format: Autodesk FBX Importer.
Info,  T5284: Import root directory is 'C:/projects/MM1/extern/assimp-master/assimp-master/test/models/FBX\'
Debug, T5284: Reading FBX file
Debug, T5284: Tokenizing ASCII FBX file
Debug, T5284: Parsing FBX tokens
Debug, T5284: Creating FBX Document
Debug, T5284: FBX Version: 7700
Warn,  T5284: FBX-DOM: unsupported, newer format version, supported are only FBX 2011, FBX 2012 and FBX 2013, trying to read it nevertheless
Warn,  T5284: FBX-DOM (TOK_KEY, line 340, col 13) shading mode not recognized: unknown
Info,  T5284: FBX: generating full transformation chain for node: Box001
Debug, T5284: UpdateImporterScale scale set: 1
Debug, T5284: ValidateDataStructureProcess begin
Debug, T5284: ValidateDataStructureProcess end
Info,  T5284: Load C:/projects/MM1/extern/assimp-master/assimp-master/test/models/FBX/maxPbrMaterial_specGloss.fbx
Debug, T5284: Assimp 6.0.0 amd64 gcc debug shared singlethreadedsingle : 
Info,  T5284: Found a matching importer for this file format: Autodesk FBX Importer.
Info,  T5284: Import root directory is 'C:/projects/MM1/extern/assimp-master/assimp-master/test/models/FBX\'
Debug, T5284: Reading FBX file
Debug, T5284: Tokenizing ASCII FBX file
Debug, T5284: Parsing FBX tokens
Debug, T5284: Creating FBX Document
Debug, T5284: FBX Version: 7700
Warn,  T5284: FBX-DOM: unsupported, newer format version, supported are only FBX 2011, FBX 2012 and FBX 2013, trying to read it nevertheless
Warn,  T5284: FBX-DOM (TOK_KEY, line 340, col 13) shading mode not recognized: unknown
Info,  T5284: FBX: generating full transformation chain for node: Box001
Debug, T5284: UpdateImporterScale scale set: 1
Debug, T5284: ValidateDataStructureProcess begin
Debug, T5284: ValidateDataStructureProcess end
Info,  T5284: Load C:/projects/MM1/extern/assimp-master/assimp-master/test/models/FBX/animation_with_skeleton.fbx
Debug, T5284: Assimp 6.0.0 amd64 gcc debug shared singlethreadedsingle : 
Info,  T5284: Found a matching importer for this file format: Autodesk FBX Importer.
Info,  T5284: Import root directory is 'C:/projects/MM1/extern/assimp-master/assimp-master/test/models/FBX\'
Debug, T5284: Reading FBX file
Debug, T5284: Tokenizing binary FBX file
Debug, T5284: FBX version: 7400
Debug, T5284: Parsing FBX tokens
Debug, T5284: Creating FBX Document
Debug, T5284: FBX Version: 7400
Debug, T5284: created new bone Bone.013. Deformer: Model::Bone.013
Debug, T5284: bone research: Indices size: 1152
Debug, T5284: created new bone Bone.012. Deformer: Model::Bone.012
Debug, T5284: bone research: Indices size: 1568
Debug, T5284: created new bone Bone.011. Deformer: Model::Bone.011
Debug, T5284: bone research: Indices size: 1824
Debug, T5284: created new bone Bone.010. Deformer: Model::Bone.010
Debug, T5284: bone research: Indices size: 1472
Debug, T5284: created new bone Bone.009. Deformer: Model::Bone.009
Debug, T5284: bone research: Indices size: 1472
Debug, T5284: created new bone Bone.008. Deformer: Model::Bone.008
Debug, T5284: bone research: Indices size: 1472
Debug, T5284: created new bone Bone.007. Deformer: Model::Bone.007
Debug, T5284: bone research: Indices size: 1472
Debug, T5284: created new bone Bone.006. Deformer: Model::Bone.006
Debug, T5284: bone research: Indices size: 1472
Debug, T5284: created new bone Bone.005. Deformer: Model::Bone.005
Debug, T5284: bone research: Indices size: 2240
Debug, T5284: created new bone Bone.004. Deformer: Model::Bone.004
Debug, T5284: bone research: Indices size: 1824
Debug, T5284: created new bone Bone.003. Deformer: Model::Bone.003
Debug, T5284: bone research: Indices size: 1568
Debug, T5284: created new bone Bone.002. Deformer: Model::Bone.002
Debug, T5284: bone research: Indices size: 1056
Debug, T5284: created new bone Bone.001. Deformer: Model::Bone.001
Debug, T5284: bone research: Indices size: 147
Debug, T5284: created new bone Bone. Deformer: Model::Bone
Debug, T5284: bone research: Indices size: 1312
Debug, T5284: UpdateImporterScale scale set: 0.01
Debug, T5284: ValidateDataStructureProcess begin
Warn,  T5284: Validation warning: aiMesh::mVertices[0]: bone weight sum != 1.0 (sum is 1.207445)
Warn,  T5284: Validation warning: aiMesh::mVertices[1]: bone weight sum != 1.0 (sum is 1.135677)
Warn,  T5284: Validation warning: aiMesh::mVertices[2]: bone weight sum != 1.0 (sum is 1.086919)
Warn,  T5284: Validation warning: aiMesh::mVertices[3]: bone weight sum != 1.0 (sum is 1.134417)
Warn,  T5284: Validation warning: aiMesh::mVertices[4]: bone weight sum != 1.0 (sum is 1.135677)
Warn,  T5284: Validation warning: aiMesh::mVertices[5]: bone weight sum != 1.0 (sum is 1.063908)
Warn,  T5284: Validation warning: aiMesh::mVertices[7]: bone weight sum != 1.0 (sum is 1.086919)
Warn,  T5284: Validation warning: aiMesh::mVertices[8]: bone weight sum != 1.0 (sum is 1.134417)
Warn,  T5284: Validation warning: aiMesh::mVertices[9]: bone weight sum != 1.0 (sum is 1.086919)
Warn,  T5284: Validation warning: aiMesh::mVertices[11]: bone weight sum != 1.0 (sum is 1.061388)
Warn,  T5284: Validation warning: aiMesh::mVertices[12]: bone weight sum != 1.0 (sum is 1.086919)
Warn,  T5284: Validation warning: aiMesh::mVertices[16]: bone weight sum != 1.0 (sum is 1.376512)
Warn,  T5284: Validation warning: aiMesh::mVertices[17]: bone weight sum != 1.0 (sum is 1.280473)
Warn,  T5284: Validation warning: aiMesh::mVertices[18]: bone weight sum != 1.0 (sum is 1.207445)
Warn,  T5284: Validation warning: aiMesh::mVertices[19]: bone weight sum != 1.0 (sum is 1.279213)
Warn,  T5284: Validation warning: aiMesh::mVertices[20]: bone weight sum != 1.0 (sum is 1.280473)
Warn,  T5284: Validation warning: aiMesh::mVertices[21]: bone weight sum != 1.0 (sum is 1.184434)
Warn,  T5284: Validation warning: aiMesh::mVertices[22]: bone weight sum != 1.0 (sum is 1.135677)
Warn,  T5284: Validation warning: aiMesh::mVertices[23]: bone weight sum != 1.0 (sum is 1.207445)
Warn,  T5284: Validation warning: aiMesh::mVertices[24]: bone weight sum != 1.0 (sum is 1.184434)
Warn,  T5284: Validation warning: aiMesh::mVertices[25]: bone weight sum != 1.0 (sum is 1.088396)
Warn,  T5284: Validation warning: aiMesh::mVertices[26]: bone weight sum != 1.0 (sum is 1.063908)
Warn,  T5284: Validation warning: aiMesh::mVertices[27]: bone weight sum != 1.0 (sum is 1.135677)
Warn,  T5284: Validation warning: aiMesh::mVertices[28]: bone weight sum != 1.0 (sum is 1.088396)
Warn,  T5284: Validation warning: aiMesh::mVertices[31]: bone weight sum != 1.0 (sum is 1.063908)
Warn,  T5284: Validation warning: aiMesh::mVertices[32]: bone weight sum != 1.0 (sum is 1.063908)
Warn,  T5284: Validation warning: aiMesh::mVertices[48]: bone weight sum != 1.0 (sum is 1.061388)
Warn,  T5284: Validation warning: aiMesh::mVertices[52]: bone weight sum != 1.0 (sum is 1.084616)
Warn,  T5284: Validation warning: aiMesh::mVertices[53]: bone weight sum != 1.0 (sum is 1.061388)
Warn,  T5284: Validation warning: aiMesh::mVertices[56]: bone weight sum != 1.0 (sum is 1.181914)
Warn,  T5284: Validation warning: aiMesh::mVertices[57]: bone weight sum != 1.0 (sum is 1.134417)
Warn,  T5284: Validation warning: aiMesh::mVertices[58]: bone weight sum != 1.0 (sum is 1.061388)
Warn,  T5284: Validation warning: aiMesh::mVertices[59]: bone weight sum != 1.0 (sum is 1.084616)
Warn,  T5284: Validation warning: aiMesh::mVertices[60]: bone weight sum != 1.0 (sum is 1.279213)
Warn,  T5284: Validation warning: aiMesh::mVertices[61]: bone weight sum != 1.0 (sum is 1.207445)
Warn,  T5284: Validation warning: aiMesh::mVertices[62]: bone weight sum != 1.0 (sum is 1.134417)
Warn,  T5284: Validation warning: aiMesh::mVertices[63]: bone weight sum != 1.0 (sum is 1.181914)
Warn,  T5284: Validation warning: aiMesh::mVertices[221]: bone weight sum != 1.0 (sum is 0.939879)
Warn,  T5284: Validation warning: aiMesh::mVertices[256]: bone weight sum != 1.0 (sum is 0.939666)
Warn,  T5284: Validation warning: aiMesh::mVertices[257]: bone weight sum != 1.0 (sum is 0.939009)
Warn,  T5284: Validation warning: aiMesh::mVertices[258]: bone weight sum != 1.0 (sum is 0.939816)
Warn,  T5284: Validation warning: aiMesh::mVertices[260]: bone weight sum != 1.0 (sum is 0.939009)
Warn,  T5284: Validation warning: aiMesh::mVertices[261]: bone weight sum != 1.0 (sum is 0.938353)
Warn,  T5284: Validation warning: aiMesh::mVertices[262]: bone weight sum != 1.0 (sum is 0.939341)
Warn,  T5284: Validation warning: aiMesh::mVertices[263]: bone weight sum != 1.0 (sum is 0.939816)
Warn,  T5284: Validation warning: aiMesh::mVertices[265]: bone weight sum != 1.0 (sum is 0.939816)
Warn,  T5284: Validation warning: aiMesh::mVertices[268]: bone weight sum != 1.0 (sum is 0.939816)
Warn,  T5284: Validation warning: aiMesh::mVertices[269]: bone weight sum != 1.0 (sum is 0.939341)
Warn,  T5284: Validation warning: aiMesh::mVertices[272]: bone weight sum != 1.0 (sum is 0.939879)
Warn,  T5284: Validation warning: aiMesh::mVertices[273]: bone weight sum != 1.0 (sum is 0.939041)
Warn,  T5284: Validation warning: aiMesh::mVertices[274]: bone weight sum != 1.0 (sum is 0.939666)
Warn,  T5284: Validation warning: aiMesh::mVertices[276]: bone weight sum != 1.0 (sum is 0.939041)
Warn,  T5284: Validation warning: aiMesh::mVertices[277]: bone weight sum != 1.0 (sum is 0.938203)
Warn,  T5284: Validation warning: aiMesh::mVertices[278]: bone weight sum != 1.0 (sum is 0.939009)
Warn,  T5284: Validation warning: aiMesh::mVertices[279]: bone weight sum != 1.0 (sum is 0.939666)
Warn,  T5284: Validation warning: aiMesh::mVertices[280]: bone weight sum != 1.0 (sum is 0.938203)
Warn,  T5284: Validation warning: aiMesh::mVertices[281]: bone weight sum != 1.0 (sum is 0.937364)
Warn,  T5284: Validation warning: aiMesh::mVertices[282]: bone weight sum != 1.0 (sum is 0.938353)
Warn,  T5284: Validation warning: aiMesh::mVertices[283]: bone weight sum != 1.0 (sum is 0.939009)
Warn,  T5284: Validation warning: aiMesh::mVertices[284]: bone weight sum != 1.0 (sum is 0.937364)
Warn,  T5284: Validation warning: aiMesh::mVertices[285]: bone weight sum != 1.0 (sum is 0.936526)
Warn,  T5284: Validation warning: aiMesh::mVertices[286]: bone weight sum != 1.0 (sum is 0.937696)
Warn,  T5284: Validation warning: aiMesh::mVertices[287]: bone weight sum != 1.0 (sum is 0.938353)
Warn,  T5284: Validation warning: aiMesh::mVertices[288]: bone weight sum != 1.0 (sum is 0.938353)
Warn,  T5284: Validation warning: aiMesh::mVertices[289]: bone weight sum != 1.0 (sum is 0.937696)
Warn,  T5284: Validation warning: aiMesh::mVertices[290]: bone weight sum != 1.0 (sum is 0.938865)
Warn,  T5284: Validation warning: aiMesh::mVertices[291]: bone weight sum != 1.0 (sum is 0.939341)
Warn,  T5284: Validation warning: aiMesh::mVertices[292]: bone weight sum != 1.0 (sum is 0.939341)
Warn,  T5284: Validation warning: aiMesh::mVertices[293]: bone weight sum != 1.0 (sum is 0.938865)
Warn,  T5284: Validation warning: aiMesh::mVertices[317]: bone weight sum != 1.0 (sum is 0.939666)
Warn,  T5284: Validation warning: aiMesh::mVertices[362]: bone weight sum != 1.0 (sum is 0.936526)
Warn,  T5284: Validation warning: aiMesh::mVertices[363]: bone weight sum != 1.0 (sum is 0.937364)
Warn,  T5284: Validation warning: aiMesh::mVertices[366]: bone weight sum != 1.0 (sum is 0.937364)
Warn,  T5284: Validation warning: aiMesh::mVertices[367]: bone weight sum != 1.0 (sum is 0.938203)
Warn,  T5284: Validation warning: aiMesh::mVertices[370]: bone weight sum != 1.0 (sum is 0.938203)
Warn,  T5284: Validation warning: aiMesh::mVertices[371]: bone weight sum != 1.0 (sum is 0.939041)
Warn,  T5284: Validation warning: aiMesh::mVertices[374]: bone weight sum != 1.0 (sum is 0.939041)
Warn,  T5284: Validation warning: aiMesh::mVertices[375]: bone weight sum != 1.0 (sum is 0.939879)
Warn,  T5284: Validation warning: aiMesh::mVertices[384]: bone weight sum != 1.0 (sum is 1.069019)
Warn,  T5284: Validation warning: aiMesh::mVertices[385]: bone weight sum != 1.0 (sum is 1.075478)
Warn,  T5284: Validation warning: aiMesh::mVertices[386]: bone weight sum != 1.0 (sum is 1.159032)
Warn,  T5284: Validation warning: aiMesh::mVertices[387]: bone weight sum != 1.0 (sum is 1.146330)
Warn,  T5284: Validation warning: aiMesh::mVertices[388]: bone weight sum != 1.0 (sum is 1.075478)
Warn,  T5284: Validation warning: aiMesh::mVertices[389]: bone weight sum != 1.0 (sum is 1.081937)
Warn,  T5284: Validation warning: aiMesh::mVertices[390]: bone weight sum != 1.0 (sum is 1.171733)
Warn,  T5284: Validation warning: aiMesh::mVertices[391]: bone weight sum != 1.0 (sum is 1.159032)
Warn,  T5284: Validation warning: aiMesh::mVertices[392]: bone weight sum != 1.0 (sum is 1.146330)
Warn,  T5284: Validation warning: aiMesh::mVertices[393]: bone weight sum != 1.0 (sum is 1.159032)
Warn,  T5284: Validation warning: aiMesh::mVertices[394]: bone weight sum != 1.0 (sum is 1.242585)
Warn,  T5284: Validation warning: aiMesh::mVertices[395]: bone weight sum != 1.0 (sum is 1.223641)
Warn,  T5284: Validation warning: aiMesh::mVertices[396]: bone weight sum != 1.0 (sum is 1.159032)
Warn,  T5284: Validation warning: aiMesh::mVertices[397]: bone weight sum != 1.0 (sum is 1.171733)
Warn,  T5284: Validation warning: aiMesh::mVertices[398]: bone weight sum != 1.0 (sum is 1.261529)
Warn,  T5284: Validation warning: aiMesh::mVertices[399]: bone weight sum != 1.0 (sum is 1.242585)
Warn,  T5284: Validation warning: aiMesh::mVertices[402]: bone weight sum != 1.0 (sum is 1.069019)
Warn,  T5284: Validation warning: aiMesh::mVertices[403]: bone weight sum != 1.0 (sum is 1.062561)
Warn,  T5284: Validation warning: aiMesh::mVertices[406]: bone weight sum != 1.0 (sum is 1.075478)
Warn,  T5284: Validation warning: aiMesh::mVertices[407]: bone weight sum != 1.0 (sum is 1.069019)
Warn,  T5284: Validation warning: aiMesh::mVertices[410]: bone weight sum != 1.0 (sum is 1.081937)
Warn,  T5284: Validation warning: aiMesh::mVertices[411]: bone weight sum != 1.0 (sum is 1.075478)
Warn,  T5284: Validation warning: aiMesh::mVertices[414]: bone weight sum != 1.0 (sum is 1.088396)
Warn,  T5284: Validation warning: aiMesh::mVertices[415]: bone weight sum != 1.0 (sum is 1.081937)
Warn,  T5284: Validation warning: aiMesh::mVertices[416]: bone weight sum != 1.0 (sum is 1.081937)
Warn,  T5284: Validation warning: aiMesh::mVertices[417]: bone weight sum != 1.0 (sum is 1.088396)
Warn,  T5284: Validation warning: aiMesh::mVertices[418]: bone weight sum != 1.0 (sum is 1.184434)
Warn,  T5284: Validation warning: aiMesh::mVertices[419]: bone weight sum != 1.0 (sum is 1.171733)
Warn,  T5284: Validation warning: aiMesh::mVertices[420]: bone weight sum != 1.0 (sum is 1.171733)
Warn,  T5284: Validation warning: aiMesh::mVertices[421]: bone weight sum != 1.0 (sum is 1.184434)
Warn,  T5284: Validation warning: aiMesh::mVertices[422]: bone weight sum != 1.0 (sum is 1.280473)
Warn,  T5284: Validation warning: aiMesh::mVertices[423]: bone weight sum != 1.0 (sum is 1.261529)
Warn,  T5284: Validation warning: aiMesh::mVertices[424]: bone weight sum != 1.0 (sum is 1.261529)
Warn,  T5284: Validation warning: aiMesh::mVertices[425]: bone weight sum != 1.0 (sum is 1.280473)
Warn,  T5284: Validation warning: aiMesh::mVertices[426]: bone weight sum != 1.0 (sum is 1.376512)
Warn,  T5284: Validation warning: aiMesh::mVertices[427]: bone weight sum != 1.0 (sum is 1.351325)
Warn,  T5284: Validation warning: aiMesh::mVertices[428]: bone weight sum != 1.0 (sum is 1.242585)
Warn,  T5284: Validation warning: aiMesh::mVertices[429]: bone weight sum != 1.0 (sum is 1.261529)
Warn,  T5284: Validation warning: aiMesh::mVertices[430]: bone weight sum != 1.0 (sum is 1.351325)
Warn,  T5284: Validation warning: aiMesh::mVertices[431]: bone weight sum != 1.0 (sum is 1.326139)
Warn,  T5284: Validation warning: aiMesh::mVertices[432]: bone weight sum != 1.0 (sum is 1.223641)
Warn,  T5284: Validation warning: aiMesh::mVertices[433]: bone weight sum != 1.0 (sum is 1.242585)
Warn,  T5284: Validation warning: aiMesh::mVertices[434]: bone weight sum != 1.0 (sum is 1.326139)
Warn,  T5284: Validation warning: aiMesh::mVertices[435]: bone weight sum != 1.0 (sum is 1.300952)
Warn,  T5284: Validation warning: aiMesh::mVertices[436]: bone weight sum != 1.0 (sum is 1.204697)
Warn,  T5284: Validation warning: aiMesh::mVertices[437]: bone weight sum != 1.0 (sum is 1.223641)
Warn,  T5284: Validation warning: aiMesh::mVertices[438]: bone weight sum != 1.0 (sum is 1.300952)
Warn,  T5284: Validation warning: aiMesh::mVertices[439]: bone weight sum != 1.0 (sum is 1.275766)
Warn,  T5284: Validation warning: aiMesh::mVertices[440]: bone weight sum != 1.0 (sum is 1.133629)
Warn,  T5284: Validation warning: aiMesh::mVertices[441]: bone weight sum != 1.0 (sum is 1.146330)
Warn,  T5284: Validation warning: aiMesh::mVertices[442]: bone weight sum != 1.0 (sum is 1.223641)
Warn,  T5284: Validation warning: aiMesh::mVertices[443]: bone weight sum != 1.0 (sum is 1.204697)
Warn,  T5284: Validation warning: aiMesh::mVertices[444]: bone weight sum != 1.0 (sum is 1.062561)
Warn,  T5284: Validation warning: aiMesh::mVertices[445]: bone weight sum != 1.0 (sum is 1.069019)
Warn,  T5284: Validation warning: aiMesh::mVertices[446]: bone weight sum != 1.0 (sum is 1.146330)
Warn,  T5284: Validation warning: aiMesh::mVertices[447]: bone weight sum != 1.0 (sum is 1.133629)
Warn,  T5284: Validation warning: aiMesh::mVertices[448]: bone weight sum != 1.0 (sum is 1.223360)
Warn,  T5284: Validation warning: aiMesh::mVertices[449]: bone weight sum != 1.0 (sum is 1.245309)
Warn,  T5284: Validation warning: aiMesh::mVertices[450]: bone weight sum != 1.0 (sum is 1.164479)
Warn,  T5284: Validation warning: aiMesh::mVertices[451]: bone weight sum != 1.0 (sum is 1.145769)
Warn,  T5284: Validation warning: aiMesh::mVertices[452]: bone weight sum != 1.0 (sum is 1.245309)
Warn,  T5284: Validation warning: aiMesh::mVertices[453]: bone weight sum != 1.0 (sum is 1.267257)
Warn,  T5284: Validation warning: aiMesh::mVertices[454]: bone weight sum != 1.0 (sum is 1.183190)
Warn,  T5284: Validation warning: aiMesh::mVertices[455]: bone weight sum != 1.0 (sum is 1.164479)
Warn,  T5284: Validation warning: aiMesh::mVertices[456]: bone weight sum != 1.0 (sum is 1.145769)
Warn,  T5284: Validation warning: aiMesh::mVertices[457]: bone weight sum != 1.0 (sum is 1.164479)
Warn,  T5284: Validation warning: aiMesh::mVertices[458]: bone weight sum != 1.0 (sum is 1.083649)
Warn,  T5284: Validation warning: aiMesh::mVertices[459]: bone weight sum != 1.0 (sum is 1.068177)
Warn,  T5284: Validation warning: aiMesh::mVertices[460]: bone weight sum != 1.0 (sum is 1.164479)
Warn,  T5284: Validation warning: aiMesh::mVertices[461]: bone weight sum != 1.0 (sum is 1.183190)
Warn,  T5284: Validation warning: aiMesh::mVertices[462]: bone weight sum != 1.0 (sum is 1.099122)
Warn,  T5284: Validation warning: aiMesh::mVertices[463]: bone weight sum != 1.0 (sum is 1.083649)
Warn,  T5284: Validation warning: aiMesh::mVertices[464]: bone weight sum != 1.0 (sum is 1.275766)
Warn,  T5284: Validation warning: aiMesh::mVertices[465]: bone weight sum != 1.0 (sum is 1.300952)
Warn,  T5284: Validation warning: aiMesh::mVertices[466]: bone weight sum != 1.0 (sum is 1.223360)
Warn,  T5284: Validation warning: aiMesh::mVertices[467]: bone weight sum != 1.0 (sum is 1.201412)
Warn,  T5284: Validation warning: aiMesh::mVertices[468]: bone weight sum != 1.0 (sum is 1.300952)
Warn,  T5284: Validation warning: aiMesh::mVertices[469]: bone weight sum != 1.0 (sum is 1.326139)
Warn,  T5284: Validation warning: aiMesh::mVertices[470]: bone weight sum != 1.0 (sum is 1.245309)
Warn,  T5284: Validation warning: aiMesh::mVertices[471]: bone weight sum != 1.0 (sum is 1.223360)
Warn,  T5284: Validation warning: aiMesh::mVertices[472]: bone weight sum != 1.0 (sum is 1.326139)
Warn,  T5284: Validation warning: aiMesh::mVertices[473]: bone weight sum != 1.0 (sum is 1.351325)
Warn,  T5284: Validation warning: aiMesh::mVertices[474]: bone weight sum != 1.0 (sum is 1.267257)
Warn,  T5284: Validation warning: aiMesh::mVertices[475]: bone weight sum != 1.0 (sum is 1.245309)
Warn,  T5284: Validation warning: aiMesh::mVertices[476]: bone weight sum != 1.0 (sum is 1.351325)
Warn,  T5284: Validation warning: aiMesh::mVertices[477]: bone weight sum != 1.0 (sum is 1.376512)
Warn,  T5284: Validation warning: aiMesh::mVertices[478]: bone weight sum != 1.0 (sum is 1.289206)
Warn,  T5284: Validation warning: aiMesh::mVertices[479]: bone weight sum != 1.0 (sum is 1.267257)
Warn,  T5284: Validation warning: aiMesh::mVertices[480]: bone weight sum != 1.0 (sum is 1.267257)
Warn,  T5284: Validation warning: aiMesh::mVertices[481]: bone weight sum != 1.0 (sum is 1.289206)
Warn,  T5284: Validation warning: aiMesh::mVertices[482]: bone weight sum != 1.0 (sum is 1.201900)
Warn,  T5284: Validation warning: aiMesh::mVertices[483]: bone weight sum != 1.0 (sum is 1.183190)
Warn,  T5284: Validation warning: aiMesh::mVertices[484]: bone weight sum != 1.0 (sum is 1.183190)
Warn,  T5284: Validation warning: aiMesh::mVertices[485]: bone weight sum != 1.0 (sum is 1.201900)
Warn,  T5284: Validation warning: aiMesh::mVertices[486]: bone weight sum != 1.0 (sum is 1.114594)
Warn,  T5284: Validation warning: aiMesh::mVertices[487]: bone weight sum != 1.0 (sum is 1.099122)
Warn,  T5284: Validation warning: aiMesh::mVertices[488]: bone weight sum != 1.0 (sum is 1.099122)
Warn,  T5284: Validation warning: aiMesh::mVertices[489]: bone weight sum != 1.0 (sum is 1.114594)
Warn,  T5284: Validation warning: aiMesh::mVertices[492]: bone weight sum != 1.0 (sum is 1.083649)
Warn,  T5284: Validation warning: aiMesh::mVertices[493]: bone weight sum != 1.0 (sum is 1.099122)
Warn,  T5284: Validation warning: aiMesh::mVertices[496]: bone weight sum != 1.0 (sum is 1.068177)
Warn,  T5284: Validation warning: aiMesh::mVertices[497]: bone weight sum != 1.0 (sum is 1.083649)
Warn,  T5284: Validation warning: aiMesh::mVertices[500]: bone weight sum != 1.0 (sum is 1.052704)
Warn,  T5284: Validation warning: aiMesh::mVertices[501]: bone weight sum != 1.0 (sum is 1.068177)
Warn,  T5284: Validation warning: aiMesh::mVertices[504]: bone weight sum != 1.0 (sum is 1.127058)
Warn,  T5284: Validation warning: aiMesh::mVertices[505]: bone weight sum != 1.0 (sum is 1.145769)
Warn,  T5284: Validation warning: aiMesh::mVertices[506]: bone weight sum != 1.0 (sum is 1.068177)
Warn,  T5284: Validation warning: aiMesh::mVertices[507]: bone weight sum != 1.0 (sum is 1.052704)
Warn,  T5284: Validation warning: aiMesh::mVertices[508]: bone weight sum != 1.0 (sum is 1.201412)
Warn,  T5284: Validation warning: aiMesh::mVertices[509]: bone weight sum != 1.0 (sum is 1.223360)
Warn,  T5284: Validation warning: aiMesh::mVertices[510]: bone weight sum != 1.0 (sum is 1.145769)
Warn,  T5284: Validation warning: aiMesh::mVertices[511]: bone weight sum != 1.0 (sum is 1.127058)
Warn,  T5284: Validation warning: aiMesh::mVertices[526]: bone weight sum != 1.0 (sum is 1.057110)
Warn,  T5284: Validation warning: aiMesh::mVertices[546]: bone weight sum != 1.0 (sum is 1.066633)
Warn,  T5284: Validation warning: aiMesh::mVertices[549]: bone weight sum != 1.0 (sum is 1.066633)
Warn,  T5284: Validation warning: aiMesh::mVertices[550]: bone weight sum != 1.0 (sum is 1.086305)
Warn,  T5284: Validation warning: aiMesh::mVertices[551]: bone weight sum != 1.0 (sum is 1.057110)
Warn,  T5284: Validation warning: aiMesh::mVertices[552]: bone weight sum != 1.0 (sum is 1.057110)
Warn,  T5284: Validation warning: aiMesh::mVertices[553]: bone weight sum != 1.0 (sum is 1.086305)
Warn,  T5284: Validation warning: aiMesh::mVertices[554]: bone weight sum != 1.0 (sum is 1.105977)
Warn,  T5284: Validation warning: aiMesh::mVertices[555]: bone weight sum != 1.0 (sum is 1.071128)
Warn,  T5284: Validation warning: aiMesh::mVertices[557]: bone weight sum != 1.0 (sum is 1.057110)
Warn,  T5284: Validation warning: aiMesh::mVertices[558]: bone weight sum != 1.0 (sum is 1.071128)
Warn,  T5284: Validation warning: aiMesh::mVertices[601]: bone weight sum != 1.0 (sum is 1.071128)
Warn,  T5284: Validation warning: aiMesh::mVertices[604]: bone weight sum != 1.0 (sum is 1.071128)
Warn,  T5284: Validation warning: aiMesh::mVertices[605]: bone weight sum != 1.0 (sum is 1.105977)
Warn,  T5284: Validation warning: aiMesh::mVertices[606]: bone weight sum != 1.0 (sum is 1.076848)
Warn,  T5284: Validation warning: aiMesh::mVertices[609]: bone weight sum != 1.0 (sum is 1.076848)
Warn,  T5284: Validation warning: aiMesh::mVertices[970]: bone weight sum != 1.0 (sum is 0.939708)
Warn,  T5284: Validation warning: aiMesh::mVertices[971]: bone weight sum != 1.0 (sum is 0.939659)
Warn,  T5284: Validation warning: aiMesh::mVertices[974]: bone weight sum != 1.0 (sum is 0.939757)
Warn,  T5284: Validation warning: aiMesh::mVertices[975]: bone weight sum != 1.0 (sum is 0.939708)
Warn,  T5284: Validation warning: aiMesh::mVertices[998]: bone weight sum != 1.0 (sum is 0.939806)
Warn,  T5284: Validation warning: aiMesh::mVertices[999]: bone weight sum != 1.0 (sum is 0.939757)
Warn,  T5284: Validation warning: aiMesh::mVertices[1000]: bone weight sum != 1.0 (sum is 0.939757)
Warn,  T5284: Validation warning: aiMesh::mVertices[1001]: bone weight sum != 1.0 (sum is 0.939806)
Warn,  T5284: Validation warning: aiMesh::mVertices[1002]: bone weight sum != 1.0 (sum is 0.938515)
Warn,  T5284: Validation warning: aiMesh::mVertices[1003]: bone weight sum != 1.0 (sum is 0.938476)
Warn,  T5284: Validation warning: aiMesh::mVertices[1004]: bone weight sum != 1.0 (sum is 0.939708)
Warn,  T5284: Validation warning: aiMesh::mVertices[1005]: bone weight sum != 1.0 (sum is 0.939757)
Warn,  T5284: Validation warning: aiMesh::mVertices[1006]: bone weight sum != 1.0 (sum is 0.938476)
Warn,  T5284: Validation warning: aiMesh::mVertices[1007]: bone weight sum != 1.0 (sum is 0.938436)
Warn,  T5284: Validation warning: aiMesh::mVertices[1008]: bone weight sum != 1.0 (sum is 0.939659)
Warn,  T5284: Validation warning: aiMesh::mVertices[1009]: bone weight sum != 1.0 (sum is 0.939708)
Warn,  T5284: Validation warning: aiMesh::mVertices[1010]: bone weight sum != 1.0 (sum is 0.938436)
Warn,  T5284: Validation warning: aiMesh::mVertices[1011]: bone weight sum != 1.0 (sum is 0.938397)
Warn,  T5284: Validation warning: aiMesh::mVertices[1012]: bone weight sum != 1.0 (sum is 0.939611)
Warn,  T5284: Validation warning: aiMesh::mVertices[1013]: bone weight sum != 1.0 (sum is 0.939659)
Warn,  T5284: Validation warning: aiMesh::mVertices[1014]: bone weight sum != 1.0 (sum is 0.938397)
Warn,  T5284: Validation warning: aiMesh::mVertices[1015]: bone weight sum != 1.0 (sum is 0.938358)
Warn,  T5284: Validation warning: aiMesh::mVertices[1018]: bone weight sum != 1.0 (sum is 0.939659)
Warn,  T5284: Validation warning: aiMesh::mVertices[1019]: bone weight sum != 1.0 (sum is 0.939611)
Warn,  T5284: Validation warning: aiMesh::mVertices[1024]: bone weight sum != 1.0 (sum is 0.939650)
Warn,  T5284: Validation warning: aiMesh::mVertices[1025]: bone weight sum != 1.0 (sum is 0.939674)
Warn,  T5284: Validation warning: aiMesh::mVertices[1028]: bone weight sum != 1.0 (sum is 0.939674)
Warn,  T5284: Validation warning: aiMesh::mVertices[1029]: bone weight sum != 1.0 (sum is 0.939699)
Warn,  T5284: Validation warning: aiMesh::mVertices[1040]: bone weight sum != 1.0 (sum is 0.938358)
Warn,  T5284: Validation warning: aiMesh::mVertices[1041]: bone weight sum != 1.0 (sum is 0.938397)
Warn,  T5284: Validation warning: aiMesh::mVertices[1042]: bone weight sum != 1.0 (sum is 0.939650)
Warn,  T5284: Validation warning: aiMesh::mVertices[1043]: bone weight sum != 1.0 (sum is 0.939625)
Warn,  T5284: Validation warning: aiMesh::mVertices[1044]: bone weight sum != 1.0 (sum is 0.938397)
Warn,  T5284: Validation warning: aiMesh::mVertices[1045]: bone weight sum != 1.0 (sum is 0.938436)
Warn,  T5284: Validation warning: aiMesh::mVertices[1046]: bone weight sum != 1.0 (sum is 0.939674)
Warn,  T5284: Validation warning: aiMesh::mVertices[1047]: bone weight sum != 1.0 (sum is 0.939650)
Warn,  T5284: Validation warning: aiMesh::mVertices[1048]: bone weight sum != 1.0 (sum is 0.938436)
Warn,  T5284: Validation warning: aiMesh::mVertices[1049]: bone weight sum != 1.0 (sum is 0.938476)
Warn,  T5284: Validation warning: aiMesh::mVertices[1050]: bone weight sum != 1.0 (sum is 0.939699)
Warn,  T5284: Validation warning: aiMesh::mVertices[1051]: bone weight sum != 1.0 (sum is 0.939674)
Warn,  T5284: Validation warning: aiMesh::mVertices[1052]: bone weight sum != 1.0 (sum is 0.938476)
Warn,  T5284: Validation warning: aiMesh::mVertices[1053]: bone weight sum != 1.0 (sum is 0.938515)
Warn,  T5284: Validation warning: aiMesh::mVertices[1054]: bone weight sum != 1.0 (sum is 0.939723)
Warn,  T5284: Validation warning: aiMesh::mVertices[1055]: bone weight sum != 1.0 (sum is 0.939699)
Warn,  T5284: Validation warning: aiMesh::mVertices[1056]: bone weight sum != 1.0 (sum is 0.939699)
Warn,  T5284: Validation warning: aiMesh::mVertices[1057]: bone weight sum != 1.0 (sum is 0.939723)
Warn,  T5284: Validation warning: aiMesh::mVertices[1084]: bone weight sum != 1.0 (sum is 0.939625)
Warn,  T5284: Validation warning: aiMesh::mVertices[1085]: bone weight sum != 1.0 (sum is 0.939650)
Warn,  T5284: Validation warning: aiMesh::mVertices[1345]: bone weight sum != 1.0 (sum is 1.097518)
Warn,  T5284: Validation warning: aiMesh::mVertices[1346]: bone weight sum != 1.0 (sum is 1.061406)
Warn,  T5284: Validation warning: aiMesh::mVertices[1348]: bone weight sum != 1.0 (sum is 1.097518)
Warn,  T5284: Validation warning: aiMesh::mVertices[1349]: bone weight sum != 1.0 (sum is 1.150569)
Warn,  T5284: Validation warning: aiMesh::mVertices[1350]: bone weight sum != 1.0 (sum is 1.096441)
Warn,  T5284: Validation warning: aiMesh::mVertices[1351]: bone weight sum != 1.0 (sum is 1.061406)
Warn,  T5284: Validation warning: aiMesh::mVertices[1353]: bone weight sum != 1.0 (sum is 1.061406)
Warn,  T5284: Validation warning: aiMesh::mVertices[1356]: bone weight sum != 1.0 (sum is 1.061406)
Warn,  T5284: Validation warning: aiMesh::mVertices[1357]: bone weight sum != 1.0 (sum is 1.096441)
Warn,  T5284: Validation warning: aiMesh::mVertices[1361]: bone weight sum != 1.0 (sum is 1.062561)
Warn,  T5284: Validation warning: aiMesh::mVertices[1364]: bone weight sum != 1.0 (sum is 1.062561)
Warn,  T5284: Validation warning: aiMesh::mVertices[1365]: bone weight sum != 1.0 (sum is 1.133629)
Warn,  T5284: Validation warning: aiMesh::mVertices[1366]: bone weight sum != 1.0 (sum is 1.097518)
Warn,  T5284: Validation warning: aiMesh::mVertices[1368]: bone weight sum != 1.0 (sum is 1.133629)
Warn,  T5284: Validation warning: aiMesh::mVertices[1369]: bone weight sum != 1.0 (sum is 1.204697)
Warn,  T5284: Validation warning: aiMesh::mVertices[1370]: bone weight sum != 1.0 (sum is 1.150569)
Warn,  T5284: Validation warning: aiMesh::mVertices[1371]: bone weight sum != 1.0 (sum is 1.097518)
Warn,  T5284: Validation warning: aiMesh::mVertices[1372]: bone weight sum != 1.0 (sum is 1.204697)
Warn,  T5284: Validation warning: aiMesh::mVertices[1373]: bone weight sum != 1.0 (sum is 1.275766)
Warn,  T5284: Validation warning: aiMesh::mVertices[1374]: bone weight sum != 1.0 (sum is 1.203621)
Warn,  T5284: Validation warning: aiMesh::mVertices[1375]: bone weight sum != 1.0 (sum is 1.150569)
Warn,  T5284: Validation warning: aiMesh::mVertices[1376]: bone weight sum != 1.0 (sum is 1.150569)
Warn,  T5284: Validation warning: aiMesh::mVertices[1377]: bone weight sum != 1.0 (sum is 1.203621)
Warn,  T5284: Validation warning: aiMesh::mVertices[1378]: bone weight sum != 1.0 (sum is 1.131476)
Warn,  T5284: Validation warning: aiMesh::mVertices[1379]: bone weight sum != 1.0 (sum is 1.096441)
Warn,  T5284: Validation warning: aiMesh::mVertices[1380]: bone weight sum != 1.0 (sum is 1.096441)
Warn,  T5284: Validation warning: aiMesh::mVertices[1381]: bone weight sum != 1.0 (sum is 1.131476)
Warn,  T5284: Validation warning: aiMesh::mVertices[1382]: bone weight sum != 1.0 (sum is 1.059332)
Warn,  T5284: Validation warning: aiMesh::mVertices[1385]: bone weight sum != 1.0 (sum is 1.059332)
Warn,  T5284: Validation warning: aiMesh::mVertices[1408]: bone weight sum != 1.0 (sum is 1.146815)
Warn,  T5284: Validation warning: aiMesh::mVertices[1409]: bone weight sum != 1.0 (sum is 1.090008)
Warn,  T5284: Validation warning: aiMesh::mVertices[1410]: bone weight sum != 1.0 (sum is 1.052958)
Warn,  T5284: Validation warning: aiMesh::mVertices[1411]: bone weight sum != 1.0 (sum is 1.092217)
Warn,  T5284: Validation warning: aiMesh::mVertices[1412]: bone weight sum != 1.0 (sum is 1.090008)
Warn,  T5284: Validation warning: aiMesh::mVertices[1415]: bone weight sum != 1.0 (sum is 1.052958)
Warn,  T5284: Validation warning: aiMesh::mVertices[1416]: bone weight sum != 1.0 (sum is 1.092217)
Warn,  T5284: Validation warning: aiMesh::mVertices[1417]: bone weight sum != 1.0 (sum is 1.052958)
Warn,  T5284: Validation warning: aiMesh::mVertices[1420]: bone weight sum != 1.0 (sum is 1.052958)
Warn,  T5284: Validation warning: aiMesh::mVertices[1424]: bone weight sum != 1.0 (sum is 1.275766)
Warn,  T5284: Validation warning: aiMesh::mVertices[1425]: bone weight sum != 1.0 (sum is 1.201412)
Warn,  T5284: Validation warning: aiMesh::mVertices[1426]: bone weight sum != 1.0 (sum is 1.146815)
Warn,  T5284: Validation warning: aiMesh::mVertices[1427]: bone weight sum != 1.0 (sum is 1.203621)
Warn,  T5284: Validation warning: aiMesh::mVertices[1428]: bone weight sum != 1.0 (sum is 1.201412)
Warn,  T5284: Validation warning: aiMesh::mVertices[1429]: bone weight sum != 1.0 (sum is 1.127058)
Warn,  T5284: Validation warning: aiMesh::mVertices[1430]: bone weight sum != 1.0 (sum is 1.090008)
Warn,  T5284: Validation warning: aiMesh::mVertices[1431]: bone weight sum != 1.0 (sum is 1.146815)
Warn,  T5284: Validation warning: aiMesh::mVertices[1432]: bone weight sum != 1.0 (sum is 1.127058)
Warn,  T5284: Validation warning: aiMesh::mVertices[1433]: bone weight sum != 1.0 (sum is 1.052704)
Warn,  T5284: Validation warning: aiMesh::mVertices[1435]: bone weight sum != 1.0 (sum is 1.090008)
Warn,  T5284: Validation warning: aiMesh::mVertices[1436]: bone weight sum != 1.0 (sum is 1.052704)
Warn,  T5284: Validation warning: aiMesh::mVertices[1460]: bone weight sum != 1.0 (sum is 1.059332)
Warn,  T5284: Validation warning: aiMesh::mVertices[1464]: bone weight sum != 1.0 (sum is 1.131476)
Warn,  T5284: Validation warning: aiMesh::mVertices[1465]: bone weight sum != 1.0 (sum is 1.092217)
Warn,  T5284: Validation warning: aiMesh::mVertices[1467]: bone weight sum != 1.0 (sum is 1.059332)
Warn,  T5284: Validation warning: aiMesh::mVertices[1468]: bone weight sum != 1.0 (sum is 1.203621)
Warn,  T5284: Validation warning: aiMesh::mVertices[1469]: bone weight sum != 1.0 (sum is 1.146815)
Warn,  T5284: Validation warning: aiMesh::mVertices[1470]: bone weight sum != 1.0 (sum is 1.092217)
Warn,  T5284: Validation warning: aiMesh::mVertices[1471]: bone weight sum != 1.0 (sum is 1.131476)
Warn,  T5284: Validation warning: aiMesh::mVertices[1925]: bone weight sum != 1.0 (sum is 0.939611)
Warn,  T5284: Validation warning: aiMesh::mVertices[1926]: bone weight sum != 1.0 (sum is 0.939611)
Warn,  T5284: Validation warning: aiMesh::mVertices[1933]: bone weight sum != 1.0 (sum is 0.939611)
Warn,  T5284: Validation warning: aiMesh::mVertices[1934]: bone weight sum != 1.0 (sum is 0.939611)
Warn,  T5284: Validation warning: aiMesh::mVertices[1945]: bone weight sum != 1.0 (sum is 0.939611)
Warn,  T5284: Validation warning: aiMesh::mVertices[1946]: bone weight sum != 1.0 (sum is 0.939611)
Warn,  T5284: Validation warning: aiMesh::mVertices[1948]: bone weight sum != 1.0 (sum is 0.939611)
Warn,  T5284: Validation warning: aiMesh::mVertices[1949]: bone weight sum != 1.0 (sum is 0.938358)
Warn,  T5284: Validation warning: aiMesh::mVertices[1950]: bone weight sum != 1.0 (sum is 0.938358)
Warn,  T5284: Validation warning: aiMesh::mVertices[1951]: bone weight sum != 1.0 (sum is 0.939611)
Warn,  T5284: Validation warning: aiMesh::mVertices[1952]: bone weight sum != 1.0 (sum is 0.939611)
Warn,  T5284: Validation warning: aiMesh::mVertices[1953]: bone weight sum != 1.0 (sum is 0.938358)
Warn,  T5284: Validation warning: aiMesh::mVertices[1954]: bone weight sum != 1.0 (sum is 0.938358)
Warn,  T5284: Validation warning: aiMesh::mVertices[1955]: bone weight sum != 1.0 (sum is 0.939611)
Warn,  T5284: Validation warning: aiMesh::mVertices[1956]: bone weight sum != 1.0 (sum is 0.939611)
Warn,  T5284: Validation warning: aiMesh::mVertices[1957]: bone weight sum != 1.0 (sum is 0.938358)
Warn,  T5284: Validation warning: aiMesh::mVertices[1958]: bone weight sum != 1.0 (sum is 0.938358)
Warn,  T5284: Validation warning: aiMesh::mVertices[1959]: bone weight sum != 1.0 (sum is 0.939611)
Warn,  T5284: Validation warning: aiMesh::mVertices[1960]: bone weight sum != 1.0 (sum is 0.939611)
Warn,  T5284: Validation warning: aiMesh::mVertices[1961]: bone weight sum != 1.0 (sum is 0.938358)
Warn,  T5284: Validation warning: aiMesh::mVertices[1962]: bone weight sum != 1.0 (sum is 0.938358)
Warn,  T5284: Validation warning: aiMesh::mVertices[1963]: bone weight sum != 1.0 (sum is 0.939611)
Warn,  T5284: Validation warning: aiMesh::mVertices[1965]: bone weight sum != 1.0 (sum is 0.939611)
Warn,  T5284: Validation warning: aiMesh::mVertices[1966]: bone weight sum != 1.0 (sum is 0.939611)
Warn,  T5284: Validation warning: aiMesh::mVertices[1984]: bone weight sum != 1.0 (sum is 0.939625)
Warn,  T5284: Validation warning: aiMesh::mVertices[1987]: bone weight sum != 1.0 (sum is 0.939625)
Warn,  T5284: Validation warning: aiMesh::mVertices[1992]: bone weight sum != 1.0 (sum is 0.939625)
Warn,  T5284: Validation warning: aiMesh::mVertices[1995]: bone weight sum != 1.0 (sum is 0.939625)
Warn,  T5284: Validation warning: aiMesh::mVertices[2000]: bone weight sum != 1.0 (sum is 0.938358)
Warn,  T5284: Validation warning: aiMesh::mVertices[2001]: bone weight sum != 1.0 (sum is 0.939625)
Warn,  T5284: Validation warning: aiMesh::mVertices[2002]: bone weight sum != 1.0 (sum is 0.939625)
Warn,  T5284: Validation warning: aiMesh::mVertices[2003]: bone weight sum != 1.0 (sum is 0.938358)
Warn,  T5284: Validation warning: aiMesh::mVertices[2004]: bone weight sum != 1.0 (sum is 0.939625)
Warn,  T5284: Validation warning: aiMesh::mVertices[2007]: bone weight sum != 1.0 (sum is 0.939625)
Warn,  T5284: Validation warning: aiMesh::mVertices[2032]: bone weight sum != 1.0 (sum is 0.939625)
Warn,  T5284: Validation warning: aiMesh::mVertices[2035]: bone weight sum != 1.0 (sum is 0.939625)
Warn,  T5284: Validation warning: aiMesh::mVertices[2036]: bone weight sum != 1.0 (sum is 0.938358)
Warn,  T5284: Validation warning: aiMesh::mVertices[2037]: bone weight sum != 1.0 (sum is 0.939625)
Warn,  T5284: Validation warning: aiMesh::mVertices[2038]: bone weight sum != 1.0 (sum is 0.939625)
Warn,  T5284: Validation warning: aiMesh::mVertices[2039]: bone weight sum != 1.0 (sum is 0.938358)
Warn,  T5284: Validation warning: aiMesh::mVertices[2040]: bone weight sum != 1.0 (sum is 0.938358)
Warn,  T5284: Validation warning: aiMesh::mVertices[2041]: bone weight sum != 1.0 (sum is 0.939625)
Warn,  T5284: Validation warning: aiMesh::mVertices[2042]: bone weight sum != 1.0 (sum is 0.939625)
Warn,  T5284: Validation warning: aiMesh::mVertices[2043]: bone weight sum != 1.0 (sum is 0.938358)
Warn,  T5284: Validation warning: aiMesh::mVertices[2044]: bone weight sum != 1.0 (sum is 0.938358)
Warn,  T5284: Validation warning: aiMesh::mVertices[2045]: bone weight sum != 1.0 (sum is 0.939625)
Warn,  T5284: Validation warning: aiMesh::mVertices[2046]: bone weight sum != 1.0 (sum is 0.939625)
Warn,  T5284: Validation warning: aiMesh::mVertices[2047]: bone weight sum != 1.0 (sum is 0.938358)
Warn,  T5284: Validation warning: aiMesh::mVertices[2634]: bone weight sum != 1.0 (sum is 0.939674)
Warn,  T5284: Validation warning: aiMesh::mVertices[2635]: bone weight sum != 1.0 (sum is 0.939650)
Warn,  T5284: Validation warning: aiMesh::mVertices[2638]: bone weight sum != 1.0 (sum is 0.939699)
Warn,  T5284: Validation warning: aiMesh::mVertices[2639]: bone weight sum != 1.0 (sum is 0.939674)
Warn,  T5284: Validation warning: aiMesh::mVertices[2662]: bone weight sum != 1.0 (sum is 0.939723)
Warn,  T5284: Validation warning: aiMesh::mVertices[2663]: bone weight sum != 1.0 (sum is 0.939699)
Warn,  T5284: Validation warning: aiMesh::mVertices[2664]: bone weight sum != 1.0 (sum is 0.939699)
Warn,  T5284: Validation warning: aiMesh::mVertices[2665]: bone weight sum != 1.0 (sum is 0.939723)
Warn,  T5284: Validation warning: aiMesh::mVertices[2666]: bone weight sum != 1.0 (sum is 0.938515)
Warn,  T5284: Validation warning: aiMesh::mVertices[2667]: bone weight sum != 1.0 (sum is 0.938476)
Warn,  T5284: Validation warning: aiMesh::mVertices[2668]: bone weight sum != 1.0 (sum is 0.939674)
Warn,  T5284: Validation warning: aiMesh::mVertices[2669]: bone weight sum != 1.0 (sum is 0.939699)
Warn,  T5284: Validation warning: aiMesh::mVertices[2670]: bone weight sum != 1.0 (sum is 0.938476)
Warn,  T5284: Validation warning: aiMesh::mVertices[2671]: bone weight sum != 1.0 (sum is 0.938436)
Warn,  T5284: Validation warning: aiMesh::mVertices[2672]: bone weight sum != 1.0 (sum is 0.939650)
Warn,  T5284: Validation warning: aiMesh::mVertices[2673]: bone weight sum != 1.0 (sum is 0.939674)
Warn,  T5284: Validation warning: aiMesh::mVertices[2674]: bone weight sum != 1.0 (sum is 0.938436)
Warn,  T5284: Validation warning: aiMesh::mVertices[2675]: bone weight sum != 1.0 (sum is 0.938397)
Warn,  T5284: Validation warning: aiMesh::mVertices[2676]: bone weight sum != 1.0 (sum is 0.939625)
Warn,  T5284: Validation warning: aiMesh::mVertices[2677]: bone weight sum != 1.0 (sum is 0.939650)
Warn,  T5284: Validation warning: aiMesh::mVertices[2678]: bone weight sum != 1.0 (sum is 0.938397)
Warn,  T5284: Validation warning: aiMesh::mVertices[2679]: bone weight sum != 1.0 (sum is 0.938358)
Warn,  T5284: Validation warning: aiMesh::mVertices[2682]: bone weight sum != 1.0 (sum is 0.939650)
Warn,  T5284: Validation warning: aiMesh::mVertices[2683]: bone weight sum != 1.0 (sum is 0.939625)
Warn,  T5284: Validation warning: aiMesh::mVertices[2688]: bone weight sum != 1.0 (sum is 0.939659)
Warn,  T5284: Validation warning: aiMesh::mVertices[2689]: bone weight sum != 1.0 (sum is 0.939708)
Warn,  T5284: Validation warning: aiMesh::mVertices[2692]: bone weight sum != 1.0 (sum is 0.939708)
Warn,  T5284: Validation warning: aiMesh::mVertices[2693]: bone weight sum != 1.0 (sum is 0.939757)
Warn,  T5284: Validation warning: aiMesh::mVertices[2704]: bone weight sum != 1.0 (sum is 0.938358)
Warn,  T5284: Validation warning: aiMesh::mVertices[2705]: bone weight sum != 1.0 (sum is 0.938397)
Warn,  T5284: Validation warning: aiMesh::mVertices[2706]: bone weight sum != 1.0 (sum is 0.939659)
Warn,  T5284: Validation warning: aiMesh::mVertices[2707]: bone weight sum != 1.0 (sum is 0.939611)
Warn,  T5284: Validation warning: aiMesh::mVertices[2708]: bone weight sum != 1.0 (sum is 0.938397)
Warn,  T5284: Validation warning: aiMesh::mVertices[2709]: bone weight sum != 1.0 (sum is 0.938436)
Warn,  T5284: Validation warning: aiMesh::mVertices[2710]: bone weight sum != 1.0 (sum is 0.939708)
Warn,  T5284: Validation warning: aiMesh::mVertices[2711]: bone weight sum != 1.0 (sum is 0.939659)
Warn,  T5284: Validation warning: aiMesh::mVertices[2712]: bone weight sum != 1.0 (sum is 0.938436)
Warn,  T5284: Validation warning: aiMesh::mVertices[2713]: bone weight sum != 1.0 (sum is 0.938476)
Warn,  T5284: Validation warning: aiMesh::mVertices[2714]: bone weight sum != 1.0 (sum is 0.939757)
Warn,  T5284: Validation warning: aiMesh::mVertices[2715]: bone weight sum != 1.0 (sum is 0.939708)
Warn,  T5284: Validation warning: aiMesh::mVertices[2716]: bone weight sum != 1.0 (sum is 0.938476)
Warn,  T5284: Validation warning: aiMesh::mVertices[2717]: bone weight sum != 1.0 (sum is 0.938515)
Warn,  T5284: Validation warning: aiMesh::mVertices[2718]: bone weight sum != 1.0 (sum is 0.939806)
Warn,  T5284: Validation warning: aiMesh::mVertices[2719]: bone weight sum != 1.0 (sum is 0.939757)
Warn,  T5284: Validation warning: aiMesh::mVertices[2720]: bone weight sum != 1.0 (sum is 0.939757)
Warn,  T5284: Validation warning: aiMesh::mVertices[2721]: bone weight sum != 1.0 (sum is 0.939806)
Warn,  T5284: Validation warning: aiMesh::mVertices[2748]: bone weight sum != 1.0 (sum is 0.939611)
Warn,  T5284: Validation warning: aiMesh::mVertices[2749]: bone weight sum != 1.0 (sum is 0.939659)
Warn,  T5284: Validation warning: aiMesh::mVertices[3280]: bone weight sum != 1.0 (sum is 0.936526)
Warn,  T5284: Validation warning: aiMesh::mVertices[3283]: bone weight sum != 1.0 (sum is 0.937696)
Warn,  T5284: Validation warning: aiMesh::mVertices[3320]: bone weight sum != 1.0 (sum is 0.938865)
Warn,  T5284: Validation warning: aiMesh::mVertices[3324]: bone weight sum != 1.0 (sum is 0.937696)
Warn,  T5284: Validation warning: aiMesh::mVertices[3327]: bone weight sum != 1.0 (sum is 0.938865)
Warn,  T5284: Validation warning: aiMesh::mVertices[3589]: bone weight sum != 1.0 (sum is 0.939723)
Warn,  T5284: Validation warning: aiMesh::mVertices[3590]: bone weight sum != 1.0 (sum is 0.939723)
Warn,  T5284: Validation warning: aiMesh::mVertices[3597]: bone weight sum != 1.0 (sum is 0.939723)
Warn,  T5284: Validation warning: aiMesh::mVertices[3598]: bone weight sum != 1.0 (sum is 0.939723)
Warn,  T5284: Validation warning: aiMesh::mVertices[3609]: bone weight sum != 1.0 (sum is 0.939723)
Warn,  T5284: Validation warning: aiMesh::mVertices[3610]: bone weight sum != 1.0 (sum is 0.939723)
Warn,  T5284: Validation warning: aiMesh::mVertices[3612]: bone weight sum != 1.0 (sum is 0.939723)
Warn,  T5284: Validation warning: aiMesh::mVertices[3613]: bone weight sum != 1.0 (sum is 0.938515)
Warn,  T5284: Validation warning: aiMesh::mVertices[3614]: bone weight sum != 1.0 (sum is 0.938515)
Warn,  T5284: Validation warning: aiMesh::mVertices[3615]: bone weight sum != 1.0 (sum is 0.939723)
Warn,  T5284: Validation warning: aiMesh::mVertices[3616]: bone weight sum != 1.0 (sum is 0.939723)
Warn,  T5284: Validation warning: aiMesh::mVertices[3617]: bone weight sum != 1.0 (sum is 0.938515)
Warn,  T5284: Validation warning: aiMesh::mVertices[3618]: bone weight sum != 1.0 (sum is 0.938515)
Warn,  T5284: Validation warning: aiMesh::mVertices[3619]: bone weight sum != 1.0 (sum is 0.939723)
Warn,  T5284: Validation warning: aiMesh::mVertices[3620]: bone weight sum != 1.0 (sum is 0.939723)
Warn,  T5284: Validation warning: aiMesh::mVertices[3621]: bone weight sum != 1.0 (sum is 0.938515)
Warn,  T5284: Validation warning: aiMesh::mVertices[3622]: bone weight sum != 1.0 (sum is 0.938515)
Warn,  T5284: Validation warning: aiMesh::mVertices[3623]: bone weight sum != 1.0 (sum is 0.939723)
Warn,  T5284: Validation warning: aiMesh::mVertices[3624]: bone weight sum != 1.0 (sum is 0.939723)
Warn,  T5284: Validation warning: aiMesh::mVertices[3625]: bone weight sum != 1.0 (sum is 0.938515)
Warn,  T5284: Validation warning: aiMesh::mVertices[3626]: bone weight sum != 1.0 (sum is 0.938515)
Warn,  T5284: Validation warning: aiMesh::mVertices[3627]: bone weight sum != 1.0 (sum is 0.939723)
Warn,  T5284: Validation warning: aiMesh::mVertices[3629]: bone weight sum != 1.0 (sum is 0.939723)
Warn,  T5284: Validation warning: aiMesh::mVertices[3630]: bone weight sum != 1.0 (sum is 0.939723)
Warn,  T5284: Validation warning: aiMesh::mVertices[3648]: bone weight sum != 1.0 (sum is 0.939806)
Warn,  T5284: Validation warning: aiMesh::mVertices[3651]: bone weight sum != 1.0 (sum is 0.939806)
Warn,  T5284: Validation warning: aiMesh::mVertices[3656]: bone weight sum != 1.0 (sum is 0.939806)
Warn,  T5284: Validation warning: aiMesh::mVertices[3659]: bone weight sum != 1.0 (sum is 0.939806)
Warn,  T5284: Validation warning: aiMesh::mVertices[3664]: bone weight sum != 1.0 (sum is 0.938515)
Warn,  T5284: Validation warning: aiMesh::mVertices[3665]: bone weight sum != 1.0 (sum is 0.939806)
Warn,  T5284: Validation warning: aiMesh::mVertices[3666]: bone weight sum != 1.0 (sum is 0.939806)
Warn,  T5284: Validation warning: aiMesh::mVertices[3667]: bone weight sum != 1.0 (sum is 0.938515)
Warn,  T5284: Validation warning: aiMesh::mVertices[3668]: bone weight sum != 1.0 (sum is 0.939806)
Warn,  T5284: Validation warning: aiMesh::mVertices[3671]: bone weight sum != 1.0 (sum is 0.939806)
Warn,  T5284: Validation warning: aiMesh::mVertices[3696]: bone weight sum != 1.0 (sum is 0.939806)
Warn,  T5284: Validation warning: aiMesh::mVertices[3699]: bone weight sum != 1.0 (sum is 0.939806)
Warn,  T5284: Validation warning: aiMesh::mVertices[3700]: bone weight sum != 1.0 (sum is 0.938515)
Warn,  T5284: Validation warning: aiMesh::mVertices[3701]: bone weight sum != 1.0 (sum is 0.939806)
Warn,  T5284: Validation warning: aiMesh::mVertices[3702]: bone weight sum != 1.0 (sum is 0.939806)
Warn,  T5284: Validation warning: aiMesh::mVertices[3703]: bone weight sum != 1.0 (sum is 0.938515)
Warn,  T5284: Validation warning: aiMesh::mVertices[3704]: bone weight sum != 1.0 (sum is 0.938515)
Warn,  T5284: Validation warning: aiMesh::mVertices[3705]: bone weight sum != 1.0 (sum is 0.939806)
Warn,  T5284: Validation warning: aiMesh::mVertices[3706]: bone weight sum != 1.0 (sum is 0.939806)
Warn,  T5284: Validation warning: aiMesh::mVertices[3707]: bone weight sum != 1.0 (sum is 0.938515)
Warn,  T5284: Validation warning: aiMesh::mVertices[3708]: bone weight sum != 1.0 (sum is 0.938515)
Warn,  T5284: Validation warning: aiMesh::mVertices[3709]: bone weight sum != 1.0 (sum is 0.939806)
Warn,  T5284: Validation warning: aiMesh::mVertices[3710]: bone weight sum != 1.0 (sum is 0.939806)
Warn,  T5284: Validation warning: aiMesh::mVertices[3711]: bone weight sum != 1.0 (sum is 0.938515)
Warn,  T5284: Validation warning: aiMesh::mVertices[4057]: bone weight sum != 1.0 (sum is 1.076848)
Warn,  T5284: Validation warning: aiMesh::mVertices[4060]: bone weight sum != 1.0 (sum is 1.076848)
Warn,  T5284: Validation warning: aiMesh::mVertices[4061]: bone weight sum != 1.0 (sum is 1.105977)
Warn,  T5284: Validation warning: aiMesh::mVertices[4062]: bone weight sum != 1.0 (sum is 1.067298)
Warn,  T5284: Validation warning: aiMesh::mVertices[4065]: bone weight sum != 1.0 (sum is 1.067298)
Warn,  T5284: Validation warning: aiMesh::mVertices[4096]: bone weight sum != 1.0 (sum is 1.053748)
Warn,  T5284: Validation warning: aiMesh::mVertices[4112]: bone weight sum != 1.0 (sum is 1.105977)
Warn,  T5284: Validation warning: aiMesh::mVertices[4113]: bone weight sum != 1.0 (sum is 1.086305)
Warn,  T5284: Validation warning: aiMesh::mVertices[4114]: bone weight sum != 1.0 (sum is 1.053748)
Warn,  T5284: Validation warning: aiMesh::mVertices[4115]: bone weight sum != 1.0 (sum is 1.067298)
Warn,  T5284: Validation warning: aiMesh::mVertices[4116]: bone weight sum != 1.0 (sum is 1.086305)
Warn,  T5284: Validation warning: aiMesh::mVertices[4117]: bone weight sum != 1.0 (sum is 1.066633)
Warn,  T5284: Validation warning: aiMesh::mVertices[4119]: bone weight sum != 1.0 (sum is 1.053748)
Warn,  T5284: Validation warning: aiMesh::mVertices[4120]: bone weight sum != 1.0 (sum is 1.066633)
Warn,  T5284: Validation warning: aiMesh::mVertices[4156]: bone weight sum != 1.0 (sum is 1.067298)
Warn,  T5284: Validation warning: aiMesh::mVertices[4157]: bone weight sum != 1.0 (sum is 1.053748)
Warn,  T5284: Validation warning: aiMesh::mVertices[4160]: bone weight sum != 1.0 (sum is 1.079627)
Warn,  T5284: Validation warning: aiMesh::mVertices[4161]: bone weight sum != 1.0 (sum is 1.146156)
Warn,  T5284: Validation warning: aiMesh::mVertices[4162]: bone weight sum != 1.0 (sum is 1.090411)
Warn,  T5284: Validation warning: aiMesh::mVertices[4164]: bone weight sum != 1.0 (sum is 1.146156)
Warn,  T5284: Validation warning: aiMesh::mVertices[4165]: bone weight sum != 1.0 (sum is 1.212684)
Warn,  T5284: Validation warning: aiMesh::mVertices[4166]: bone weight sum != 1.0 (sum is 1.136163)
Warn,  T5284: Validation warning: aiMesh::mVertices[4167]: bone weight sum != 1.0 (sum is 1.090411)
Warn,  T5284: Validation warning: aiMesh::mVertices[4169]: bone weight sum != 1.0 (sum is 1.090411)
Warn,  T5284: Validation warning: aiMesh::mVertices[4172]: bone weight sum != 1.0 (sum is 1.090411)
Warn,  T5284: Validation warning: aiMesh::mVertices[4173]: bone weight sum != 1.0 (sum is 1.136163)
Warn,  T5284: Validation warning: aiMesh::mVertices[4174]: bone weight sum != 1.0 (sum is 1.059641)
Warn,  T5284: Validation warning: aiMesh::mVertices[4177]: bone weight sum != 1.0 (sum is 1.114594)
Warn,  T5284: Validation warning: aiMesh::mVertices[4178]: bone weight sum != 1.0 (sum is 1.079627)
Warn,  T5284: Validation warning: aiMesh::mVertices[4180]: bone weight sum != 1.0 (sum is 1.114594)
Warn,  T5284: Validation warning: aiMesh::mVertices[4181]: bone weight sum != 1.0 (sum is 1.201900)
Warn,  T5284: Validation warning: aiMesh::mVertices[4182]: bone weight sum != 1.0 (sum is 1.146156)
Warn,  T5284: Validation warning: aiMesh::mVertices[4183]: bone weight sum != 1.0 (sum is 1.079627)
Warn,  T5284: Validation warning: aiMesh::mVertices[4184]: bone weight sum != 1.0 (sum is 1.201900)
Warn,  T5284: Validation warning: aiMesh::mVertices[4185]: bone weight sum != 1.0 (sum is 1.289206)
Warn,  T5284: Validation warning: aiMesh::mVertices[4186]: bone weight sum != 1.0 (sum is 1.212684)
Warn,  T5284: Validation warning: aiMesh::mVertices[4187]: bone weight sum != 1.0 (sum is 1.146156)
Warn,  T5284: Validation warning: aiMesh::mVertices[4188]: bone weight sum != 1.0 (sum is 1.289206)
Warn,  T5284: Validation warning: aiMesh::mVertices[4189]: bone weight sum != 1.0 (sum is 1.376512)
Warn,  T5284: Validation warning: aiMesh::mVertices[4190]: bone weight sum != 1.0 (sum is 1.279213)
Warn,  T5284: Validation warning: aiMesh::mVertices[4191]: bone weight sum != 1.0 (sum is 1.212684)
Warn,  T5284: Validation warning: aiMesh::mVertices[4192]: bone weight sum != 1.0 (sum is 1.212684)
Warn,  T5284: Validation warning: aiMesh::mVertices[4193]: bone weight sum != 1.0 (sum is 1.279213)
Warn,  T5284: Validation warning: aiMesh::mVertices[4194]: bone weight sum != 1.0 (sum is 1.181914)
Warn,  T5284: Validation warning: aiMesh::mVertices[4195]: bone weight sum != 1.0 (sum is 1.136163)
Warn,  T5284: Validation warning: aiMesh::mVertices[4196]: bone weight sum != 1.0 (sum is 1.136163)
Warn,  T5284: Validation warning: aiMesh::mVertices[4197]: bone weight sum != 1.0 (sum is 1.181914)
Warn,  T5284: Validation warning: aiMesh::mVertices[4198]: bone weight sum != 1.0 (sum is 1.084616)
Warn,  T5284: Validation warning: aiMesh::mVertices[4199]: bone weight sum != 1.0 (sum is 1.059641)
Warn,  T5284: Validation warning: aiMesh::mVertices[4200]: bone weight sum != 1.0 (sum is 1.059641)
Warn,  T5284: Validation warning: aiMesh::mVertices[4201]: bone weight sum != 1.0 (sum is 1.084616)
Warn,  T5284: Validation warning: aiMesh::mVertices[4205]: bone weight sum != 1.0 (sum is 1.059641)
Warn,  T5284: Validation warning: aiMesh::mVertices[4221]: bone weight sum != 1.0 (sum is 1.079627)
Debug, T5284: ValidateDataStructureProcess end
Info,  T5284: Load C:/projects/MM1/extern/assimp-master/assimp-master/test/models/IFC/AC14-FZK-Haus.ifc
Debug, T5284: Assimp 6.0.0 amd64 gcc debug shared singlethreadedsingle : 
Info,  T5284: Found a matching importer for this file format: Industry Foundation Classes (IFC) Importer.
Info,  T5284: Import root directory is 'C:/projects/MM1/extern/assimp-master/assimp-master/test/models/IFC\'
Debug, T5284: IFC: File schema is 'IFC2X3'
Debug, T5284: STEP: got 82226 object records with 5788 inverse index entries
Debug, T5284: IFC: got units used for lengths
Debug, T5284: IFC: got units used for angles
Debug, T5284: IFC: got world coordinate system
Debug, T5284: IFC: looking at spatial structure `GelÃ¤nde`
Debug, T5284: IFC: selecting this spatial structure as root structure
Debug, T5284: IFC: generate mesh procedurally by extrusion (IfcExtrudedAreaSolid)
Warn,  T5284: IFC: skipping unknown IfcGeometricRepresentationItem entity, type is IfcPolyline id is 794
Debug, T5284: IFC: removing duplicate vertices
Warn,  T5284: IFC: Face 0 is not parallel with face 0 - opening on entity 828
Warn,  T5284: IFC: Face 1 is not parallel with face 0 - opening on entity 828
Warn,  T5284: IFC: Face 2 is not parallel with face 0 - opening on entity 828
Warn,  T5284: IFC: Face 3 is not parallel with face 0 - opening on entity 828
Warn,  T5284: IFC: Face 4 is not parallel with face 0 - opening on entity 828
Warn,  T5284: IFC: Face 5 is not parallel with face 0 - opening on entity 828
Warn,  T5284: IFC: Face 0 is not parallel with face 0 - opening on entity 828
Warn,  T5284: IFC: Face 1 is not parallel with face 0 - opening on entity 828
Warn,  T5284: IFC: Face 2 is not parallel with face 0 - opening on entity 828
Warn,  T5284: IFC: Face 3 is not parallel with face 0 - opening on entity 828
Warn,  T5284: IFC: Face 4 is not parallel with face 0 - opening on entity 828
Warn,  T5284: IFC: Face 5 is not parallel with face 0 - opening on entity 828
Warn,  T5284: IFC: Face 0 is not parallel with face 0 - opening on entity 828
Warn,  T5284: IFC: Face 1 is not parallel with face 0 - opening on entity 828
Warn,  T5284: IFC: Face 2 is not parallel with face 0 - opening on entity 828
Warn,  T5284: IFC: Face 3 is not parallel with face 0 - opening on entity 828
Warn,  T5284: IFC: Face 4 is not parallel with face 0 - opening on entity 828
Warn,  T5284: IFC: Face 5 is not parallel with face 0 - opening on entity 828
Error, T5284: IFC: failed to generate all window caps on ID 828
Debug, T5284: IFC: generate mesh procedurally by extrusion (IfcExtrudedAreaSolid)
Debug, T5284: IFC: removing duplicate vertices
Debug, T5284: IFC: removing degenerate faces
Debug, T5284: IFC: generate mesh procedurally by extrusion (IfcExtrudedAreaSolid)
Warn,  T5284: IFC: skipping unknown IfcGeometricRepresentationItem entity, type is IfcPolyline id is 9833
Debug, T5284: IFC: removing duplicate vertices
Warn,  T5284: IFC: Face 0 is not parallel with face 0 - opening on entity 9867
Warn,  T5284: IFC: Face 1 is not parallel with face 0 - opening on entity 9867
Warn,  T5284: IFC: Face 2 is not parallel with face 0 - opening on entity 9867
Warn,  T5284: IFC: Face 3 is not parallel with face 0 - opening on entity 9867
Warn,  T5284: IFC: Face 4 is not parallel with face 0 - opening on entity 9867
Warn,  T5284: IFC: Face 5 is not parallel with face 0 - opening on entity 9867
Warn,  T5284: IFC: Face 0 is not parallel with face 0 - opening on entity 9867
Warn,  T5284: IFC: Face 1 is not parallel with face 0 - opening on entity 9867
Warn,  T5284: IFC: Face 2 is not parallel with face 0 - opening on entity 9867
Warn,  T5284: IFC: Face 3 is not parallel with face 0 - opening on entity 9867
Warn,  T5284: IFC: Face 4 is not parallel with face 0 - opening on entity 9867
Warn,  T5284: IFC: Face 5 is not parallel with face 0 - opening on entity 9867
Warn,  T5284: IFC: Face 0 is not parallel with face 0 - opening on entity 9867
Warn,  T5284: IFC: Face 1 is not parallel with face 0 - opening on entity 9867
Warn,  T5284: IFC: Face 2 is not parallel with face 0 - opening on entity 9867
Warn,  T5284: IFC: Face 3 is not parallel with face 0 - opening on entity 9867
Warn,  T5284: IFC: Face 4 is not parallel with face 0 - opening on entity 9867
Warn,  T5284: IFC: Face 5 is not parallel with face 0 - opening on entity 9867
Error, T5284: IFC: failed to generate all window caps on ID 9867
Debug, T5284: IFC: generate mesh procedurally by extrusion (IfcExtrudedAreaSolid)
Debug, T5284: IFC: removing duplicate vertices
Debug, T5284: IFC: removing degenerate faces
Debug, T5284: IFC: generate mesh procedurally by extrusion (IfcExtrudedAreaSolid)
Warn,  T5284: IFC: skipping unknown IfcGeometricRepresentationItem entity, type is IfcPolyline id is 16147
Debug, T5284: IFC: removing duplicate vertices
Warn,  T5284: IFC: Face 0 is not parallel with face 0 - opening on entity 16181
Warn,  T5284: IFC: Face 1 is not parallel with face 0 - opening on entity 16181
Warn,  T5284: IFC: Face 2 is not parallel with face 0 - opening on entity 16181
Warn,  T5284: IFC: Face 3 is not parallel with face 0 - opening on entity 16181
Warn,  T5284: IFC: Face 4 is not parallel with face 0 - opening on entity 16181
Warn,  T5284: IFC: Face 5 is not parallel with face 0 - opening on entity 16181
Warn,  T5284: IFC: Face 0 is not parallel with face 0 - opening on entity 16181
Warn,  T5284: IFC: Face 1 is not parallel with face 0 - opening on entity 16181
Warn,  T5284: IFC: Face 2 is not parallel with face 0 - opening on entity 16181
Warn,  T5284: IFC: Face 3 is not parallel with face 0 - opening on entity 16181
Warn,  T5284: IFC: Face 4 is not parallel with face 0 - opening on entity 16181
Warn,  T5284: IFC: Face 5 is not parallel with face 0 - opening on entity 16181
Error, T5284: IFC: failed to generate all window caps on ID 16181
Debug, T5284: IFC: generate mesh procedurally by extrusion (IfcExtrudedAreaSolid)
Warn,  T5284: IFC: skipping unknown IfcGeometricRepresentationItem entity, type is IfcPolyline id is 16550
Debug, T5284: IFC: removing duplicate vertices
Warn,  T5284: IFC: Face 0 is not parallel with face 0 - opening on entity 16584
Warn,  T5284: IFC: Face 1 is not parallel with face 0 - opening on entity 16584
Warn,  T5284: IFC: Face 2 is not parallel with face 0 - opening on entity 16584
Warn,  T5284: IFC: Face 3 is not parallel with face 0 - opening on entity 16584
Warn,  T5284: IFC: Face 4 is not parallel with face 0 - opening on entity 16584
Warn,  T5284: IFC: Face 5 is not parallel with face 0 - opening on entity 16584
Warn,  T5284: IFC: Face 0 is not parallel with face 0 - opening on entity 16584
Warn,  T5284: IFC: Face 1 is not parallel with face 0 - opening on entity 16584
Warn,  T5284: IFC: Face 2 is not parallel with face 0 - opening on entity 16584
Warn,  T5284: IFC: Face 3 is not parallel with face 0 - opening on entity 16584
Warn,  T5284: IFC: Face 4 is not parallel with face 0 - opening on entity 16584
Warn,  T5284: IFC: Face 5 is not parallel with face 0 - opening on entity 16584
Warn,  T5284: IFC: Face 0 is not parallel with face 0 - opening on entity 16584
Warn,  T5284: IFC: Face 1 is not parallel with face 0 - opening on entity 16584
Warn,  T5284: IFC: Face 2 is not parallel with face 0 - opening on entity 16584
Warn,  T5284: IFC: Face 3 is not parallel with face 0 - opening on entity 16584
Warn,  T5284: IFC: Face 4 is not parallel with face 0 - opening on entity 16584
Warn,  T5284: IFC: Face 5 is not parallel with face 0 - opening on entity 16584
Error, T5284: IFC: failed to generate all window caps on ID 16584
Debug, T5284: IFC: generate mesh procedurally by extrusion (IfcExtrudedAreaSolid)
Warn,  T5284: IFC: skipping unknown IfcGeometricRepresentationItem entity, type is IfcPolyline id is 17098
Debug, T5284: IFC: removing duplicate vertices
Debug, T5284: IFC: generate mesh procedurally by extrusion (IfcExtrudedAreaSolid)
Warn,  T5284: IFC: skipping unknown IfcGeometricRepresentationItem entity, type is IfcPolyline id is 17223
Debug, T5284: IFC: removing duplicate vertices
Debug, T5284: IFC: generate mesh procedurally by extrusion (IfcExtrudedAreaSolid)
Warn,  T5284: IFC: skipping unknown IfcGeometricRepresentationItem entity, type is IfcPolyline id is 17350
Debug, T5284: IFC: removing duplicate vertices
Debug, T5284: IFC: generate mesh procedurally by extrusion (IfcExtrudedAreaSolid)
Warn,  T5284: IFC: skipping unknown IfcGeometricRepresentationItem entity, type is IfcPolyline id is 17473
Debug, T5284: IFC: removing duplicate vertices
Warn,  T5284: IFC: Face 0 is not parallel with face 0 - opening on entity 17507
Warn,  T5284: IFC: Face 1 is not parallel with face 0 - opening on entity 17507
Warn,  T5284: IFC: Face 2 is not parallel with face 0 - opening on entity 17507
Warn,  T5284: IFC: Face 3 is not parallel with face 0 - opening on entity 17507
Warn,  T5284: IFC: Face 4 is not parallel with face 0 - opening on entity 17507
Warn,  T5284: IFC: Face 5 is not parallel with face 0 - opening on entity 17507
Warn,  T5284: IFC: Face 0 is not parallel with face 0 - opening on entity 17507
Warn,  T5284: IFC: Face 1 is not parallel with face 0 - opening on entity 17507
Warn,  T5284: IFC: Face 2 is not parallel with face 0 - opening on entity 17507
Warn,  T5284: IFC: Face 3 is not parallel with face 0 - opening on entity 17507
Warn,  T5284: IFC: Face 4 is not parallel with face 0 - opening on entity 17507
Warn,  T5284: IFC: Face 5 is not parallel with face 0 - opening on entity 17507
Error, T5284: IFC: failed to generate all window caps on ID 17507
Debug, T5284: IFC: generate mesh procedurally by extrusion (IfcExtrudedAreaSolid)
Warn,  T5284: IFC: skipping unknown IfcGeometricRepresentationItem entity, type is IfcPolyline id is 18192
Debug, T5284: IFC: removing duplicate vertices
Warn,  T5284: IFC: Face 0 is not parallel with face 0 - opening on entity 18226
Warn,  T5284: IFC: Face 1 is not parallel with face 0 - opening on entity 18226
Warn,  T5284: IFC: Face 2 is not parallel with face 0 - opening on entity 18226
Warn,  T5284: IFC: Face 3 is not parallel with face 0 - opening on entity 18226
Warn,  T5284: IFC: Face 4 is not parallel with face 0 - opening on entity 18226
Warn,  T5284: IFC: Face 5 is not parallel with face 0 - opening on entity 18226
Error, T5284: IFC: failed to generate all window caps on ID 18226
Debug, T5284: IFC: generate mesh procedurally by extrusion (IfcExtrudedAreaSolid)
Debug, T5284: IFC: removing degenerate faces
Debug, T5284: IFC: removing duplicate vertices
Debug, T5284: IFC: removing degenerate faces
Debug, T5284: IFC: generate mesh procedurally by extrusion (IfcExtrudedAreaSolid)
Debug, T5284: IFC: removing duplicate vertices
Debug, T5284: IFC: generate mesh procedurally by extrusion (IfcExtrudedAreaSolid)
Debug, T5284: IFC: skipping IfcAnnotation entity due to importer settings
Debug, T5284: IFC: skipping IfcSpace entity due to importer settings
Warn,  T5284: IFC: skipping unknown IfcGeometricRepresentationItem entity, type is IfcPolyline id is 211382
Debug, T5284: IFC: removing duplicate vertices
Debug, T5284: IFC: generate mesh procedurally by extrusion (IfcExtrudedAreaSolid)
Debug, T5284: IFC: generating CSG geometry by plane clipping (IfcBooleanClippingResult)
Debug, T5284: IFC: generate mesh procedurally by extrusion (IfcExtrudedAreaSolid)
Warn,  T5284: IFC: skipping unknown IfcGeometricRepresentationItem entity, type is IfcPolyline id is 211505
Debug, T5284: IFC: removing duplicate vertices
Warn,  T5284: IFC: Face 0 is not parallel with face 0 - opening on entity 211621
Warn,  T5284: IFC: Face 1 is not parallel with face 0 - opening on entity 211621
Warn,  T5284: IFC: Face 2 is not parallel with face 0 - opening on entity 211621
Warn,  T5284: IFC: Face 3 is not parallel with face 0 - opening on entity 211621
Warn,  T5284: IFC: Face 4 is not parallel with face 0 - opening on entity 211621
Warn,  T5284: IFC: Face 5 is not parallel with face 0 - opening on entity 211621
Warn,  T5284: IFC: Face 6 is not parallel with face 0 - opening on entity 211621
Warn,  T5284: IFC: Face 7 is not parallel with face 0 - opening on entity 211621
Warn,  T5284: IFC: Face 8 is not parallel with face 0 - opening on entity 211621
Warn,  T5284: IFC: Face 9 is not parallel with face 0 - opening on entity 211621
Warn,  T5284: IFC: Face 10 is not parallel with face 0 - opening on entity 211621
Warn,  T5284: IFC: Face 11 is not parallel with face 0 - opening on entity 211621
Warn,  T5284: IFC: Face 12 is not parallel with face 0 - opening on entity 211621
Warn,  T5284: IFC: Face 13 is not parallel with face 0 - opening on entity 211621
Warn,  T5284: IFC: Face 14 is not parallel with face 0 - opening on entity 211621
Warn,  T5284: IFC: Face 15 is not parallel with face 0 - opening on entity 211621
Warn,  T5284: IFC: Face 16 is not parallel with face 0 - opening on entity 211621
Warn,  T5284: IFC: Face 17 is not parallel with face 0 - opening on entity 211621
Warn,  T5284: IFC: Face 18 is not parallel with face 0 - opening on entity 211621
Warn,  T5284: IFC: Face 19 is not parallel with face 0 - opening on entity 211621
Warn,  T5284: IFC: Face 20 is not parallel with face 0 - opening on entity 211621
Warn,  T5284: IFC: Face 21 is not parallel with face 0 - opening on entity 211621
Warn,  T5284: IFC: Face 22 is not parallel with face 0 - opening on entity 211621
Warn,  T5284: IFC: Face 23 is not parallel with face 0 - opening on entity 211621
Warn,  T5284: IFC: Face 24 is not parallel with face 0 - opening on entity 211621
Warn,  T5284: IFC: Face 25 is not parallel with face 0 - opening on entity 211621
Warn,  T5284: IFC: Face 26 is not parallel with face 0 - opening on entity 211621
Warn,  T5284: IFC: Face 27 is not parallel with face 0 - opening on entity 211621
Warn,  T5284: IFC: Face 28 is not parallel with face 0 - opening on entity 211621
Warn,  T5284: IFC: Face 29 is not parallel with face 0 - opening on entity 211621
Warn,  T5284: IFC: Face 30 is not parallel with face 0 - opening on entity 211621
Warn,  T5284: IFC: Face 31 is not parallel with face 0 - opening on entity 211621
Warn,  T5284: IFC: Face 32 is not parallel with face 0 - opening on entity 211621
Warn,  T5284: IFC: Face 33 is not parallel with face 0 - opening on entity 211621
Error, T5284: IFC: failed to generate all window caps on ID 211621
Debug, T5284: IFC: generate mesh procedurally by extrusion (IfcExtrudedAreaSolid)
Debug, T5284: IFC: generating CSG geometry by plane clipping with polygonal bounding (IfcBooleanClippingResult)
Debug, T5284: IFC: removing duplicate vertices
Debug, T5284: IFC: removing degenerate faces
Debug, T5284: IFC: removing duplicate vertices
Debug, T5284: IFC: removing degenerate faces
Warn,  T5284: IFC: skipping unknown IfcGeometricRepresentationItem entity, type is IfcPolyline id is 223602
Debug, T5284: IFC: removing duplicate vertices
Debug, T5284: IFC: generate mesh procedurally by extrusion (IfcExtrudedAreaSolid)
Debug, T5284: IFC: generating CSG geometry by plane clipping (IfcBooleanClippingResult)
Debug, T5284: IFC: generate mesh procedurally by extrusion (IfcExtrudedAreaSolid)
Warn,  T5284: IFC: skipping unknown IfcGeometricRepresentationItem entity, type is IfcPolyline id is 223745
Debug, T5284: IFC: removing duplicate vertices
Warn,  T5284: IFC: Face 0 is not parallel with face 0 - opening on entity 223861
Warn,  T5284: IFC: Face 1 is not parallel with face 0 - opening on entity 223861
Warn,  T5284: IFC: Face 2 is not parallel with face 0 - opening on entity 223861
Warn,  T5284: IFC: Face 3 is not parallel with face 0 - opening on entity 223861
Warn,  T5284: IFC: Face 4 is not parallel with face 0 - opening on entity 223861
Warn,  T5284: IFC: Face 5 is not parallel with face 0 - opening on entity 223861
Warn,  T5284: IFC: Face 6 is not parallel with face 0 - opening on entity 223861
Warn,  T5284: IFC: Face 7 is not parallel with face 0 - opening on entity 223861
Warn,  T5284: IFC: Face 8 is not parallel with face 0 - opening on entity 223861
Warn,  T5284: IFC: Face 9 is not parallel with face 0 - opening on entity 223861
Warn,  T5284: IFC: Face 10 is not parallel with face 0 - opening on entity 223861
Warn,  T5284: IFC: Face 11 is not parallel with face 0 - opening on entity 223861
Warn,  T5284: IFC: Face 12 is not parallel with face 0 - opening on entity 223861
Warn,  T5284: IFC: Face 13 is not parallel with face 0 - opening on entity 223861
Warn,  T5284: IFC: Face 14 is not parallel with face 0 - opening on entity 223861
Warn,  T5284: IFC: Face 15 is not parallel with face 0 - opening on entity 223861
Warn,  T5284: IFC: Face 16 is not parallel with face 0 - opening on entity 223861
Warn,  T5284: IFC: Face 17 is not parallel with face 0 - opening on entity 223861
Warn,  T5284: IFC: Face 18 is not parallel with face 0 - opening on entity 223861
Warn,  T5284: IFC: Face 19 is not parallel with face 0 - opening on entity 223861
Warn,  T5284: IFC: Face 20 is not parallel with face 0 - opening on entity 223861
Warn,  T5284: IFC: Face 21 is not parallel with face 0 - opening on entity 223861
Warn,  T5284: IFC: Face 22 is not parallel with face 0 - opening on entity 223861
Warn,  T5284: IFC: Face 23 is not parallel with face 0 - opening on entity 223861
Warn,  T5284: IFC: Face 24 is not parallel with face 0 - opening on entity 223861
Warn,  T5284: IFC: Face 25 is not parallel with face 0 - opening on entity 223861
Warn,  T5284: IFC: Face 26 is not parallel with face 0 - opening on entity 223861
Warn,  T5284: IFC: Face 27 is not parallel with face 0 - opening on entity 223861
Warn,  T5284: IFC: Face 28 is not parallel with face 0 - opening on entity 223861
Warn,  T5284: IFC: Face 29 is not parallel with face 0 - opening on entity 223861
Warn,  T5284: IFC: Face 30 is not parallel with face 0 - opening on entity 223861
Warn,  T5284: IFC: Face 31 is not parallel with face 0 - opening on entity 223861
Warn,  T5284: IFC: Face 32 is not parallel with face 0 - opening on entity 223861
Warn,  T5284: IFC: Face 33 is not parallel with face 0 - opening on entity 223861
Error, T5284: IFC: failed to generate all window caps on ID 223861
Debug, T5284: IFC: generate mesh procedurally by extrusion (IfcExtrudedAreaSolid)
Debug, T5284: IFC: generating CSG geometry by plane clipping with polygonal bounding (IfcBooleanClippingResult)
Debug, T5284: IFC: removing duplicate vertices
Debug, T5284: IFC: removing degenerate faces
Debug, T5284: IFC: generate mesh procedurally by extrusion (IfcExtrudedAreaSolid)
Debug, T5284: IFC: generating CSG geometry by plane clipping (IfcBooleanClippingResult)
Debug, T5284: IFC: generate mesh procedurally by extrusion (IfcExtrudedAreaSolid)
Debug, T5284: IFC: generating CSG geometry by plane clipping (IfcBooleanClippingResult)
Debug, T5284: IFC: generate mesh procedurally by extrusion (IfcExtrudedAreaSolid)
Debug, T5284: IFC: generating CSG geometry by plane clipping (IfcBooleanClippingResult)
Debug, T5284: IFC: generate mesh procedurally by extrusion (IfcExtrudedAreaSolid)
Debug, T5284: IFC: generating CSG geometry by plane clipping (IfcBooleanClippingResult)
Debug, T5284: IFC: generate mesh procedurally by extrusion (IfcExtrudedAreaSolid)
Debug, T5284: IFC: removing duplicate vertices
Debug, T5284: IFC: generate mesh procedurally by extrusion (IfcExtrudedAreaSolid)
Debug, T5284: IFC: removing duplicate vertices
Warn,  T5284: IFC: Face 0 is not parallel with face 0 - opening on entity 296472
Warn,  T5284: IFC: Face 1 is not parallel with face 0 - opening on entity 296472
Warn,  T5284: IFC: Face 2 is not parallel with face 0 - opening on entity 296472
Warn,  T5284: IFC: Face 3 is not parallel with face 0 - opening on entity 296472
Warn,  T5284: IFC: Face 4 is not parallel with face 0 - opening on entity 296472
Warn,  T5284: IFC: Face 5 is not parallel with face 0 - opening on entity 296472
Warn,  T5284: IFC: failed to resolve all openings, presumably their topology is not supported by Assimp - ID 296472 sides_with_openings 0 sides_with_v_openings 2
Debug, T5284: IFC: generate mesh procedurally by extrusion (IfcExtrudedAreaSolid)
Debug, T5284: IFC: removing duplicate vertices
Debug, T5284: IFC: removing degenerate faces
Debug, T5284: IFC: removing duplicate vertices
Debug, T5284: IFC: generate mesh procedurally by extrusion (IfcExtrudedAreaSolid)
Debug, T5284: IFC: removing duplicate vertices
Debug, T5284: IFC: generate mesh procedurally by extrusion (IfcExtrudedAreaSolid)
Debug, T5284: IFC: skipping IfcAnnotation entity due to importer settings
Debug, T5284: IFC: skipping IfcSpace entity due to importer settings
Debug, T5284: IFC: STEP: evaluated 70094 object records
Debug, T5284: UpdateImporterScale scale set: 1
Debug, T5284: ValidateDataStructureProcess begin
Debug, T5284: ValidateDataStructureProcess end
Info,  T5284: Load $$$___magic___$$$.
Debug, T5284: Assimp 6.0.0 amd64 gcc debug shared singlethreadedsingle : 
Info,  T5284: File extension not known, trying signature-based detection
Debug, T5284: Found positive match for header keyword: HEADER
Info,  T5284: Found a matching importer for this file format: Drawing Interchange Format (DXF) Importer.
Info,  T5284: Import root directory is '.\'
Warn,  T5284: DXF: EOF reached, but did not encounter DXF EOF marker
Debug, T5284: DXF: Unexpanded polycount is 0, vertex count is 0
Error, T5284: DXF: no data blocks loaded
Info,  T5284: Load C:/projects/MM1/extern/assimp-master/assimp-master/test/models/HMP/terrain.hmp
Debug, T5284: Assimp 6.0.0 amd64 gcc debug shared singlethreadedsingle : 
Info,  T5284: Found a matching importer for this file format: 3D GameStudio Heightmap (HMP) Importer.
Info,  T5284: Import root directory is 'C:/projects/MM1/extern/assimp-master/assimp-master/test/models/HMP\'
Debug, T5284: HMP subtype: 3D GameStudio A7, magic word is HMP7
Debug, T5284: UpdateImporterScale scale set: 1
Debug, T5284: ValidateDataStructureProcess begin
Debug, T5284: ValidateDataStructureProcess end
Info,  T5284: Load C:/projects/MM1/extern/assimp-master/assimp-master/test/models/glTF2/BoxTextured-glTF/BoxTextured.gltf
Debug, T5284: Assimp 6.0.0 amd64 gcc debug shared singlethreadedsingle : 
Info,  T5284: Found a possible importer: glTF Importer; trying signature-based detection
Info,  T5284: Found a possible importer: glTF2 Importer; trying signature-based detection
Debug, T5284: Loading GLTF2 asset
Debug, T5284: Parsing GLTF2 JSON
Info,  T5284: Found a matching importer for this file format: glTF2 Importer.
Info,  T5284: Import root directory is 'C:/projects/MM1/extern/assimp-master/assimp-master/test/models/glTF2/BoxTextured-glTF\'
Debug, T5284: Reading GLTF2 file
Debug, T5284: Loading GLTF2 asset
Debug, T5284: Parsing GLTF2 JSON
Debug, T5284: Importing 1 materials
Debug, T5284: Importing 1 meshes
Debug, T5284: Importing nodes
Debug, T5284: Importing 0 animations
Debug, T5284: Importing metadata
Debug, T5284: UpdateImporterScale scale set: 1
Debug, T5284: ValidateDataStructureProcess begin
Debug, T5284: ValidateDataStructureProcess end
Error, T5284: Material property$tex.mapping is a string; failed to parse an integer array out of it.
Info,  T5284: Load C:/projects/MM1/extern/assimp-master/assimp-master/test/models/glTF2/2CylinderEngine-glTF-Binary/2CylinderEngine.glb
Debug, T5284: Assimp 6.0.0 amd64 gcc debug shared singlethreadedsingle : 
Info,  T5284: Found a possible importer: glTF Importer; trying signature-based detection
Info,  T5284: Found a possible importer: glTF2 Importer; trying signature-based detection
Debug, T5284: Loading GLTF2 asset
Debug, T5284: Reading GLTF2 binary
Debug, T5284: Parsing GLTF2 JSON
Info,  T5284: Found a matching importer for this file format: glTF2 Importer.
Info,  T5284: Import root directory is 'C:/projects/MM1/extern/assimp-master/assimp-master/test/models/glTF2/2CylinderEngine-glTF-Binary\'
Debug, T5284: Reading GLTF2 file
Debug, T5284: Loading GLTF2 asset
Debug, T5284: Reading GLTF2 binary
Debug, T5284: Parsing GLTF2 JSON
Debug, T5284: Importing 34 materials
Debug, T5284: Importing 29 meshes
Debug, T5284: Importing 1 cameras
Debug, T5284: Importing nodes
Debug, T5284: Importing 0 animations
Debug, T5284: Importing metadata
Debug, T5284: UpdateImporterScale scale set: 1
Debug, T5284: ValidateDataStructureProcess begin
Debug, T5284: ValidateDataStructureProcess end
Info,  T5284: Load C:/projects/MM1/extern/assimp-master/assimp-master/test/models/glTF2/BoxTextured-glTF-pbrSpecularGlossiness/BoxTextured.gltf
Debug, T5284: Assimp 6.0.0 amd64 gcc debug shared singlethreadedsingle : 
Info,  T5284: Found a possible importer: glTF Importer; trying signature-based detection
Info,  T5284: Found a possible importer: glTF2 Importer; trying signature-based detection
Debug, T5284: Loading GLTF2 asset
Debug, T5284: Parsing GLTF2 JSON
Info,  T5284: Found a matching importer for this file format: glTF2 Importer.
Info,  T5284: Import root directory is 'C:/projects/MM1/extern/assimp-master/assimp-master/test/models/glTF2/BoxTextured-glTF-pbrSpecularGlossiness\'
Debug, T5284: Reading GLTF2 file
Debug, T5284: Loading GLTF2 asset
Debug, T5284: Parsing GLTF2 JSON
Debug, T5284: Importing 1 materials
Debug, T5284: Importing 1 meshes
Debug, T5284: Importing nodes
Debug, T5284: Importing 0 animations
Debug, T5284: Importing metadata
Debug, T5284: UpdateImporterScale scale set: 1
Debug, T5284: ValidateDataStructureProcess begin
Debug, T5284: ValidateDataStructureProcess end
Error, T5284: Material property$tex.mapping is a string; failed to parse an integer array out of it.
Info,  T5284: Load C:/projects/MM1/extern/assimp-master/assimp-master/test/models/glTF2/ClearCoat-glTF/ClearCoatTest.gltf
Debug, T5284: Assimp 6.0.0 amd64 gcc debug shared singlethreadedsingle : 
Info,  T5284: Found a possible importer: glTF Importer; trying signature-based detection
Info,  T5284: Found a possible importer: glTF2 Importer; trying signature-based detection
Debug, T5284: Loading GLTF2 asset
Debug, T5284: Parsing GLTF2 JSON
Info,  T5284: Found a matching importer for this file format: glTF2 Importer.
Info,  T5284: Import root directory is 'C:/projects/MM1/extern/assimp-master/assimp-master/test/models/glTF2/ClearCoat-glTF\'
Debug, T5284: Reading GLTF2 file
Debug, T5284: Loading GLTF2 asset
Debug, T5284: Parsing GLTF2 JSON
Debug, T5284: Importing 19 materials
Debug, T5284: Importing 27 meshes
Debug, T5284: Importing nodes
Debug, T5284: Importing 0 animations
Debug, T5284: Importing metadata
Debug, T5284: UpdateImporterScale scale set: 1
Debug, T5284: ValidateDataStructureProcess begin
Debug, T5284: ValidateDataStructureProcess end
Info,  T5284: Load C:/projects/MM1/extern/assimp-master/assimp-master/test/models/glTF2/ClearCoat-glTF/ClearCoatTest.gltf
Debug, T5284: Assimp 6.0.0 amd64 gcc debug shared singlethreadedsingle : 
Info,  T5284: Found a possible importer: glTF Importer; trying signature-based detection
Info,  T5284: Found a possible importer: glTF2 Importer; trying signature-based detection
Debug, T5284: Loading GLTF2 asset
Debug, T5284: Parsing GLTF2 JSON
Info,  T5284: Found a matching importer for this file format: glTF2 Importer.
Info,  T5284: Import root directory is 'C:/projects/MM1/extern/assimp-master/assimp-master/test/models/glTF2/ClearCoat-glTF\'
Debug, T5284: Reading GLTF2 file
Debug, T5284: Loading GLTF2 asset
Debug, T5284: Parsing GLTF2 JSON
Debug, T5284: Importing 19 materials
Debug, T5284: Importing 27 meshes
Debug, T5284: Importing nodes
Debug, T5284: Importing 0 animations
Debug, T5284: Importing metadata
Debug, T5284: UpdateImporterScale scale set: 1
Debug, T5284: ValidateDataStructureProcess begin
Debug, T5284: ValidateDataStructureProcess end
Debug, T5284: TriangulateProcess begin
Debug, T5284: TriangulateProcess finished. There was nothing to be done.
Debug, T5284: SortByPTypeProcess begin
Info,  T5284: Points: 0, Lines: 0, Triangles: 27, Polygons: 0 (Meshes, X = removed)
Debug, T5284: SortByPTypeProcess finished
Debug, T5284: JoinVerticesProcess begin
Debug, T5284: Mesh 0 (ClearCoatSampleMesh) | Verts in: 1113 out: 1113 | ~0%
Debug, T5284: Mesh 1 (ClearCoatSampleMesh) | Verts in: 1113 out: 1113 | ~0%
Debug, T5284: Mesh 2 (ClearCoatSampleMesh) | Verts in: 1113 out: 1113 | ~0%
Debug, T5284: Mesh 3 (ClearCoatSampleMesh) | Verts in: 1113 out: 1113 | ~0%
Debug, T5284: Mesh 4 (ClearCoatSampleMesh) | Verts in: 1113 out: 1113 | ~0%
Debug, T5284: Mesh 5 (ClearCoatSampleMesh) | Verts in: 1113 out: 1113 | ~0%
Debug, T5284: Mesh 6 (ClearCoatSampleMesh) | Verts in: 1113 out: 1113 | ~0%
Debug, T5284: Mesh 7 (ClearCoatSampleMesh) | Verts in: 1113 out: 1113 | ~0%
Debug, T5284: Mesh 8 (ClearCoatSampleMesh) | Verts in: 1113 out: 1113 | ~0%
Debug, T5284: Mesh 9 (ClearCoatSampleMesh) | Verts in: 1113 out: 1113 | ~0%
Debug, T5284: Mesh 10 (ClearCoatSampleMesh) | Verts in: 1113 out: 1113 | ~0%
Debug, T5284: Mesh 11 (ClearCoatSampleMesh) | Verts in: 1113 out: 1113 | ~0%
Debug, T5284: Mesh 12 (ClearCoatSampleMesh) | Verts in: 1113 out: 1113 | ~0%
Debug, T5284: Mesh 13 (ClearCoatSampleMesh) | Verts in: 1113 out: 1113 | ~0%
Debug, T5284: Mesh 14 (ClearCoatSampleMesh) | Verts in: 1113 out: 1113 | ~0%
Debug, T5284: Mesh 15 (ClearCoatSampleMesh) | Verts in: 1113 out: 1113 | ~0%
Debug, T5284: Mesh 16 (ClearCoatSampleMesh) | Verts in: 1113 out: 1113 | ~0%
Debug, T5284: Mesh 17 (ClearCoatSampleMesh) | Verts in: 1113 out: 1113 | ~0%
Debug, T5284: Mesh 18 (Labels_Mesh) | Verts in: 8 out: 8 | ~0%
Debug, T5284: Mesh 19 (Labels_Mesh.001) | Verts in: 8 out: 8 | ~0%
Debug, T5284: Mesh 20 (Labels_Mesh.002) | Verts in: 8 out: 8 | ~0%
Debug, T5284: Mesh 21 (Labels_Mesh.003) | Verts in: 8 out: 8 | ~0%
Debug, T5284: Mesh 22 (Labels_Mesh.004) | Verts in: 8 out: 8 | ~0%
Debug, T5284: Mesh 23 (Labels_Mesh.005) | Verts in: 8 out: 8 | ~0%
Debug, T5284: Mesh 24 (Labels_Mesh.006) | Verts in: 8 out: 8 | ~0%
Debug, T5284: Mesh 25 (Labels_Mesh.007) | Verts in: 8 out: 8 | ~0%
Debug, T5284: Mesh 26 (Labels_Mesh.008) | Verts in: 8 out: 8 | ~0%
Debug, T5284: JoinVerticesProcess finished 
Info,  T5284: Load C:/projects/MM1/extern/assimp-master/assimp-master/test/models/glTF2/ClearCoat-glTF/ClearCoatTest_out.glb
Debug, T5284: Assimp 6.0.0 amd64 gcc debug shared singlethreadedsingle : 
Info,  T5284: Found a possible importer: glTF Importer; trying signature-based detection
Info,  T5284: Found a possible importer: glTF2 Importer; trying signature-based detection
Debug, T5284: Loading GLTF2 asset
Debug, T5284: Reading GLTF2 binary
Debug, T5284: Parsing GLTF2 JSON
Info,  T5284: Found a matching importer for this file format: glTF2 Importer.
Info,  T5284: Import root directory is 'C:/projects/MM1/extern/assimp-master/assimp-master/test/models/glTF2/ClearCoat-glTF\'
Debug, T5284: Reading GLTF2 file
Debug, T5284: Loading GLTF2 asset
Debug, T5284: Reading GLTF2 binary
Debug, T5284: Parsing GLTF2 JSON
Debug, T5284: Importing 19 materials
Debug, T5284: Importing 27 meshes
Debug, T5284: Importing nodes
Debug, T5284: Importing 0 animations
Debug, T5284: Importing metadata
Debug, T5284: UpdateImporterScale scale set: 1
Debug, T5284: ValidateDataStructureProcess begin
Debug, T5284: ValidateDataStructureProcess end
Error, T5284: Material property$tex.mapping is a string; failed to parse an integer array out of it.
Info,  T5284: Load C:/projects/MM1/extern/assimp-master/assimp-master/test/models/glTF2/BoxTextured-glTF-pbrSpecularGlossiness/BoxTextured.gltf
Debug, T5284: Assimp 6.0.0 amd64 gcc debug shared singlethreadedsingle : 
Info,  T5284: Found a possible importer: glTF Importer; trying signature-based detection
Info,  T5284: Found a possible importer: glTF2 Importer; trying signature-based detection
Debug, T5284: Loading GLTF2 asset
Debug, T5284: Parsing GLTF2 JSON
Info,  T5284: Found a matching importer for this file format: glTF2 Importer.
Info,  T5284: Import root directory is 'C:/projects/MM1/extern/assimp-master/assimp-master/test/models/glTF2/BoxTextured-glTF-pbrSpecularGlossiness\'
Debug, T5284: Reading GLTF2 file
Debug, T5284: Loading GLTF2 asset
Debug, T5284: Parsing GLTF2 JSON
Debug, T5284: Importing 1 materials
Debug, T5284: Importing 1 meshes
Debug, T5284: Importing nodes
Debug, T5284: Importing 0 animations
Debug, T5284: Importing metadata
Debug, T5284: UpdateImporterScale scale set: 1
Debug, T5284: ValidateDataStructureProcess begin
Debug, T5284: ValidateDataStructureProcess end
Debug, T5284: TriangulateProcess begin
Debug, T5284: TriangulateProcess finished. There was nothing to be done.
Debug, T5284: SortByPTypeProcess begin
Info,  T5284: Points: 0, Lines: 0, Triangles: 1, Polygons: 0 (Meshes, X = removed)
Debug, T5284: SortByPTypeProcess finished
Debug, T5284: JoinVerticesProcess begin
Debug, T5284: Mesh 0 (Mesh) | Verts in: 24 out: 24 | ~0%
Debug, T5284: JoinVerticesProcess finished 
Info,  T5284: Load C:/projects/MM1/extern/assimp-master/assimp-master/test/models/glTF2/BoxTextured-glTF-pbrSpecularGlossiness/BoxTextured_out.glb
Debug, T5284: Assimp 6.0.0 amd64 gcc debug shared singlethreadedsingle : 
Info,  T5284: Found a possible importer: glTF Importer; trying signature-based detection
Info,  T5284: Found a possible importer: glTF2 Importer; trying signature-based detection
Debug, T5284: Loading GLTF2 asset
Debug, T5284: Reading GLTF2 binary
Debug, T5284: Parsing GLTF2 JSON
Info,  T5284: Found a matching importer for this file format: glTF2 Importer.
Info,  T5284: Import root directory is 'C:/projects/MM1/extern/assimp-master/assimp-master/test/models/glTF2/BoxTextured-glTF-pbrSpecularGlossiness\'
Debug, T5284: Reading GLTF2 file
Debug, T5284: Loading GLTF2 asset
Debug, T5284: Reading GLTF2 binary
Debug, T5284: Parsing GLTF2 JSON
Debug, T5284: Importing 1 materials
Debug, T5284: Importing 1 meshes
Debug, T5284: Importing nodes
Debug, T5284: Importing 0 animations
Debug, T5284: Importing metadata
Debug, T5284: UpdateImporterScale scale set: 1
Debug, T5284: ValidateDataStructureProcess begin
Debug, T5284: ValidateDataStructureProcess end
Error, T5284: Material property$tex.mapping is a string; failed to parse an integer array out of it.
Debug, T5284: TriangulateProcess begin
Debug, T5284: TriangulateProcess finished. There was nothing to be done.
Debug, T5284: SortByPTypeProcess begin
Info,  T5284: Points: 0, Lines: 0, Triangles: 1, Polygons: 0 (Meshes, X = removed)
Debug, T5284: SortByPTypeProcess finished
Debug, T5284: JoinVerticesProcess begin
Debug, T5284: Mesh 0 (Mesh) | Verts in: 24 out: 24 | ~0%
Debug, T5284: JoinVerticesProcess finished 
Info,  T5284: Load C:/projects/MM1/extern/assimp-master/assimp-master/test/models/glTF2/BoxTextured-glTF-pbrSpecularGlossiness/BoxTextured_out.glb
Debug, T5284: Assimp 6.0.0 amd64 gcc debug shared singlethreadedsingle : 
Info,  T5284: Found a possible importer: glTF Importer; trying signature-based detection
Info,  T5284: Found a possible importer: glTF2 Importer; trying signature-based detection
Debug, T5284: Loading GLTF2 asset
Debug, T5284: Reading GLTF2 binary
Debug, T5284: Parsing GLTF2 JSON
Info,  T5284: Found a matching importer for this file format: glTF2 Importer.
Info,  T5284: Import root directory is 'C:/projects/MM1/extern/assimp-master/assimp-master/test/models/glTF2/BoxTextured-glTF-pbrSpecularGlossiness\'
Debug, T5284: Reading GLTF2 file
Debug, T5284: Loading GLTF2 asset
Debug, T5284: Reading GLTF2 binary
Debug, T5284: Parsing GLTF2 JSON
Debug, T5284: Importing 1 materials
Debug, T5284: Importing 1 meshes
Debug, T5284: Importing nodes
Debug, T5284: Importing 0 animations
Debug, T5284: Importing metadata
Debug, T5284: UpdateImporterScale scale set: 1
Debug, T5284: ValidateDataStructureProcess begin
Debug, T5284: ValidateDataStructureProcess end
Error, T5284: Material property$tex.mapping is a string; failed to parse an integer array out of it.
Info,  T5284: Load C:/projects/MM1/extern/assimp-master/assimp-master/test/models/glTF2/BoxTextured-glTF/BoxTextured.gltf
Debug, T5284: Assimp 6.0.0 amd64 gcc debug shared singlethreadedsingle : 
Info,  T5284: Found a possible importer: glTF Importer; trying signature-based detection
Info,  T5284: Found a possible importer: glTF2 Importer; trying signature-based detection
Debug, T5284: Loading GLTF2 asset
Debug, T5284: Parsing GLTF2 JSON
Info,  T5284: Found a matching importer for this file format: glTF2 Importer.
Info,  T5284: Import root directory is 'C:/projects/MM1/extern/assimp-master/assimp-master/test/models/glTF2/BoxTextured-glTF\'
Debug, T5284: Reading GLTF2 file
Debug, T5284: Loading GLTF2 asset
Debug, T5284: Parsing GLTF2 JSON
Debug, T5284: Importing 1 materials
Debug, T5284: Importing 1 meshes
Debug, T5284: Importing nodes
Debug, T5284: Importing 0 animations
Debug, T5284: Importing metadata
Debug, T5284: UpdateImporterScale scale set: 1
Debug, T5284: ValidateDataStructureProcess begin
Debug, T5284: ValidateDataStructureProcess end
Info,  T5284: Load C:/projects/MM1/extern/assimp-master/assimp-master/test/models/glTF2/BoxTextured-glTF-Embedded/BoxTextured.gltf
Debug, T5284: Assimp 6.0.0 amd64 gcc debug shared singlethreadedsingle : 
Info,  T5284: Found a possible importer: glTF Importer; trying signature-based detection
Info,  T5284: Found a possible importer: glTF2 Importer; trying signature-based detection
Debug, T5284: Loading GLTF2 asset
Debug, T5284: Parsing GLTF2 JSON
Info,  T5284: Found a matching importer for this file format: glTF2 Importer.
Info,  T5284: Import root directory is 'C:/projects/MM1/extern/assimp-master/assimp-master/test/models/glTF2/BoxTextured-glTF-Embedded\'
Debug, T5284: Reading GLTF2 file
Debug, T5284: Loading GLTF2 asset
Debug, T5284: Parsing GLTF2 JSON
Debug, T5284: Importing 1 embedded textures
Debug, T5284: Importing 1 materials
Debug, T5284: Importing 1 meshes
Debug, T5284: Importing nodes
Debug, T5284: Importing 0 animations
Debug, T5284: Importing metadata
Debug, T5284: UpdateImporterScale scale set: 1
Debug, T5284: ValidateDataStructureProcess begin
Debug, T5284: ValidateDataStructureProcess end
Info,  T5284: Load C:/projects/MM1/extern/assimp-master/assimp-master/test/models/glTF2/glTF-Asset-Generator/Mesh_PrimitiveMode/Mesh_PrimitiveMode_00.gltf
Debug, T5284: Assimp 6.0.0 amd64 gcc debug shared singlethreadedsingle : 
Info,  T5284: Found a possible importer: glTF Importer; trying signature-based detection
Info,  T5284: Found a possible importer: glTF2 Importer; trying signature-based detection
Debug, T5284: Loading GLTF2 asset
Debug, T5284: Parsing GLTF2 JSON
Info,  T5284: Found a matching importer for this file format: glTF2 Importer.
Info,  T5284: Import root directory is 'C:/projects/MM1/extern/assimp-master/assimp-master/test/models/glTF2/glTF-Asset-Generator/Mesh_PrimitiveMode\'
Debug, T5284: Reading GLTF2 file
Debug, T5284: Loading GLTF2 asset
Debug, T5284: Parsing GLTF2 JSON
Debug, T5284: Importing 0 materials
Debug, T5284: Importing 1 meshes
Debug, T5284: Importing nodes
Debug, T5284: Importing 0 animations
Debug, T5284: Importing metadata
Debug, T5284: UpdateImporterScale scale set: 1
Debug, T5284: ValidateDataStructureProcess begin
Debug, T5284: ValidateDataStructureProcess end
Info,  T5284: Load C:/projects/MM1/extern/assimp-master/assimp-master/test/models/glTF2/glTF-Asset-Generator/Mesh_PrimitiveMode/Mesh_PrimitiveMode_01.gltf
Debug, T5284: Assimp 6.0.0 amd64 gcc debug shared singlethreadedsingle : 
Info,  T5284: Found a possible importer: glTF Importer; trying signature-based detection
Info,  T5284: Found a possible importer: glTF2 Importer; trying signature-based detection
Debug, T5284: Loading GLTF2 asset
Debug, T5284: Parsing GLTF2 JSON
Info,  T5284: Found a matching importer for this file format: glTF2 Importer.
Info,  T5284: Import root directory is 'C:/projects/MM1/extern/assimp-master/assimp-master/test/models/glTF2/glTF-Asset-Generator/Mesh_PrimitiveMode\'
Debug, T5284: Reading GLTF2 file
Debug, T5284: Loading GLTF2 asset
Debug, T5284: Parsing GLTF2 JSON
Debug, T5284: Importing 0 materials
Debug, T5284: Importing 1 meshes
Debug, T5284: Importing nodes
Debug, T5284: Importing 0 animations
Debug, T5284: Importing metadata
Debug, T5284: UpdateImporterScale scale set: 1
Debug, T5284: ValidateDataStructureProcess begin
Debug, T5284: ValidateDataStructureProcess end
Info,  T5284: Load C:/projects/MM1/extern/assimp-master/assimp-master/test/models/glTF2/glTF-Asset-Generator/Mesh_PrimitiveMode/Mesh_PrimitiveMode_02.gltf
Debug, T5284: Assimp 6.0.0 amd64 gcc debug shared singlethreadedsingle : 
Info,  T5284: Found a possible importer: glTF Importer; trying signature-based detection
Info,  T5284: Found a possible importer: glTF2 Importer; trying signature-based detection
Debug, T5284: Loading GLTF2 asset
Debug, T5284: Parsing GLTF2 JSON
Info,  T5284: Found a matching importer for this file format: glTF2 Importer.
Info,  T5284: Import root directory is 'C:/projects/MM1/extern/assimp-master/assimp-master/test/models/glTF2/glTF-Asset-Generator/Mesh_PrimitiveMode\'
Debug, T5284: Reading GLTF2 file
Debug, T5284: Loading GLTF2 asset
Debug, T5284: Parsing GLTF2 JSON
Debug, T5284: Importing 0 materials
Debug, T5284: Importing 1 meshes
Debug, T5284: Importing nodes
Debug, T5284: Importing 0 animations
Debug, T5284: Importing metadata
Debug, T5284: UpdateImporterScale scale set: 1
Debug, T5284: ValidateDataStructureProcess begin
Debug, T5284: ValidateDataStructureProcess end
Info,  T5284: Load C:/projects/MM1/extern/assimp-master/assimp-master/test/models/glTF2/glTF-Asset-Generator/Mesh_PrimitiveMode/Mesh_PrimitiveMode_03.gltf
Debug, T5284: Assimp 6.0.0 amd64 gcc debug shared singlethreadedsingle : 
Info,  T5284: Found a possible importer: glTF Importer; trying signature-based detection
Info,  T5284: Found a possible importer: glTF2 Importer; trying signature-based detection
Debug, T5284: Loading GLTF2 asset
Debug, T5284: Parsing GLTF2 JSON
Info,  T5284: Found a matching importer for this file format: glTF2 Importer.
Info,  T5284: Import root directory is 'C:/projects/MM1/extern/assimp-master/assimp-master/test/models/glTF2/glTF-Asset-Generator/Mesh_PrimitiveMode\'
Debug, T5284: Reading GLTF2 file
Debug, T5284: Loading GLTF2 asset
Debug, T5284: Parsing GLTF2 JSON
Debug, T5284: Importing 0 materials
Debug, T5284: Importing 1 meshes
Debug, T5284: Importing nodes
Debug, T5284: Importing 0 animations
Debug, T5284: Importing metadata
Debug, T5284: UpdateImporterScale scale set: 1
Debug, T5284: ValidateDataStructureProcess begin
Debug, T5284: ValidateDataStructureProcess end
Info,  T5284: Load C:/projects/MM1/extern/assimp-master/assimp-master/test/models/glTF2/glTF-Asset-Generator/Mesh_PrimitiveMode/Mesh_PrimitiveMode_04.gltf
Debug, T5284: Assimp 6.0.0 amd64 gcc debug shared singlethreadedsingle : 
Info,  T5284: Found a possible importer: glTF Importer; trying signature-based detection
Info,  T5284: Found a possible importer: glTF2 Importer; trying signature-based detection
Debug, T5284: Loading GLTF2 asset
Debug, T5284: Parsing GLTF2 JSON
Info,  T5284: Found a matching importer for this file format: glTF2 Importer.
Info,  T5284: Import root directory is 'C:/projects/MM1/extern/assimp-master/assimp-master/test/models/glTF2/glTF-Asset-Generator/Mesh_PrimitiveMode\'
Debug, T5284: Reading GLTF2 file
Debug, T5284: Loading GLTF2 asset
Debug, T5284: Parsing GLTF2 JSON
Debug, T5284: Importing 0 materials
Debug, T5284: Importing 1 meshes
Debug, T5284: Importing nodes
Debug, T5284: Importing 0 animations
Debug, T5284: Importing metadata
Debug, T5284: UpdateImporterScale scale set: 1
Debug, T5284: ValidateDataStructureProcess begin
Debug, T5284: ValidateDataStructureProcess end
Info,  T5284: Load C:/projects/MM1/extern/assimp-master/assimp-master/test/models/glTF2/glTF-Asset-Generator/Mesh_PrimitiveMode/Mesh_PrimitiveMode_05.gltf
Debug, T5284: Assimp 6.0.0 amd64 gcc debug shared singlethreadedsingle : 
Info,  T5284: Found a possible importer: glTF Importer; trying signature-based detection
Info,  T5284: Found a possible importer: glTF2 Importer; trying signature-based detection
Debug, T5284: Loading GLTF2 asset
Debug, T5284: Parsing GLTF2 JSON
Info,  T5284: Found a matching importer for this file format: glTF2 Importer.
Info,  T5284: Import root directory is 'C:/projects/MM1/extern/assimp-master/assimp-master/test/models/glTF2/glTF-Asset-Generator/Mesh_PrimitiveMode\'
Debug, T5284: Reading GLTF2 file
Debug, T5284: Loading GLTF2 asset
Debug, T5284: Parsing GLTF2 JSON
Debug, T5284: Importing 0 materials
Debug, T5284: Importing 1 meshes
Debug, T5284: Importing nodes
Debug, T5284: Importing 0 animations
Debug, T5284: Importing metadata
Debug, T5284: UpdateImporterScale scale set: 1
Debug, T5284: ValidateDataStructureProcess begin
Debug, T5284: ValidateDataStructureProcess end
Info,  T5284: Load C:/projects/MM1/extern/assimp-master/assimp-master/test/models/glTF2/glTF-Asset-Generator/Mesh_PrimitiveMode/Mesh_PrimitiveMode_06.gltf
Debug, T5284: Assimp 6.0.0 amd64 gcc debug shared singlethreadedsingle : 
Info,  T5284: Found a possible importer: glTF Importer; trying signature-based detection
Info,  T5284: Found a possible importer: glTF2 Importer; trying signature-based detection
Debug, T5284: Loading GLTF2 asset
Debug, T5284: Parsing GLTF2 JSON
Info,  T5284: Found a matching importer for this file format: glTF2 Importer.
Info,  T5284: Import root directory is 'C:/projects/MM1/extern/assimp-master/assimp-master/test/models/glTF2/glTF-Asset-Generator/Mesh_PrimitiveMode\'
Debug, T5284: Reading GLTF2 file
Debug, T5284: Loading GLTF2 asset
Debug, T5284: Parsing GLTF2 JSON
Debug, T5284: Importing 0 materials
Debug, T5284: Importing 1 meshes
Debug, T5284: Importing nodes
Debug, T5284: Importing 0 animations
Debug, T5284: Importing metadata
Debug, T5284: UpdateImporterScale scale set: 1
Debug, T5284: ValidateDataStructureProcess begin
Debug, T5284: ValidateDataStructureProcess end
Info,  T5284: Load C:/projects/MM1/extern/assimp-master/assimp-master/test/models/glTF2/glTF-Asset-Generator/Mesh_PrimitiveMode/Mesh_PrimitiveMode_07.gltf
Debug, T5284: Assimp 6.0.0 amd64 gcc debug shared singlethreadedsingle : 
Info,  T5284: Found a possible importer: glTF Importer; trying signature-based detection
Info,  T5284: Found a possible importer: glTF2 Importer; trying signature-based detection
Debug, T5284: Loading GLTF2 asset
Debug, T5284: Parsing GLTF2 JSON
Info,  T5284: Found a matching importer for this file format: glTF2 Importer.
Info,  T5284: Import root directory is 'C:/projects/MM1/extern/assimp-master/assimp-master/test/models/glTF2/glTF-Asset-Generator/Mesh_PrimitiveMode\'
Debug, T5284: Reading GLTF2 file
Debug, T5284: Loading GLTF2 asset
Debug, T5284: Parsing GLTF2 JSON
Debug, T5284: Importing 0 materials
Debug, T5284: Importing 1 meshes
Debug, T5284: Importing nodes
Debug, T5284: Importing 0 animations
Debug, T5284: Importing metadata
Debug, T5284: UpdateImporterScale scale set: 1
Debug, T5284: ValidateDataStructureProcess begin
Debug, T5284: ValidateDataStructureProcess end
Info,  T5284: Load C:/projects/MM1/extern/assimp-master/assimp-master/test/models/glTF2/glTF-Asset-Generator/Mesh_PrimitiveMode/Mesh_PrimitiveMode_08.gltf
Debug, T5284: Assimp 6.0.0 amd64 gcc debug shared singlethreadedsingle : 
Info,  T5284: Found a possible importer: glTF Importer; trying signature-based detection
Info,  T5284: Found a possible importer: glTF2 Importer; trying signature-based detection
Debug, T5284: Loading GLTF2 asset
Debug, T5284: Parsing GLTF2 JSON
Info,  T5284: Found a matching importer for this file format: glTF2 Importer.
Info,  T5284: Import root directory is 'C:/projects/MM1/extern/assimp-master/assimp-master/test/models/glTF2/glTF-Asset-Generator/Mesh_PrimitiveMode\'
Debug, T5284: Reading GLTF2 file
Debug, T5284: Loading GLTF2 asset
Debug, T5284: Parsing GLTF2 JSON
Debug, T5284: Importing 0 materials
Debug, T5284: Importing 1 meshes
Debug, T5284: Importing nodes
Debug, T5284: Importing 0 animations
Debug, T5284: Importing metadata
Debug, T5284: UpdateImporterScale scale set: 1
Debug, T5284: ValidateDataStructureProcess begin
Debug, T5284: ValidateDataStructureProcess end
Info,  T5284: Load C:/projects/MM1/extern/assimp-master/assimp-master/test/models/glTF2/glTF-Asset-Generator/Mesh_PrimitiveMode/Mesh_PrimitiveMode_09.gltf
Debug, T5284: Assimp 6.0.0 amd64 gcc debug shared singlethreadedsingle : 
Info,  T5284: Found a possible importer: glTF Importer; trying signature-based detection
Info,  T5284: Found a possible importer: glTF2 Importer; trying signature-based detection
Debug, T5284: Loading GLTF2 asset
Debug, T5284: Parsing GLTF2 JSON
Info,  T5284: Found a matching importer for this file format: glTF2 Importer.
Info,  T5284: Import root directory is 'C:/projects/MM1/extern/assimp-master/assimp-master/test/models/glTF2/glTF-Asset-Generator/Mesh_PrimitiveMode\'
Debug, T5284: Reading GLTF2 file
Debug, T5284: Loading GLTF2 asset
Debug, T5284: Parsing GLTF2 JSON
Debug, T5284: Importing 0 materials
Debug, T5284: Importing 1 meshes
Debug, T5284: Importing nodes
Debug, T5284: Importing 0 animations
Debug, T5284: Importing metadata
Debug, T5284: UpdateImporterScale scale set: 1
Debug, T5284: ValidateDataStructureProcess begin
Debug, T5284: ValidateDataStructureProcess end
Info,  T5284: Load C:/projects/MM1/extern/assimp-master/assimp-master/test/models/glTF2/glTF-Asset-Generator/Mesh_PrimitiveMode/Mesh_PrimitiveMode_10.gltf
Debug, T5284: Assimp 6.0.0 amd64 gcc debug shared singlethreadedsingle : 
Info,  T5284: Found a possible importer: glTF Importer; trying signature-based detection
Info,  T5284: Found a possible importer: glTF2 Importer; trying signature-based detection
Debug, T5284: Loading GLTF2 asset
Debug, T5284: Parsing GLTF2 JSON
Info,  T5284: Found a matching importer for this file format: glTF2 Importer.
Info,  T5284: Import root directory is 'C:/projects/MM1/extern/assimp-master/assimp-master/test/models/glTF2/glTF-Asset-Generator/Mesh_PrimitiveMode\'
Debug, T5284: Reading GLTF2 file
Debug, T5284: Loading GLTF2 asset
Debug, T5284: Parsing GLTF2 JSON
Debug, T5284: Importing 0 materials
Debug, T5284: Importing 1 meshes
Debug, T5284: Importing nodes
Debug, T5284: Importing 0 animations
Debug, T5284: Importing metadata
Debug, T5284: UpdateImporterScale scale set: 1
Debug, T5284: ValidateDataStructureProcess begin
Debug, T5284: ValidateDataStructureProcess end
Info,  T5284: Load C:/projects/MM1/extern/assimp-master/assimp-master/test/models/glTF2/glTF-Asset-Generator/Mesh_PrimitiveMode/Mesh_PrimitiveMode_11.gltf
Debug, T5284: Assimp 6.0.0 amd64 gcc debug shared singlethreadedsingle : 
Info,  T5284: Found a possible importer: glTF Importer; trying signature-based detection
Info,  T5284: Found a possible importer: glTF2 Importer; trying signature-based detection
Debug, T5284: Loading GLTF2 asset
Debug, T5284: Parsing GLTF2 JSON
Info,  T5284: Found a matching importer for this file format: glTF2 Importer.
Info,  T5284: Import root directory is 'C:/projects/MM1/extern/assimp-master/assimp-master/test/models/glTF2/glTF-Asset-Generator/Mesh_PrimitiveMode\'
Debug, T5284: Reading GLTF2 file
Debug, T5284: Loading GLTF2 asset
Debug, T5284: Parsing GLTF2 JSON
Debug, T5284: Importing 0 materials
Debug, T5284: Importing 1 meshes
Debug, T5284: Importing nodes
Debug, T5284: Importing 0 animations
Debug, T5284: Importing metadata
Debug, T5284: UpdateImporterScale scale set: 1
Debug, T5284: ValidateDataStructureProcess begin
Debug, T5284: ValidateDataStructureProcess end
Info,  T5284: Load C:/projects/MM1/extern/assimp-master/assimp-master/test/models/glTF2/glTF-Asset-Generator/Mesh_PrimitiveMode/Mesh_PrimitiveMode_12.gltf
Debug, T5284: Assimp 6.0.0 amd64 gcc debug shared singlethreadedsingle : 
Info,  T5284: Found a possible importer: glTF Importer; trying signature-based detection
Info,  T5284: Found a possible importer: glTF2 Importer; trying signature-based detection
Debug, T5284: Loading GLTF2 asset
Debug, T5284: Parsing GLTF2 JSON
Info,  T5284: Found a matching importer for this file format: glTF2 Importer.
Info,  T5284: Import root directory is 'C:/projects/MM1/extern/assimp-master/assimp-master/test/models/glTF2/glTF-Asset-Generator/Mesh_PrimitiveMode\'
Debug, T5284: Reading GLTF2 file
Debug, T5284: Loading GLTF2 asset
Debug, T5284: Parsing GLTF2 JSON
Debug, T5284: Importing 0 materials
Debug, T5284: Importing 1 meshes
Debug, T5284: Importing nodes
Debug, T5284: Importing 0 animations
Debug, T5284: Importing metadata
Debug, T5284: UpdateImporterScale scale set: 1
Debug, T5284: ValidateDataStructureProcess begin
Debug, T5284: ValidateDataStructureProcess end
Info,  T5284: Load C:/projects/MM1/extern/assimp-master/assimp-master/test/models/glTF2/simple_skin/simple_skin.gltf
Debug, T5284: Assimp 6.0.0 amd64 gcc debug shared singlethreadedsingle : 
Info,  T5284: Found a possible importer: glTF Importer; trying signature-based detection
Info,  T5284: Found a possible importer: glTF2 Importer; trying signature-based detection
Debug, T5284: Loading GLTF2 asset
Debug, T5284: Parsing GLTF2 JSON
Info,  T5284: Found a matching importer for this file format: glTF2 Importer.
Info,  T5284: Import root directory is 'C:/projects/MM1/extern/assimp-master/assimp-master/test/models/glTF2/simple_skin\'
Debug, T5284: Reading GLTF2 file
Debug, T5284: Loading GLTF2 asset
Debug, T5284: Parsing GLTF2 JSON
Debug, T5284: Importing 0 materials
Debug, T5284: Importing 1 meshes
Debug, T5284: Importing nodes
Debug, T5284: Importing 1 animations
Debug, T5284: Importing metadata
Debug, T5284: UpdateImporterScale scale set: 1
Debug, T5284: ValidateDataStructureProcess begin
Debug, T5284: ValidateDataStructureProcess end
Debug, T5284: ScenePreprocessor: Dummy scaling track has been generated
Debug, T5284: ScenePreprocessor: Dummy position track has been generated
Info,  T5284: Load C:/projects/MM1/extern/assimp-master/assimp-master/test/models/glTF2/simple_skin/quad_skin.glb
Debug, T5284: Assimp 6.0.0 amd64 gcc debug shared singlethreadedsingle : 
Info,  T5284: Found a possible importer: glTF Importer; trying signature-based detection
Info,  T5284: Found a possible importer: glTF2 Importer; trying signature-based detection
Debug, T5284: Loading GLTF2 asset
Debug, T5284: Reading GLTF2 binary
Debug, T5284: Parsing GLTF2 JSON
Info,  T5284: Found a matching importer for this file format: glTF2 Importer.
Info,  T5284: Import root directory is 'C:/projects/MM1/extern/assimp-master/assimp-master/test/models/glTF2/simple_skin\'
Debug, T5284: Reading GLTF2 file
Debug, T5284: Loading GLTF2 asset
Debug, T5284: Reading GLTF2 binary
Debug, T5284: Parsing GLTF2 JSON
Debug, T5284: Importing 1 materials
Debug, T5284: Importing 1 meshes
Debug, T5284: Importing nodes
Debug, T5284: Importing 0 animations
Debug, T5284: Importing metadata
Debug, T5284: UpdateImporterScale scale set: 1
Debug, T5284: ValidateDataStructureProcess begin
Debug, T5284: ValidateDataStructureProcess end
Debug, T5284: TriangulateProcess begin
Debug, T5284: TriangulateProcess finished. There was nothing to be done.
Debug, T5284: SortByPTypeProcess begin
Info,  T5284: Points: 0, Lines: 0, Triangles: 1, Polygons: 0 (Meshes, X = removed)
Debug, T5284: SortByPTypeProcess finished
Debug, T5284: JoinVerticesProcess begin
Debug, T5284: Mesh 0 (Plane) | Verts in: 4 out: 4 | ~0%
Debug, T5284: JoinVerticesProcess finished 
Debug, T5284: TriangulateProcess begin
Debug, T5284: TriangulateProcess finished. There was nothing to be done.
Debug, T5284: SortByPTypeProcess begin
Info,  T5284: Points: 0, Lines: 0, Triangles: 1, Polygons: 0 (Meshes, X = removed)
Debug, T5284: SortByPTypeProcess finished
Debug, T5284: JoinVerticesProcess begin
Debug, T5284: Mesh 0 (Plane) | Verts in: 4 out: 4 | ~0%
Debug, T5284: JoinVerticesProcess finished 
Debug, T5284: TriangulateProcess begin
Debug, T5284: TriangulateProcess finished. There was nothing to be done.
Debug, T5284: SortByPTypeProcess begin
Info,  T5284: Points: 0, Lines: 0, Triangles: 1, Polygons: 0 (Meshes, X = removed)
Debug, T5284: SortByPTypeProcess finished
Debug, T5284: JoinVerticesProcess begin
Debug, T5284: Mesh 0 (Plane) | Verts in: 4 out: 4 | ~0%
Debug, T5284: JoinVerticesProcess finished 
Debug, T5284: TriangulateProcess begin
Debug, T5284: TriangulateProcess finished. There was nothing to be done.
Debug, T5284: SortByPTypeProcess begin
Info,  T5284: Points: 0, Lines: 0, Triangles: 1, Polygons: 0 (Meshes, X = removed)
Debug, T5284: SortByPTypeProcess finished
Debug, T5284: JoinVerticesProcess begin
Debug, T5284: Mesh 0 (Plane) | Verts in: 4 out: 4 | ~0%
Debug, T5284: JoinVerticesProcess finished 
Info,  T5284: Load C:/projects/MM1/extern/assimp-master/assimp-master/test/models/glTF2/simple_skin/quad_four_out.gltf
Debug, T5284: Assimp 6.0.0 amd64 gcc debug shared singlethreadedsingle : 
Debug, T5284: (Deleting previous scene)
Info,  T5284: Found a possible importer: glTF Importer; trying signature-based detection
Info,  T5284: Found a possible importer: glTF2 Importer; trying signature-based detection
Debug, T5284: Loading GLTF2 asset
Debug, T5284: Parsing GLTF2 JSON
Info,  T5284: Found a matching importer for this file format: glTF2 Importer.
Info,  T5284: Import root directory is 'C:/projects/MM1/extern/assimp-master/assimp-master/test/models/glTF2/simple_skin\'
Debug, T5284: Reading GLTF2 file
Debug, T5284: Loading GLTF2 asset
Debug, T5284: Parsing GLTF2 JSON
Debug, T5284: Importing 1 materials
Debug, T5284: Importing 1 meshes
Debug, T5284: Importing nodes
Debug, T5284: Importing 0 animations
Debug, T5284: Importing metadata
Debug, T5284: UpdateImporterScale scale set: 1
Debug, T5284: ValidateDataStructureProcess begin
Warn,  T5284: Validation warning: aiBone::mWeights[0].mWeight has an invalid value 0. Value must be greater than zero and less than 1.
Warn,  T5284: Validation warning: aiMesh::mVertices[0]: bone weight sum != 1.0 (sum is 0.625215)
Warn,  T5284: Validation warning: aiMesh::mVertices[3]: bone weight sum != 1.0 (sum is 0.907401)
Debug, T5284: ValidateDataStructureProcess end
Info,  T5284: Load C:/projects/MM1/extern/assimp-master/assimp-master/test/models/glTF2/simple_skin/quad_four_out.glb
Debug, T5284: Assimp 6.0.0 amd64 gcc debug shared singlethreadedsingle : 
Debug, T5284: (Deleting previous scene)
Info,  T5284: Found a possible importer: glTF Importer; trying signature-based detection
Info,  T5284: Found a possible importer: glTF2 Importer; trying signature-based detection
Debug, T5284: Loading GLTF2 asset
Debug, T5284: Reading GLTF2 binary
Debug, T5284: Parsing GLTF2 JSON
Info,  T5284: Found a matching importer for this file format: glTF2 Importer.
Info,  T5284: Import root directory is 'C:/projects/MM1/extern/assimp-master/assimp-master/test/models/glTF2/simple_skin\'
Debug, T5284: Reading GLTF2 file
Debug, T5284: Loading GLTF2 asset
Debug, T5284: Reading GLTF2 binary
Debug, T5284: Parsing GLTF2 JSON
Debug, T5284: Importing 1 materials
Debug, T5284: Importing 1 meshes
Debug, T5284: Importing nodes
Debug, T5284: Importing 0 animations
Debug, T5284: Importing metadata
Debug, T5284: UpdateImporterScale scale set: 1
Debug, T5284: ValidateDataStructureProcess begin
Warn,  T5284: Validation warning: aiBone::mWeights[0].mWeight has an invalid value 0. Value must be greater than zero and less than 1.
Warn,  T5284: Validation warning: aiMesh::mVertices[0]: bone weight sum != 1.0 (sum is 0.625215)
Warn,  T5284: Validation warning: aiMesh::mVertices[3]: bone weight sum != 1.0 (sum is 0.907401)
Debug, T5284: ValidateDataStructureProcess end
Info,  T5284: Load C:/projects/MM1/extern/assimp-master/assimp-master/test/models/glTF2/simple_skin/quad_all_out.gltf
Debug, T5284: Assimp 6.0.0 amd64 gcc debug shared singlethreadedsingle : 
Debug, T5284: (Deleting previous scene)
Info,  T5284: Found a possible importer: glTF Importer; trying signature-based detection
Info,  T5284: Found a possible importer: glTF2 Importer; trying signature-based detection
Debug, T5284: Loading GLTF2 asset
Debug, T5284: Parsing GLTF2 JSON
Info,  T5284: Found a matching importer for this file format: glTF2 Importer.
Info,  T5284: Import root directory is 'C:/projects/MM1/extern/assimp-master/assimp-master/test/models/glTF2/simple_skin\'
Debug, T5284: Reading GLTF2 file
Debug, T5284: Loading GLTF2 asset
Debug, T5284: Parsing GLTF2 JSON
Debug, T5284: Importing 1 materials
Debug, T5284: Importing 1 meshes
Debug, T5284: Importing nodes
Debug, T5284: Importing 0 animations
Debug, T5284: Importing metadata
Debug, T5284: UpdateImporterScale scale set: 1
Debug, T5284: ValidateDataStructureProcess begin
Debug, T5284: ValidateDataStructureProcess end
Info,  T5284: Load C:/projects/MM1/extern/assimp-master/assimp-master/test/models/glTF2/simple_skin/quad_all_out.glb
Debug, T5284: Assimp 6.0.0 amd64 gcc debug shared singlethreadedsingle : 
Debug, T5284: (Deleting previous scene)
Info,  T5284: Found a possible importer: glTF Importer; trying signature-based detection
Info,  T5284: Found a possible importer: glTF2 Importer; trying signature-based detection
Debug, T5284: Loading GLTF2 asset
Debug, T5284: Reading GLTF2 binary
Debug, T5284: Parsing GLTF2 JSON
Info,  T5284: Found a matching importer for this file format: glTF2 Importer.
Info,  T5284: Import root directory is 'C:/projects/MM1/extern/assimp-master/assimp-master/test/models/glTF2/simple_skin\'
Debug, T5284: Reading GLTF2 file
Debug, T5284: Loading GLTF2 asset
Debug, T5284: Reading GLTF2 binary
Debug, T5284: Parsing GLTF2 JSON
Debug, T5284: Importing 1 materials
Debug, T5284: Importing 1 meshes
Debug, T5284: Importing nodes
Debug, T5284: Importing 0 animations
Debug, T5284: Importing metadata
Debug, T5284: UpdateImporterScale scale set: 1
Debug, T5284: ValidateDataStructureProcess begin
Debug, T5284: ValidateDataStructureProcess end
Info,  T5284: Load C:/projects/MM1/extern/assimp-master/assimp-master/test/models/glTF2/cameras/Cameras.gltf
Debug, T5284: Assimp 6.0.0 amd64 gcc debug shared singlethreadedsingle : 
Info,  T5284: Found a possible importer: glTF Importer; trying signature-based detection
Info,  T5284: Found a possible importer: glTF2 Importer; trying signature-based detection
Debug, T5284: Loading GLTF2 asset
Debug, T5284: Parsing GLTF2 JSON
Info,  T5284: Found a matching importer for this file format: glTF2 Importer.
Info,  T5284: Import root directory is 'C:/projects/MM1/extern/assimp-master/assimp-master/test/models/glTF2/cameras\'
Debug, T5284: Reading GLTF2 file
Debug, T5284: Loading GLTF2 asset
Debug, T5284: Parsing GLTF2 JSON
Debug, T5284: Importing 0 materials
Debug, T5284: Importing 1 meshes
Debug, T5284: Importing 2 cameras
Debug, T5284: Importing nodes
Debug, T5284: Importing 0 animations
Debug, T5284: Importing metadata
Debug, T5284: UpdateImporterScale scale set: 1
Debug, T5284: ValidateDataStructureProcess begin
Warn,  T5284: Validation warning: 0.000000 is not a valid value for aiCamera::mHorizontalFOV
Debug, T5284: ValidateDataStructureProcess end
Info,  T5284: Load C:/projects/MM1/extern/assimp-master/assimp-master/test/models/glTF2/IncorrectVertexArrays/Cube.gltf
Debug, T5284: Assimp 6.0.0 amd64 gcc debug shared singlethreadedsingle : 
Info,  T5284: Found a possible importer: glTF Importer; trying signature-based detection
Info,  T5284: Found a possible importer: glTF2 Importer; trying signature-based detection
Debug, T5284: Loading GLTF2 asset
Debug, T5284: Parsing GLTF2 JSON
Info,  T5284: Found a matching importer for this file format: glTF2 Importer.
Info,  T5284: Import root directory is 'C:/projects/MM1/extern/assimp-master/assimp-master/test/models/glTF2/IncorrectVertexArrays\'
Debug, T5284: Reading GLTF2 file
Debug, T5284: Loading GLTF2 asset
Debug, T5284: Parsing GLTF2 JSON
Debug, T5284: Importing 0 materials
Debug, T5284: Importing 8 meshes
Warn,  T5284: The number of vertices was not compatible with the TRIANGLES mode. Some vertices were dropped.
Warn,  T5284: The number of vertices was not compatible with the LINES mode. Some vertices were dropped.
Warn,  T5284: The number of vertices was not compatible with the TRIANGLES mode. Some vertices were dropped.
Warn,  T5284: The number of vertices was not compatible with the LINES mode. Some vertices were dropped.
Debug, T5284: Importing nodes
Debug, T5284: Importing 0 animations
Debug, T5284: Importing metadata
Debug, T5284: UpdateImporterScale scale set: 1
Debug, T5284: ValidateDataStructureProcess begin
Warn,  T5284: Validation warning: There are unreferenced vertices
Debug, T5284: ValidateDataStructureProcess end
Info,  T5284: Load C:/projects/MM1/extern/assimp-master/assimp-master/test/models/glTF2/textureTransform/TextureTransformTest.gltf
Debug, T5284: Assimp 6.0.0 amd64 gcc debug shared singlethreadedsingle : 
Info,  T5284: Found a possible importer: glTF Importer; trying signature-based detection
Info,  T5284: Found a possible importer: glTF2 Importer; trying signature-based detection
Debug, T5284: Loading GLTF2 asset
Debug, T5284: Parsing GLTF2 JSON
Info,  T5284: Found a matching importer for this file format: glTF2 Importer.
Info,  T5284: Import root directory is 'C:/projects/MM1/extern/assimp-master/assimp-master/test/models/glTF2/textureTransform\'
Debug, T5284: Reading GLTF2 file
Debug, T5284: Loading GLTF2 asset
Debug, T5284: Parsing GLTF2 JSON
Debug, T5284: Importing 9 materials
Debug, T5284: Importing 9 meshes
Debug, T5284: Importing nodes
Debug, T5284: Importing 0 animations
Debug, T5284: Importing metadata
Debug, T5284: UpdateImporterScale scale set: 1
Debug, T5284: ValidateDataStructureProcess begin
Debug, T5284: ValidateDataStructureProcess end
Info,  T5284: Load C:/projects/MM1/extern/assimp-master/assimp-master/test/models/glTF2/BoxTextured-glTF/BoxTextured.gltf
Debug, T5284: Assimp 6.0.0 amd64 gcc debug shared singlethreadedsingle : 
Info,  T5284: Found a possible importer: glTF Importer; trying signature-based detection
Info,  T5284: Found a possible importer: glTF2 Importer; trying signature-based detection
Debug, T5284: Loading GLTF2 asset
Debug, T5284: Parsing GLTF2 JSON
Info,  T5284: Found a matching importer for this file format: glTF2 Importer.
Info,  T5284: Import root directory is 'C:/projects/MM1/extern/assimp-master/assimp-master/test/models/glTF2/BoxTextured-glTF\'
Debug, T5284: Reading GLTF2 file
Debug, T5284: Loading GLTF2 asset
Debug, T5284: Parsing GLTF2 JSON
Debug, T5284: Importing 1 materials
Debug, T5284: Importing 1 meshes
Debug, T5284: Importing nodes
Debug, T5284: Importing 0 animations
Debug, T5284: Importing metadata
Debug, T5284: UpdateImporterScale scale set: 1
Debug, T5284: ValidateDataStructureProcess begin
Debug, T5284: ValidateDataStructureProcess end
Debug, T5284: TriangulateProcess begin
Debug, T5284: TriangulateProcess finished. There was nothing to be done.
Debug, T5284: SortByPTypeProcess begin
Info,  T5284: Points: 0, Lines: 0, Triangles: 1, Polygons: 0 (Meshes, X = removed)
Debug, T5284: SortByPTypeProcess finished
Debug, T5284: JoinVerticesProcess begin
Debug, T5284: Mesh 0 (Mesh) | Verts in: 24 out: 24 | ~0%
Debug, T5284: JoinVerticesProcess finished 
Info,  T5284: Load C:/projects/MM1/extern/assimp-master/assimp-master/test/models/glTF2/glTF-Sample-Models/AnimatedMorphCube-glTF/AnimatedMorphCube.gltf
Debug, T5284: Assimp 6.0.0 amd64 gcc debug shared singlethreadedsingle : 
Info,  T5284: Found a possible importer: glTF Importer; trying signature-based detection
Info,  T5284: Found a possible importer: glTF2 Importer; trying signature-based detection
Debug, T5284: Loading GLTF2 asset
Debug, T5284: Parsing GLTF2 JSON
Info,  T5284: Found a matching importer for this file format: glTF2 Importer.
Info,  T5284: Import root directory is 'C:/projects/MM1/extern/assimp-master/assimp-master/test/models/glTF2/glTF-Sample-Models/AnimatedMorphCube-glTF\'
Debug, T5284: Reading GLTF2 file
Debug, T5284: Loading GLTF2 asset
Debug, T5284: Parsing GLTF2 JSON
Debug, T5284: Importing 1 materials
Debug, T5284: Importing 1 meshes
Debug, T5284: Importing nodes
Debug, T5284: Importing 1 animations
Debug, T5284: Importing metadata
Debug, T5284: UpdateImporterScale scale set: 1
Debug, T5284: ValidateDataStructureProcess begin
Debug, T5284: ValidateDataStructureProcess end
Debug, T5284: TriangulateProcess begin
Debug, T5284: TriangulateProcess finished. There was nothing to be done.
Debug, T5284: SortByPTypeProcess begin
Info,  T5284: Points: 0, Lines: 0, Triangles: 1, Polygons: 0 (Meshes, X = removed)
Debug, T5284: SortByPTypeProcess finished
Debug, T5284: JoinVerticesProcess begin
Debug, T5284: Mesh 0 (Cube) | Verts in: 24 out: 24 | ~0%
Debug, T5284: JoinVerticesProcess finished 
Info,  T5284: Load C:/projects/MM1/extern/assimp-master/assimp-master/test/models/glTF2/MissingBin/BoxTextured.gltf
Debug, T5284: Assimp 6.0.0 amd64 gcc debug shared singlethreadedsingle : 
Info,  T5284: Found a possible importer: glTF Importer; trying signature-based detection
Info,  T5284: Found a possible importer: glTF2 Importer; trying signature-based detection
Debug, T5284: Loading GLTF2 asset
Debug, T5284: Parsing GLTF2 JSON
Info,  T5284: Found a matching importer for this file format: glTF2 Importer.
Info,  T5284: Import root directory is 'C:/projects/MM1/extern/assimp-master/assimp-master/test/models/glTF2/MissingBin\'
Debug, T5284: Reading GLTF2 file
Debug, T5284: Loading GLTF2 asset
Debug, T5284: Parsing GLTF2 JSON
Error, T5284: GLTF: could not open referenced file "BoxTextured0.bin"
Info,  T5284: Load C:/projects/MM1/extern/assimp-master/assimp-master/test/models/glTF2/BoxWithInfinites-glTF-Binary/BoxWithInfinites.glb
Debug, T5284: Assimp 6.0.0 amd64 gcc debug shared singlethreadedsingle : 
Info,  T5284: Found a possible importer: glTF Importer; trying signature-based detection
Info,  T5284: Found a possible importer: glTF2 Importer; trying signature-based detection
Debug, T5284: Loading GLTF2 asset
Debug, T5284: Reading GLTF2 binary
Debug, T5284: Parsing GLTF2 JSON
Info,  T5284: Found a matching importer for this file format: glTF2 Importer.
Info,  T5284: Import root directory is 'C:/projects/MM1/extern/assimp-master/assimp-master/test/models/glTF2/BoxWithInfinites-glTF-Binary\'
Debug, T5284: Reading GLTF2 file
Debug, T5284: Loading GLTF2 asset
Debug, T5284: Reading GLTF2 binary
Debug, T5284: Parsing GLTF2 JSON
Debug, T5284: Importing 1 materials
Debug, T5284: Importing 1 meshes
Debug, T5284: Importing nodes
Debug, T5284: Importing 0 animations
Debug, T5284: Importing metadata
Debug, T5284: UpdateImporterScale scale set: 1
Debug, T5284: ValidateDataStructureProcess begin
Debug, T5284: ValidateDataStructureProcess end
Debug, T5284: TriangulateProcess begin
Debug, T5284: TriangulateProcess finished. There was nothing to be done.
Debug, T5284: SortByPTypeProcess begin
Info,  T5284: Points: 0, Lines: 0, Triangles: 1, Polygons: 0 (Meshes, X = removed)
Debug, T5284: SortByPTypeProcess finished
Debug, T5284: JoinVerticesProcess begin
Debug, T5284: Mesh 0 (Mesh) | Verts in: 24 out: 24 | ~0%
Debug, T5284: JoinVerticesProcess finished 
Debug, T5284: TriangulateProcess begin
Debug, T5284: TriangulateProcess finished. There was nothing to be done.
Debug, T5284: SortByPTypeProcess begin
Info,  T5284: Points: 0, Lines: 0, Triangles: 1, Polygons: 0 (Meshes, X = removed)
Debug, T5284: SortByPTypeProcess finished
Debug, T5284: JoinVerticesProcess begin
Debug, T5284: Mesh 0 (Mesh) | Verts in: 24 out: 24 | ~0%
Debug, T5284: JoinVerticesProcess finished 
Info,  T5284: Load C:/projects/MM1/extern/assimp-master/assimp-master/test/models/glTF2/BoxBadNormals-glTF-Binary/BoxBadNormals.glb
Debug, T5284: Assimp 6.0.0 amd64 gcc debug shared singlethreadedsingle : 
Info,  T5284: Found a possible importer: glTF Importer; trying signature-based detection
Info,  T5284: Found a possible importer: glTF2 Importer; trying signature-based detection
Debug, T5284: Loading GLTF2 asset
Debug, T5284: Reading GLTF2 binary
Debug, T5284: Parsing GLTF2 JSON
Info,  T5284: Found a matching importer for this file format: glTF2 Importer.
Info,  T5284: Import root directory is 'C:/projects/MM1/extern/assimp-master/assimp-master/test/models/glTF2/BoxBadNormals-glTF-Binary\'
Debug, T5284: Reading GLTF2 file
Debug, T5284: Loading GLTF2 asset
Debug, T5284: Reading GLTF2 binary
Debug, T5284: Parsing GLTF2 JSON
Debug, T5284: Importing 1 materials
Debug, T5284: Importing 1 meshes
Debug, T5284: Importing nodes
Debug, T5284: Importing 0 animations
Debug, T5284: Importing metadata
Debug, T5284: UpdateImporterScale scale set: 1
Debug, T5284: ValidateDataStructureProcess begin
Debug, T5284: ValidateDataStructureProcess end
Debug, T5284: TriangulateProcess begin
Debug, T5284: TriangulateProcess finished. There was nothing to be done.
Debug, T5284: SortByPTypeProcess begin
Info,  T5284: Points: 0, Lines: 0, Triangles: 1, Polygons: 0 (Meshes, X = removed)
Debug, T5284: SortByPTypeProcess finished
Debug, T5284: JoinVerticesProcess begin
Debug, T5284: Mesh 0 (Mesh) | Verts in: 24 out: 24 | ~0%
Debug, T5284: JoinVerticesProcess finished 
Info,  T5284: Load C:/projects/MM1/extern/assimp-master/assimp-master/test/models/glTF2/BoxBadNormals-glTF-Binary/BoxBadNormals_out.glb
Debug, T5284: Assimp 6.0.0 amd64 gcc debug shared singlethreadedsingle : 
Debug, T5284: (Deleting previous scene)
Info,  T5284: Found a possible importer: glTF Importer; trying signature-based detection
Info,  T5284: Found a possible importer: glTF2 Importer; trying signature-based detection
Debug, T5284: Loading GLTF2 asset
Debug, T5284: Reading GLTF2 binary
Debug, T5284: Parsing GLTF2 JSON
Info,  T5284: Found a matching importer for this file format: glTF2 Importer.
Info,  T5284: Import root directory is 'C:/projects/MM1/extern/assimp-master/assimp-master/test/models/glTF2/BoxBadNormals-glTF-Binary\'
Debug, T5284: Reading GLTF2 file
Debug, T5284: Loading GLTF2 asset
Debug, T5284: Reading GLTF2 binary
Debug, T5284: Parsing GLTF2 JSON
Debug, T5284: Importing 1 materials
Debug, T5284: Importing 1 meshes
Debug, T5284: Importing nodes
Debug, T5284: Importing 0 animations
Debug, T5284: Importing metadata
Debug, T5284: UpdateImporterScale scale set: 1
Debug, T5284: ValidateDataStructureProcess begin
Debug, T5284: ValidateDataStructureProcess end
Info,  T5284: Load C:/projects/MM1/extern/assimp-master/assimp-master/test/models/glTF2/BoxTextured-glTF/BoxTextured.gltf
Debug, T5284: Assimp 6.0.0 amd64 gcc debug shared singlethreadedsingle : 
Info,  T5284: Found a possible importer: glTF Importer; trying signature-based detection
Info,  T5284: Found a possible importer: glTF2 Importer; trying signature-based detection
Debug, T5284: Loading GLTF2 asset
Debug, T5284: Parsing GLTF2 JSON
Info,  T5284: Found a matching importer for this file format: glTF2 Importer.
Info,  T5284: Import root directory is 'C:/projects/MM1/extern/assimp-master/assimp-master/test/models/glTF2/BoxTextured-glTF\'
Debug, T5284: Reading GLTF2 file
Debug, T5284: Loading GLTF2 asset
Debug, T5284: Parsing GLTF2 JSON
Debug, T5284: Importing 1 materials
Debug, T5284: Importing 1 meshes
Debug, T5284: Importing nodes
Debug, T5284: Importing 0 animations
Debug, T5284: Importing metadata
Debug, T5284: UpdateImporterScale scale set: 1
Debug, T5284: ValidateDataStructureProcess begin
Debug, T5284: ValidateDataStructureProcess end
Info,  T5284: Load C:/projects/MM1/extern/assimp-master/assimp-master/test/models/glTF2/BoxTexcoords-glTF/boxTexcoords.gltf
Debug, T5284: Assimp 6.0.0 amd64 gcc debug shared singlethreadedsingle : 
Info,  T5284: Found a possible importer: glTF Importer; trying signature-based detection
Info,  T5284: Found a possible importer: glTF2 Importer; trying signature-based detection
Debug, T5284: Loading GLTF2 asset
Debug, T5284: Parsing GLTF2 JSON
Info,  T5284: Found a matching importer for this file format: glTF2 Importer.
Info,  T5284: Import root directory is 'C:/projects/MM1/extern/assimp-master/assimp-master/test/models/glTF2/BoxTexcoords-glTF\'
Debug, T5284: Reading GLTF2 file
Debug, T5284: Loading GLTF2 asset
Debug, T5284: Parsing GLTF2 JSON
Debug, T5284: Importing 1 materials
Debug, T5284: Importing 1 meshes
Debug, T5284: Importing nodes
Debug, T5284: Importing 0 animations
Debug, T5284: Importing metadata
Debug, T5284: UpdateImporterScale scale set: 1
Debug, T5284: ValidateDataStructureProcess begin
Debug, T5284: ValidateDataStructureProcess end
Info,  T5284: Load C:/projects/MM1/extern/assimp-master/assimp-master/test/models/glTF2/BoxTexcoords-glTF/boxTexcoords.gltf
Debug, T5284: Assimp 6.0.0 amd64 gcc debug shared singlethreadedsingle : 
Info,  T5284: Found a possible importer: glTF Importer; trying signature-based detection
Info,  T5284: Found a possible importer: glTF2 Importer; trying signature-based detection
Debug, T5284: Loading GLTF2 asset
Debug, T5284: Parsing GLTF2 JSON
Info,  T5284: Found a matching importer for this file format: glTF2 Importer.
Info,  T5284: Import root directory is 'C:/projects/MM1/extern/assimp-master/assimp-master/test/models/glTF2/BoxTexcoords-glTF\'
Debug, T5284: Reading GLTF2 file
Debug, T5284: Loading GLTF2 asset
Debug, T5284: Parsing GLTF2 JSON
Debug, T5284: Importing 1 materials
Debug, T5284: Importing 1 meshes
Debug, T5284: Importing nodes
Debug, T5284: Importing 0 animations
Debug, T5284: Importing metadata
Debug, T5284: UpdateImporterScale scale set: 1
Debug, T5284: ValidateDataStructureProcess begin
Debug, T5284: ValidateDataStructureProcess end
Debug, T5284: TriangulateProcess begin
Debug, T5284: TriangulateProcess finished. There was nothing to be done.
Debug, T5284: SortByPTypeProcess begin
Info,  T5284: Points: 0, Lines: 0, Triangles: 1, Polygons: 0 (Meshes, X = removed)
Debug, T5284: SortByPTypeProcess finished
Debug, T5284: JoinVerticesProcess begin
Debug, T5284: Mesh 0 (Cube) | Verts in: 24 out: 24 | ~0%
Debug, T5284: JoinVerticesProcess finished 
Info,  T5284: Load C:/projects/MM1/extern/assimp-master/assimp-master/test/models/glTF2/BoxTexcoords-glTF/boxTexcoords.gltf
Debug, T5284: Assimp 6.0.0 amd64 gcc debug shared singlethreadedsingle : 
Info,  T5284: Found a possible importer: glTF Importer; trying signature-based detection
Info,  T5284: Found a possible importer: glTF2 Importer; trying signature-based detection
Debug, T5284: Loading GLTF2 asset
Debug, T5284: Parsing GLTF2 JSON
Info,  T5284: Found a matching importer for this file format: glTF2 Importer.
Info,  T5284: Import root directory is 'C:/projects/MM1/extern/assimp-master/assimp-master/test/models/glTF2/BoxTexcoords-glTF\'
Debug, T5284: Reading GLTF2 file
Debug, T5284: Loading GLTF2 asset
Debug, T5284: Parsing GLTF2 JSON
Debug, T5284: Importing 1 materials
Debug, T5284: Importing 1 meshes
Debug, T5284: Importing nodes
Debug, T5284: Importing 0 animations
Debug, T5284: Importing metadata
Debug, T5284: UpdateImporterScale scale set: 1
Debug, T5284: ValidateDataStructureProcess begin
Debug, T5284: ValidateDataStructureProcess end
Info,  T5284: Load C:/projects/MM1/extern/assimp-master/assimp-master/test/models/glTF2/RecursiveNodes/RecursiveNodes.gltf
Debug, T5284: Assimp 6.0.0 amd64 gcc debug shared singlethreadedsingle : 
Info,  T5284: Found a possible importer: glTF Importer; trying signature-based detection
Info,  T5284: Found a possible importer: glTF2 Importer; trying signature-based detection
Debug, T5284: Loading GLTF2 asset
Debug, T5284: Parsing GLTF2 JSON
Info,  T5284: Found a matching importer for this file format: glTF2 Importer.
Info,  T5284: Import root directory is 'C:/projects/MM1/extern/assimp-master/assimp-master/test/models/glTF2/RecursiveNodes\'
Debug, T5284: Reading GLTF2 file
Debug, T5284: Loading GLTF2 asset
Debug, T5284: Parsing GLTF2 JSON
Error, T5284: GLTF: Object at index 0 in array "nodes" has recursive reference to itself
Info,  T5284: Load C:/projects/MM1/extern/assimp-master/assimp-master/test/models/glTF2/TestNoRootNode/NoScene.gltf
Debug, T5284: Assimp 6.0.0 amd64 gcc debug shared singlethreadedsingle : 
Info,  T5284: Found a possible importer: glTF Importer; trying signature-based detection
Info,  T5284: Found a possible importer: glTF2 Importer; trying signature-based detection
Debug, T5284: Loading GLTF2 asset
Debug, T5284: Parsing GLTF2 JSON
Info,  T5284: Found a matching importer for this file format: glTF2 Importer.
Info,  T5284: Import root directory is 'C:/projects/MM1/extern/assimp-master/assimp-master/test/models/glTF2/TestNoRootNode\'
Debug, T5284: Reading GLTF2 file
Debug, T5284: Loading GLTF2 asset
Debug, T5284: Parsing GLTF2 JSON
Debug, T5284: Importing 0 materials
Debug, T5284: Importing 0 meshes
Error, T5284: GLTF: No scene
Info,  T5284: Load C:/projects/MM1/extern/assimp-master/assimp-master/test/models/glTF2/TestNoRootNode/SceneWithoutNodes.gltf
Debug, T5284: Assimp 6.0.0 amd64 gcc debug shared singlethreadedsingle : 
Info,  T5284: Found a possible importer: glTF Importer; trying signature-based detection
Info,  T5284: Found a possible importer: glTF2 Importer; trying signature-based detection
Debug, T5284: Loading GLTF2 asset
Debug, T5284: Parsing GLTF2 JSON
Info,  T5284: Found a matching importer for this file format: glTF2 Importer.
Info,  T5284: Import root directory is 'C:/projects/MM1/extern/assimp-master/assimp-master/test/models/glTF2/TestNoRootNode\'
Debug, T5284: Reading GLTF2 file
Debug, T5284: Loading GLTF2 asset
Debug, T5284: Parsing GLTF2 JSON
Debug, T5284: Importing 0 materials
Debug, T5284: Importing 0 meshes
Debug, T5284: Importing nodes
Debug, T5284: Importing 0 animations
Debug, T5284: Importing metadata
Debug, T5284: UpdateImporterScale scale set: 1
Debug, T5284: ValidateDataStructureProcess begin
Debug, T5284: ValidateDataStructureProcess end
Info,  T5284: Load C:/projects/MM1/extern/assimp-master/assimp-master/test/models/glTF2/issue_3269/texcoord_crash.gltf
Debug, T5284: Assimp 6.0.0 amd64 gcc debug shared singlethreadedsingle : 
Info,  T5284: Found a possible importer: glTF Importer; trying signature-based detection
Info,  T5284: Found a possible importer: glTF2 Importer; trying signature-based detection
Debug, T5284: Loading GLTF2 asset
Debug, T5284: Parsing GLTF2 JSON
Info,  T5284: Found a matching importer for this file format: glTF2 Importer.
Info,  T5284: Import root directory is 'C:/projects/MM1/extern/assimp-master/assimp-master/test/models/glTF2/issue_3269\'
Debug, T5284: Reading GLTF2 file
Debug, T5284: Loading GLTF2 asset
Debug, T5284: Parsing GLTF2 JSON
Error, T5284: GLTF: Invalid attribute in mesh: TopRightMesh primitive: 0attrib: TEXCOORD_1. All indices for indexed attribute semantics must start with 0 and be continuous positive integers: TEXCOORD_0, TEXCOORD_1, etc.
Info,  T5284: Load C:/projects/MM1/extern/assimp-master/assimp-master/test/models/glTF2/IndexOutOfRange/IndexOutOfRange.gltf
Debug, T5284: Assimp 6.0.0 amd64 gcc debug shared singlethreadedsingle : 
Info,  T5284: Found a possible importer: glTF Importer; trying signature-based detection
Info,  T5284: Found a possible importer: glTF2 Importer; trying signature-based detection
Debug, T5284: Loading GLTF2 asset
Debug, T5284: Parsing GLTF2 JSON
Info,  T5284: Found a matching importer for this file format: glTF2 Importer.
Info,  T5284: Import root directory is 'C:/projects/MM1/extern/assimp-master/assimp-master/test/models/glTF2/IndexOutOfRange\'
Debug, T5284: Reading GLTF2 file
Debug, T5284: Loading GLTF2 asset
Debug, T5284: Parsing GLTF2 JSON
Debug, T5284: Importing 1 materials
Debug, T5284: Importing 1 meshes
Warn,  T5284: Some faces had out-of-range indices. Those faces were dropped.
Debug, T5284: Importing nodes
Debug, T5284: Importing 0 animations
Debug, T5284: Importing metadata
Debug, T5284: UpdateImporterScale scale set: 1
Debug, T5284: ValidateDataStructureProcess begin
Debug, T5284: ValidateDataStructureProcess end
Info,  T5284: Load C:/projects/MM1/extern/assimp-master/assimp-master/test/models/glTF2/IndexOutOfRange/AllIndicesOutOfRange.gltf
Debug, T5284: Assimp 6.0.0 amd64 gcc debug shared singlethreadedsingle : 
Info,  T5284: Found a possible importer: glTF Importer; trying signature-based detection
Info,  T5284: Found a possible importer: glTF2 Importer; trying signature-based detection
Debug, T5284: Loading GLTF2 asset
Debug, T5284: Parsing GLTF2 JSON
Info,  T5284: Found a matching importer for this file format: glTF2 Importer.
Info,  T5284: Import root directory is 'C:/projects/MM1/extern/assimp-master/assimp-master/test/models/glTF2/IndexOutOfRange\'
Debug, T5284: Reading GLTF2 file
Debug, T5284: Loading GLTF2 asset
Debug, T5284: Parsing GLTF2 JSON
Debug, T5284: Importing 1 materials
Debug, T5284: Importing 1 meshes
Warn,  T5284: Some faces had out-of-range indices. Those faces were dropped.
Error, T5284: Mesh "Mesh" has no faces
Info,  T5284: Load C:/projects/MM1/extern/assimp-master/assimp-master/test/models/glTF2/draco/2CylinderEngine.gltf
Debug, T5284: Assimp 6.0.0 amd64 gcc debug shared singlethreadedsingle : 
Info,  T5284: Found a possible importer: glTF Importer; trying signature-based detection
Info,  T5284: Found a possible importer: glTF2 Importer; trying signature-based detection
Debug, T5284: Loading GLTF2 asset
Debug, T5284: Parsing GLTF2 JSON
Info,  T5284: Found a matching importer for this file format: glTF2 Importer.
Info,  T5284: Import root directory is 'C:/projects/MM1/extern/assimp-master/assimp-master/test/models/glTF2/draco\'
Debug, T5284: Reading GLTF2 file
Debug, T5284: Loading GLTF2 asset
Debug, T5284: Parsing GLTF2 JSON
Error, T5284: GLTF: Draco mesh compression not supported.
Info,  T5284: Load C:/projects/MM1/extern/assimp-master/assimp-master/test/models/glTF2/draco/robot.glb
Debug, T5284: Assimp 6.0.0 amd64 gcc debug shared singlethreadedsingle : 
Info,  T5284: Found a possible importer: glTF Importer; trying signature-based detection
Info,  T5284: Found a possible importer: glTF2 Importer; trying signature-based detection
Debug, T5284: Loading GLTF2 asset
Debug, T5284: Reading GLTF2 binary
Debug, T5284: Parsing GLTF2 JSON
Info,  T5284: Found a matching importer for this file format: glTF2 Importer.
Info,  T5284: Import root directory is 'C:/projects/MM1/extern/assimp-master/assimp-master/test/models/glTF2/draco\'
Debug, T5284: Reading GLTF2 file
Debug, T5284: Loading GLTF2 asset
Debug, T5284: Reading GLTF2 binary
Debug, T5284: Parsing GLTF2 JSON
Error, T5284: GLTF: Draco mesh compression not supported.
Info,  T5284: Load C:/projects/MM1/extern/assimp-master/assimp-master/test/models/glTF2/wrongTypes/badArray.gltf
Debug, T5284: Assimp 6.0.0 amd64 gcc debug shared singlethreadedsingle : 
Info,  T5284: Found a possible importer: glTF Importer; trying signature-based detection
Info,  T5284: Found a possible importer: glTF2 Importer; trying signature-based detection
Debug, T5284: Loading GLTF2 asset
Debug, T5284: Parsing GLTF2 JSON
Info,  T5284: Found a matching importer for this file format: glTF2 Importer.
Info,  T5284: Import root directory is 'C:/projects/MM1/extern/assimp-master/assimp-master/test/models/glTF2/wrongTypes\'
Debug, T5284: Reading GLTF2 file
Debug, T5284: Loading GLTF2 asset
Debug, T5284: Parsing GLTF2 JSON
Error, T5284: Member "primitives" was not of type "array" when reading meshes[0] (Mesh)
Info,  T5284: Load C:/projects/MM1/extern/assimp-master/assimp-master/test/models/glTF2/wrongTypes/badString.gltf
Debug, T5284: Assimp 6.0.0 amd64 gcc debug shared singlethreadedsingle : 
Info,  T5284: Found a possible importer: glTF Importer; trying signature-based detection
Info,  T5284: Found a possible importer: glTF2 Importer; trying signature-based detection
Debug, T5284: Loading GLTF2 asset
Debug, T5284: Parsing GLTF2 JSON
Info,  T5284: Found a matching importer for this file format: glTF2 Importer.
Info,  T5284: Import root directory is 'C:/projects/MM1/extern/assimp-master/assimp-master/test/models/glTF2/wrongTypes\'
Debug, T5284: Reading GLTF2 file
Debug, T5284: Loading GLTF2 asset
Debug, T5284: Parsing GLTF2 JSON
Error, T5284: Member "name" was not of type "string" when reading scenes[0]
Info,  T5284: Load C:/projects/MM1/extern/assimp-master/assimp-master/test/models/glTF2/wrongTypes/badUint.gltf
Debug, T5284: Assimp 6.0.0 amd64 gcc debug shared singlethreadedsingle : 
Info,  T5284: Found a possible importer: glTF Importer; trying signature-based detection
Info,  T5284: Found a possible importer: glTF2 Importer; trying signature-based detection
Debug, T5284: Loading GLTF2 asset
Debug, T5284: Parsing GLTF2 JSON
Info,  T5284: Found a matching importer for this file format: glTF2 Importer.
Info,  T5284: Import root directory is 'C:/projects/MM1/extern/assimp-master/assimp-master/test/models/glTF2/wrongTypes\'
Debug, T5284: Reading GLTF2 file
Debug, T5284: Loading GLTF2 asset
Debug, T5284: Parsing GLTF2 JSON
Error, T5284: Member "index" was not of type "uint" when reading materials[0] (Texture)
Info,  T5284: Load C:/projects/MM1/extern/assimp-master/assimp-master/test/models/glTF2/wrongTypes/badNumber.gltf
Debug, T5284: Assimp 6.0.0 amd64 gcc debug shared singlethreadedsingle : 
Info,  T5284: Found a possible importer: glTF Importer; trying signature-based detection
Info,  T5284: Found a possible importer: glTF2 Importer; trying signature-based detection
Debug, T5284: Loading GLTF2 asset
Debug, T5284: Parsing GLTF2 JSON
Info,  T5284: Found a matching importer for this file format: glTF2 Importer.
Info,  T5284: Import root directory is 'C:/projects/MM1/extern/assimp-master/assimp-master/test/models/glTF2/wrongTypes\'
Debug, T5284: Reading GLTF2 file
Debug, T5284: Loading GLTF2 asset
Debug, T5284: Parsing GLTF2 JSON
Error, T5284: Member "scale" was not of type "number" when reading materials[0] (Texture)
Info,  T5284: Load C:/projects/MM1/extern/assimp-master/assimp-master/test/models/glTF2/wrongTypes/badObject.gltf
Debug, T5284: Assimp 6.0.0 amd64 gcc debug shared singlethreadedsingle : 
Info,  T5284: Found a possible importer: glTF Importer; trying signature-based detection
Info,  T5284: Found a possible importer: glTF2 Importer; trying signature-based detection
Debug, T5284: Loading GLTF2 asset
Debug, T5284: Parsing GLTF2 JSON
Info,  T5284: Found a matching importer for this file format: glTF2 Importer.
Info,  T5284: Import root directory is 'C:/projects/MM1/extern/assimp-master/assimp-master/test/models/glTF2/wrongTypes\'
Debug, T5284: Reading GLTF2 file
Debug, T5284: Loading GLTF2 asset
Debug, T5284: Parsing GLTF2 JSON
Error, T5284: Member "pbrMetallicRoughness" was not of type "materials[0]" when reading Texture
Debug, T5284: Importing 1 materials
Debug, T5284: Importing 1 meshes
Debug, T5284: Importing nodes
Debug, T5284: Importing 0 animations
Debug, T5284: Importing metadata
Debug, T5284: UpdateImporterScale scale set: 1
Debug, T5284: ValidateDataStructureProcess begin
Debug, T5284: ValidateDataStructureProcess end
Info,  T5284: Load C:/projects/MM1/extern/assimp-master/assimp-master/test/models/glTF2/wrongTypes/badExtension.gltf
Debug, T5284: Assimp 6.0.0 amd64 gcc debug shared singlethreadedsingle : 
Info,  T5284: Found a possible importer: glTF Importer; trying signature-based detection
Info,  T5284: Found a possible importer: glTF2 Importer; trying signature-based detection
Debug, T5284: Loading GLTF2 asset
Debug, T5284: Parsing GLTF2 JSON
Info,  T5284: Found a matching importer for this file format: glTF2 Importer.
Info,  T5284: Import root directory is 'C:/projects/MM1/extern/assimp-master/assimp-master/test/models/glTF2/wrongTypes\'
Debug, T5284: Reading GLTF2 file
Debug, T5284: Loading GLTF2 asset
Debug, T5284: Parsing GLTF2 JSON
Error, T5284: Member "KHR_texture_transform" was not of type "materials[0]" when reading Texture
Debug, T5284: Importing 1 materials
Debug, T5284: Importing 1 meshes
Debug, T5284: Importing nodes
Debug, T5284: Importing 0 animations
Debug, T5284: Importing metadata
Debug, T5284: UpdateImporterScale scale set: 1
Debug, T5284: ValidateDataStructureProcess begin
Debug, T5284: ValidateDataStructureProcess end
Info,  T5284: Load C:/projects/MM1/extern/assimp-master/assimp-master/test/models/glTF2/BoxTextured-glTF/BoxTextured.gltf
Debug, T5284: Assimp 6.0.0 amd64 gcc debug shared singlethreadedsingle : 
Info,  T5284: Found a possible importer: glTF Importer; trying signature-based detection
Info,  T5284: Found a possible importer: glTF2 Importer; trying signature-based detection
Debug, T5284: Loading GLTF2 asset
Debug, T5284: Parsing GLTF2 JSON
Info,  T5284: Found a matching importer for this file format: glTF2 Importer.
Info,  T5284: Import root directory is 'C:/projects/MM1/extern/assimp-master/assimp-master/test/models/glTF2/BoxTextured-glTF\'
Debug, T5284: Reading GLTF2 file
Debug, T5284: Loading GLTF2 asset
Debug, T5284: Parsing GLTF2 JSON
Debug, T5284: Importing 1 materials
Debug, T5284: Importing 1 meshes
Debug, T5284: Importing nodes
Debug, T5284: Importing 0 animations
Debug, T5284: Importing metadata
Debug, T5284: UpdateImporterScale scale set: 1
Debug, T5284: ValidateDataStructureProcess begin
Debug, T5284: ValidateDataStructureProcess end
Info,  T5284: Load C:/projects/MM1/extern/assimp-master/assimp-master/test/models/glTF2/SchemaFailures/sceneWrongType.gltf
Debug, T5284: Assimp 6.0.0 amd64 gcc debug shared singlethreadedsingle : 
Info,  T5284: Found a possible importer: glTF Importer; trying signature-based detection
Info,  T5284: Found a possible importer: glTF2 Importer; trying signature-based detection
Debug, T5284: Loading GLTF2 asset
Debug, T5284: Parsing GLTF2 JSON
Info,  T5284: Found a matching importer for this file format: glTF2 Importer.
Info,  T5284: Import root directory is 'C:/projects/MM1/extern/assimp-master/assimp-master/test/models/glTF2/SchemaFailures\'
Debug, T5284: Reading GLTF2 file
Debug, T5284: Loading GLTF2 asset
Debug, T5284: Parsing GLTF2 JSON
Error, T5284: GLTF: The JSON document did not satisfy the glTF2 schema. Schema keyword: type, document path: #/properties/scene, argument: #/scene
Info,  T5284: Load C:/projects/MM1/extern/assimp-master/assimp-master/test/models/glTF2/BoxTextured-glTF/BoxTextured.gltf
Debug, T5284: Assimp 6.0.0 amd64 gcc debug shared singlethreadedsingle : 
Info,  T5284: Found a possible importer: glTF Importer; trying signature-based detection
Info,  T5284: Found a possible importer: glTF2 Importer; trying signature-based detection
Debug, T5284: Loading GLTF2 asset
Debug, T5284: Parsing GLTF2 JSON
Info,  T5284: Found a matching importer for this file format: glTF2 Importer.
Info,  T5284: Import root directory is 'C:/projects/MM1/extern/assimp-master/assimp-master/test/models/glTF2/BoxTextured-glTF\'
Debug, T5284: Reading GLTF2 file
Debug, T5284: Loading GLTF2 asset
Debug, T5284: Parsing GLTF2 JSON
Debug, T5284: Importing 1 materials
Debug, T5284: Importing 1 meshes
Debug, T5284: Importing nodes
Debug, T5284: Importing 0 animations
Debug, T5284: Importing metadata
Debug, T5284: UpdateImporterScale scale set: 1
Debug, T5284: ValidateDataStructureProcess begin
Debug, T5284: ValidateDataStructureProcess end
Info,  T5284: Load C:/projects/MM1/extern/assimp-master/assimp-master/test/models/glTF/TwoBoxes/TwoBoxes.gltf
Debug, T5284: Assimp 6.0.0 amd64 gcc debug shared singlethreadedsingle : 
Info,  T5284: Found a possible importer: glTF Importer; trying signature-based detection
Info,  T5284: Found a matching importer for this file format: glTF Importer.
Info,  T5284: Import root directory is 'C:/projects/MM1/extern/assimp-master/assimp-master/test/models/glTF/TwoBoxes\'
Debug, T5284: UpdateImporterScale scale set: 1
Debug, T5284: ValidateDataStructureProcess begin
Debug, T5284: ValidateDataStructureProcess end
Info,  T5284: Load C:/projects/MM1/extern/assimp-master/assimp-master/test/models/glTF/IncorrectVertexArrays/Cube_v1.gltf
Debug, T5284: Assimp 6.0.0 amd64 gcc debug shared singlethreadedsingle : 
Info,  T5284: Found a possible importer: glTF Importer; trying signature-based detection
Info,  T5284: Found a matching importer for this file format: glTF Importer.
Info,  T5284: Import root directory is 'C:/projects/MM1/extern/assimp-master/assimp-master/test/models/glTF/IncorrectVertexArrays\'
Warn,  T5284: The number of vertices was not compatible with the TRIANGLES mode. Some vertices were dropped.
Warn,  T5284: The number of vertices was not compatible with the LINES mode. Some vertices were dropped.
Warn,  T5284: The number of vertices was not compatible with the TRIANGLES mode. Some vertices were dropped.
Warn,  T5284: The number of vertices was not compatible with the LINES mode. Some vertices were dropped.
Debug, T5284: UpdateImporterScale scale set: 1
Debug, T5284: ValidateDataStructureProcess begin
Warn,  T5284: Validation warning: There are unreferenced vertices
Debug, T5284: ValidateDataStructureProcess end
Info,  T5284: Load C:/projects/MM1/extern/assimp-master/assimp-master/test/models/glTF/TwoBoxes/TwoBoxes.gltf
Debug, T5284: Assimp 6.0.0 amd64 gcc debug shared singlethreadedsingle : 
Info,  T5284: Found a possible importer: glTF Importer; trying signature-based detection
Info,  T5284: Found a matching importer for this file format: glTF Importer.
Info,  T5284: Import root directory is 'C:/projects/MM1/extern/assimp-master/assimp-master/test/models/glTF/TwoBoxes\'
Debug, T5284: UpdateImporterScale scale set: 1
Debug, T5284: ValidateDataStructureProcess begin
Debug, T5284: ValidateDataStructureProcess end
Info,  T5284: Load C:/projects/MM1/extern/assimp-master/assimp-master/test/models/SMD/triangle.smd
Debug, T5284: Assimp 6.0.0 amd64 gcc debug shared singlethreadedsingle : 
Info,  T5284: Found a matching importer for this file format: Valve SMD Importer.
Info,  T5284: Import root directory is 'C:/projects/MM1/extern/assimp-master/assimp-master/test/models/SMD\'
Debug, T5284: UpdateImporterScale scale set: 1
Debug, T5284: ValidateDataStructureProcess begin
Debug, T5284: ValidateDataStructureProcess end
Debug, T5284: ScenePreprocessor: Dummy scaling track has been generated
Info,  T5284: Load C:/projects/MM1/extern/assimp-master/assimp-master/test/models/SMD/holy_grailref.smd
Debug, T5284: Assimp 6.0.0 amd64 gcc debug shared singlethreadedsingle : 
Info,  T5284: Found a matching importer for this file format: Valve SMD Importer.
Info,  T5284: Import root directory is 'C:/projects/MM1/extern/assimp-master/assimp-master/test/models/SMD\'
Error, T5284: [SMD/VTA] Bone index overflow. The bone index will be ignored, the weight will be assigned to the vertex' parent node
Debug, T5284: UpdateImporterScale scale set: 1
Debug, T5284: ValidateDataStructureProcess begin
Debug, T5284: ValidateDataStructureProcess end
Debug, T5284: ScenePreprocessor: Dummy scaling track has been generated
Info,  T5284: Load C:/projects/MM1/extern/assimp-master/assimp-master/test/models/LWO/LWO2/boxuv.lwo
Debug, T5284: Assimp 6.0.0 amd64 gcc debug shared singlethreadedsingle : 
Info,  T5284: Found a matching importer for this file format: LightWave/Modo Object Importer.
Info,  T5284: Import root directory is 'C:/projects/MM1/extern/assimp-master/assimp-master/test/models/LWO/LWO2\'
Info,  T5284: LWO file format: LWO2 (>= LightWave 6)
Debug, T5284: insert apcNode for layer 0 "Layer_0"
Debug, T5284: apcNodes initial size: 1
Debug, T5284: first apcNode is: 0 "Layer_0"
Debug, T5284: insert pivot node: 65534
Debug, T5284: pivot nodes: 1
Debug, T5284: total nodes: 2
Debug, T5284: MakeLeftHandedProcess begin
Debug, T5284: MakeLeftHandedProcess finished
Debug, T5284: FlipWindingOrderProcess begin
Debug, T5284: FlipWindingOrderProcess finished
Debug, T5284: UpdateImporterScale scale set: 1
Debug, T5284: ValidateDataStructureProcess begin
Debug, T5284: ValidateDataStructureProcess end
Info,  T5284: Load C:/projects/MM1/extern/assimp-master/assimp-master/test/models/LWO/LWO2/formatDetection
Debug, T5284: Assimp 6.0.0 amd64 gcc debug shared singlethreadedsingle : 
Info,  T5284: File extension not known, trying signature-based detection
Info,  T5284: Found a matching importer for this file format: LightWave/Modo Object Importer.
Info,  T5284: Import root directory is 'C:/projects/MM1/extern/assimp-master/assimp-master/test/models/LWO/LWO2\'
Info,  T5284: LWO file format: LWO2 (>= LightWave 6)
Debug, T5284: insert apcNode for layer 0 "Layer_0"
Debug, T5284: apcNodes initial size: 1
Debug, T5284: first apcNode is: 0 "Layer_0"
Debug, T5284: insert pivot node: 65534
Debug, T5284: pivot nodes: 1
Debug, T5284: total nodes: 2
Debug, T5284: MakeLeftHandedProcess begin
Debug, T5284: MakeLeftHandedProcess finished
Debug, T5284: FlipWindingOrderProcess begin
Debug, T5284: FlipWindingOrderProcess finished
Debug, T5284: UpdateImporterScale scale set: 1
Debug, T5284: ValidateDataStructureProcess begin
Debug, T5284: ValidateDataStructureProcess end
Info,  T5284: Load C:/projects/MM1/extern/assimp-master/assimp-master/test/models/invalid/empty.lwo
Debug, T5284: Assimp 6.0.0 amd64 gcc debug shared singlethreadedsingle : 
Info,  T5284: Found a matching importer for this file format: LightWave/Modo Object Importer.
Info,  T5284: Import root directory is 'C:/projects/MM1/extern/assimp-master/assimp-master/test/models/invalid\'
Error, T5284: LWO: The file is too small to contain the IFF header
Info,  T5284: Load C:/projects/MM1/extern/assimp-master/assimp-master/test/models/LWO/LWO2/box_2uv_1unused.lwo
Debug, T5284: Assimp 6.0.0 amd64 gcc debug shared singlethreadedsingle : 
Info,  T5284: Found a matching importer for this file format: LightWave/Modo Object Importer.
Info,  T5284: Import root directory is 'C:/projects/MM1/extern/assimp-master/assimp-master/test/models/LWO/LWO2\'
Info,  T5284: LWO file format: LWO2 (>= LightWave 6)
Debug, T5284: insert apcNode for layer 0 "Layer_0"
Debug, T5284: apcNodes initial size: 1
Debug, T5284: first apcNode is: 0 "Layer_0"
Debug, T5284: insert pivot node: 65534
Debug, T5284: pivot nodes: 1
Debug, T5284: total nodes: 2
Debug, T5284: MakeLeftHandedProcess begin
Debug, T5284: MakeLeftHandedProcess finished
Debug, T5284: FlipWindingOrderProcess begin
Debug, T5284: FlipWindingOrderProcess finished
Debug, T5284: UpdateImporterScale scale set: 1
Debug, T5284: ValidateDataStructureProcess begin
Debug, T5284: ValidateDataStructureProcess end
Info,  T5284: Load C:/projects/MM1/extern/assimp-master/assimp-master/test/models/LWO/LWO2/box_2vc_1unused.lwo
Debug, T5284: Assimp 6.0.0 amd64 gcc debug shared singlethreadedsingle : 
Info,  T5284: Found a matching importer for this file format: LightWave/Modo Object Importer.
Info,  T5284: Import root directory is 'C:/projects/MM1/extern/assimp-master/assimp-master/test/models/LWO/LWO2\'
Info,  T5284: LWO file format: LWO2 (>= LightWave 6)
Debug, T5284: insert apcNode for layer 0 "Layer_0"
Debug, T5284: apcNodes initial size: 1
Debug, T5284: first apcNode is: 0 "Layer_0"
Debug, T5284: insert pivot node: 65534
Debug, T5284: pivot nodes: 1
Debug, T5284: total nodes: 2
Debug, T5284: MakeLeftHandedProcess begin
Debug, T5284: MakeLeftHandedProcess finished
Debug, T5284: FlipWindingOrderProcess begin
Debug, T5284: FlipWindingOrderProcess finished
Debug, T5284: UpdateImporterScale scale set: 1
Debug, T5284: ValidateDataStructureProcess begin
Debug, T5284: ValidateDataStructureProcess end
Info,  T5284: Load C:/projects/MM1/extern/assimp-master/assimp-master/test/models/LWO/LWO2/concave_polygon.lwo
Debug, T5284: Assimp 6.0.0 amd64 gcc debug shared singlethreadedsingle : 
Info,  T5284: Found a matching importer for this file format: LightWave/Modo Object Importer.
Info,  T5284: Import root directory is 'C:/projects/MM1/extern/assimp-master/assimp-master/test/models/LWO/LWO2\'
Info,  T5284: LWO file format: LWO2 (>= LightWave 6)
Warn,  T5284: LWO2: Unable to find source surface: test
Debug, T5284: insert apcNode for layer 0 "concave_polygon"
Debug, T5284: apcNodes initial size: 1
Debug, T5284: first apcNode is: 0 "concave_polygon"
Debug, T5284: insert pivot node: 65534
Debug, T5284: pivot nodes: 1
Debug, T5284: total nodes: 2
Debug, T5284: MakeLeftHandedProcess begin
Debug, T5284: MakeLeftHandedProcess finished
Debug, T5284: FlipWindingOrderProcess begin
Debug, T5284: FlipWindingOrderProcess finished
Debug, T5284: UpdateImporterScale scale set: 1
Debug, T5284: ValidateDataStructureProcess begin
Debug, T5284: ValidateDataStructureProcess end
Info,  T5284: Load C:/projects/MM1/extern/assimp-master/assimp-master/test/models/LWO/LWO2/concave_self_intersecting.lwo
Debug, T5284: Assimp 6.0.0 amd64 gcc debug shared singlethreadedsingle : 
Info,  T5284: Found a matching importer for this file format: LightWave/Modo Object Importer.
Info,  T5284: Import root directory is 'C:/projects/MM1/extern/assimp-master/assimp-master/test/models/LWO/LWO2\'
Info,  T5284: LWO file format: LWO2 (>= LightWave 6)
Debug, T5284: insert apcNode for layer 0 "Layer_0"
Debug, T5284: apcNodes initial size: 1
Debug, T5284: first apcNode is: 0 "Layer_0"
Debug, T5284: insert pivot node: 65534
Debug, T5284: pivot nodes: 1
Debug, T5284: total nodes: 2
Debug, T5284: MakeLeftHandedProcess begin
Debug, T5284: MakeLeftHandedProcess finished
Debug, T5284: FlipWindingOrderProcess begin
Debug, T5284: FlipWindingOrderProcess finished
Debug, T5284: UpdateImporterScale scale set: 1
Debug, T5284: ValidateDataStructureProcess begin
Debug, T5284: ValidateDataStructureProcess end
Info,  T5284: Load C:/projects/MM1/extern/assimp-master/assimp-master/test/models/LWO/LWO2/hierarchy.lwo
Debug, T5284: Assimp 6.0.0 amd64 gcc debug shared singlethreadedsingle : 
Info,  T5284: Found a matching importer for this file format: LightWave/Modo Object Importer.
Info,  T5284: Import root directory is 'C:/projects/MM1/extern/assimp-master/assimp-master/test/models/LWO/LWO2\'
Info,  T5284: LWO file format: LWO2 (>= LightWave 6)
Debug, T5284: insert apcNode for layer 3 "ChildOfRoot0"
Debug, T5284: insert apcNode for layer 4 "RootOfHierarchy"
Debug, T5284: insert apcNode for layer 2 "GrandChildOfRoot0"
Debug, T5284: insert apcNode for layer 1 "ChildOfRoot1"
Debug, T5284: apcNodes initial size: 4
Debug, T5284: first apcNode is: 1 "ChildOfRoot1"
Debug, T5284: insert pivot node: 65533
Debug, T5284: insert pivot node: 65532
Debug, T5284: insert pivot node: 65531
Debug, T5284: insert pivot node: 65530
Debug, T5284: pivot nodes: 4
Debug, T5284: total nodes: 8
Debug, T5284: MakeLeftHandedProcess begin
Debug, T5284: MakeLeftHandedProcess finished
Debug, T5284: FlipWindingOrderProcess begin
Debug, T5284: FlipWindingOrderProcess finished
Debug, T5284: UpdateImporterScale scale set: 1
Debug, T5284: ValidateDataStructureProcess begin
Debug, T5284: ValidateDataStructureProcess end
Info,  T5284: Load C:/projects/MM1/extern/assimp-master/assimp-master/test/models/LWO/LWO2/hierarchy_smoothed.lwo
Debug, T5284: Assimp 6.0.0 amd64 gcc debug shared singlethreadedsingle : 
Info,  T5284: Found a matching importer for this file format: LightWave/Modo Object Importer.
Info,  T5284: Import root directory is 'C:/projects/MM1/extern/assimp-master/assimp-master/test/models/LWO/LWO2\'
Info,  T5284: LWO file format: LWO2 (>= LightWave 6)
Debug, T5284: insert apcNode for layer 3 "ChildOfRoot0"
Debug, T5284: insert apcNode for layer 4 "RootOfHierarchy"
Debug, T5284: insert apcNode for layer 2 "GrandChildOfRoot0"
Debug, T5284: insert apcNode for layer 1 "ChildOfRoot1"
Debug, T5284: apcNodes initial size: 4
Debug, T5284: first apcNode is: 1 "ChildOfRoot1"
Debug, T5284: insert pivot node: 65533
Debug, T5284: insert pivot node: 65532
Debug, T5284: insert pivot node: 65531
Debug, T5284: insert pivot node: 65530
Debug, T5284: pivot nodes: 4
Debug, T5284: total nodes: 8
Debug, T5284: MakeLeftHandedProcess begin
Debug, T5284: MakeLeftHandedProcess finished
Debug, T5284: FlipWindingOrderProcess begin
Debug, T5284: FlipWindingOrderProcess finished
Debug, T5284: UpdateImporterScale scale set: 1
Debug, T5284: ValidateDataStructureProcess begin
Debug, T5284: ValidateDataStructureProcess end
Info,  T5284: Load C:/projects/MM1/extern/assimp-master/assimp-master/test/models/LWO/LWO2/MappingModes/earth_cylindrical_x.lwo
Debug, T5284: Assimp 6.0.0 amd64 gcc debug shared singlethreadedsingle : 
Info,  T5284: Found a matching importer for this file format: LightWave/Modo Object Importer.
Info,  T5284: Import root directory is 'C:/projects/MM1/extern/assimp-master/assimp-master/test/models/LWO/LWO2/MappingModes\'
Info,  T5284: LWO file format: LWO2 (>= LightWave 6)
Debug, T5284: insert apcNode for layer 0 "Layer_0"
Debug, T5284: LWO2: Setting up non-UV mapping
Debug, T5284: apcNodes initial size: 1
Debug, T5284: first apcNode is: 0 "Layer_0"
Debug, T5284: insert pivot node: 65534
Debug, T5284: pivot nodes: 1
Debug, T5284: total nodes: 2
Debug, T5284: MakeLeftHandedProcess begin
Debug, T5284: MakeLeftHandedProcess finished
Debug, T5284: FlipWindingOrderProcess begin
Debug, T5284: FlipWindingOrderProcess finished
Debug, T5284: UpdateImporterScale scale set: 1
Debug, T5284: ValidateDataStructureProcess begin
Debug, T5284: ValidateDataStructureProcess end
Info,  T5284: Load C:/projects/MM1/extern/assimp-master/assimp-master/test/models/LWO/LWO2/MappingModes/earth_cylindrical_x_scale_222_wrap_21.lwo
Debug, T5284: Assimp 6.0.0 amd64 gcc debug shared singlethreadedsingle : 
Info,  T5284: Found a matching importer for this file format: LightWave/Modo Object Importer.
Info,  T5284: Import root directory is 'C:/projects/MM1/extern/assimp-master/assimp-master/test/models/LWO/LWO2/MappingModes\'
Info,  T5284: LWO file format: LWO2 (>= LightWave 6)
Debug, T5284: insert apcNode for layer 0 "Layer_0"
Debug, T5284: LWO2: Setting up non-UV mapping
Debug, T5284: apcNodes initial size: 1
Debug, T5284: first apcNode is: 0 "Layer_0"
Debug, T5284: insert pivot node: 65534
Debug, T5284: pivot nodes: 1
Debug, T5284: total nodes: 2
Debug, T5284: MakeLeftHandedProcess begin
Debug, T5284: MakeLeftHandedProcess finished
Debug, T5284: FlipWindingOrderProcess begin
Debug, T5284: FlipWindingOrderProcess finished
Debug, T5284: UpdateImporterScale scale set: 1
Debug, T5284: ValidateDataStructureProcess begin
Debug, T5284: ValidateDataStructureProcess end
Info,  T5284: Load C:/projects/MM1/extern/assimp-master/assimp-master/test/models/LWO/LWO2/MappingModes/earth_cylindrical_y.lwo
Debug, T5284: Assimp 6.0.0 amd64 gcc debug shared singlethreadedsingle : 
Info,  T5284: Found a matching importer for this file format: LightWave/Modo Object Importer.
Info,  T5284: Import root directory is 'C:/projects/MM1/extern/assimp-master/assimp-master/test/models/LWO/LWO2/MappingModes\'
Info,  T5284: LWO file format: LWO2 (>= LightWave 6)
Debug, T5284: insert apcNode for layer 0 "Layer_0"
Debug, T5284: LWO2: Setting up non-UV mapping
Debug, T5284: apcNodes initial size: 1
Debug, T5284: first apcNode is: 0 "Layer_0"
Debug, T5284: insert pivot node: 65534
Debug, T5284: pivot nodes: 1
Debug, T5284: total nodes: 2
Debug, T5284: MakeLeftHandedProcess begin
Debug, T5284: MakeLeftHandedProcess finished
Debug, T5284: FlipWindingOrderProcess begin
Debug, T5284: FlipWindingOrderProcess finished
Debug, T5284: UpdateImporterScale scale set: 1
Debug, T5284: ValidateDataStructureProcess begin
Debug, T5284: ValidateDataStructureProcess end
Info,  T5284: Load C:/projects/MM1/extern/assimp-master/assimp-master/test/models/LWO/LWO2/MappingModes/earth_cylindrical_y_scale_111.lwo
Debug, T5284: Assimp 6.0.0 amd64 gcc debug shared singlethreadedsingle : 
Info,  T5284: Found a matching importer for this file format: LightWave/Modo Object Importer.
Info,  T5284: Import root directory is 'C:/projects/MM1/extern/assimp-master/assimp-master/test/models/LWO/LWO2/MappingModes\'
Info,  T5284: LWO file format: LWO2 (>= LightWave 6)
Debug, T5284: insert apcNode for layer 0 "Layer_0"
Debug, T5284: LWO2: Setting up non-UV mapping
Debug, T5284: apcNodes initial size: 1
Debug, T5284: first apcNode is: 0 "Layer_0"
Debug, T5284: insert pivot node: 65534
Debug, T5284: pivot nodes: 1
Debug, T5284: total nodes: 2
Debug, T5284: MakeLeftHandedProcess begin
Debug, T5284: MakeLeftHandedProcess finished
Debug, T5284: FlipWindingOrderProcess begin
Debug, T5284: FlipWindingOrderProcess finished
Debug, T5284: UpdateImporterScale scale set: 1
Debug, T5284: ValidateDataStructureProcess begin
Debug, T5284: ValidateDataStructureProcess end
Info,  T5284: Load C:/projects/MM1/extern/assimp-master/assimp-master/test/models/LWO/LWO2/MappingModes/earth_cylindrical_y_scale_111_wrap_21.lwo
Debug, T5284: Assimp 6.0.0 amd64 gcc debug shared singlethreadedsingle : 
Info,  T5284: Found a matching importer for this file format: LightWave/Modo Object Importer.
Info,  T5284: Import root directory is 'C:/projects/MM1/extern/assimp-master/assimp-master/test/models/LWO/LWO2/MappingModes\'
Info,  T5284: LWO file format: LWO2 (>= LightWave 6)
Debug, T5284: insert apcNode for layer 0 "Layer_0"
Debug, T5284: LWO2: Setting up non-UV mapping
Debug, T5284: apcNodes initial size: 1
Debug, T5284: first apcNode is: 0 "Layer_0"
Debug, T5284: insert pivot node: 65534
Debug, T5284: pivot nodes: 1
Debug, T5284: total nodes: 2
Debug, T5284: MakeLeftHandedProcess begin
Debug, T5284: MakeLeftHandedProcess finished
Debug, T5284: FlipWindingOrderProcess begin
Debug, T5284: FlipWindingOrderProcess finished
Debug, T5284: UpdateImporterScale scale set: 1
Debug, T5284: ValidateDataStructureProcess begin
Debug, T5284: ValidateDataStructureProcess end
Info,  T5284: Load C:/projects/MM1/extern/assimp-master/assimp-master/test/models/LWO/LWO2/MappingModes/earth_cylindrical_z.lwo
Debug, T5284: Assimp 6.0.0 amd64 gcc debug shared singlethreadedsingle : 
Info,  T5284: Found a matching importer for this file format: LightWave/Modo Object Importer.
Info,  T5284: Import root directory is 'C:/projects/MM1/extern/assimp-master/assimp-master/test/models/LWO/LWO2/MappingModes\'
Info,  T5284: LWO file format: LWO2 (>= LightWave 6)
Debug, T5284: insert apcNode for layer 0 "Layer_0"
Debug, T5284: LWO2: Setting up non-UV mapping
Debug, T5284: apcNodes initial size: 1
Debug, T5284: first apcNode is: 0 "Layer_0"
Debug, T5284: insert pivot node: 65534
Debug, T5284: pivot nodes: 1
Debug, T5284: total nodes: 2
Debug, T5284: MakeLeftHandedProcess begin
Debug, T5284: MakeLeftHandedProcess finished
Debug, T5284: FlipWindingOrderProcess begin
Debug, T5284: FlipWindingOrderProcess finished
Debug, T5284: UpdateImporterScale scale set: 1
Debug, T5284: ValidateDataStructureProcess begin
Debug, T5284: ValidateDataStructureProcess end
Info,  T5284: Load C:/projects/MM1/extern/assimp-master/assimp-master/test/models/LWO/LWO2/MappingModes/earth_planar_x.lwo
Debug, T5284: Assimp 6.0.0 amd64 gcc debug shared singlethreadedsingle : 
Info,  T5284: Found a matching importer for this file format: LightWave/Modo Object Importer.
Info,  T5284: Import root directory is 'C:/projects/MM1/extern/assimp-master/assimp-master/test/models/LWO/LWO2/MappingModes\'
Info,  T5284: LWO file format: LWO2 (>= LightWave 6)
Debug, T5284: insert apcNode for layer 0 "Layer_0"
Debug, T5284: LWO2: Setting up non-UV mapping
Debug, T5284: apcNodes initial size: 1
Debug, T5284: first apcNode is: 0 "Layer_0"
Debug, T5284: insert pivot node: 65534
Debug, T5284: pivot nodes: 1
Debug, T5284: total nodes: 2
Debug, T5284: MakeLeftHandedProcess begin
Debug, T5284: MakeLeftHandedProcess finished
Debug, T5284: FlipWindingOrderProcess begin
Debug, T5284: FlipWindingOrderProcess finished
Debug, T5284: UpdateImporterScale scale set: 1
Debug, T5284: ValidateDataStructureProcess begin
Debug, T5284: ValidateDataStructureProcess end
Info,  T5284: Load C:/projects/MM1/extern/assimp-master/assimp-master/test/models/LWO/LWO2/MappingModes/earth_planar_y.lwo
Debug, T5284: Assimp 6.0.0 amd64 gcc debug shared singlethreadedsingle : 
Info,  T5284: Found a matching importer for this file format: LightWave/Modo Object Importer.
Info,  T5284: Import root directory is 'C:/projects/MM1/extern/assimp-master/assimp-master/test/models/LWO/LWO2/MappingModes\'
Info,  T5284: LWO file format: LWO2 (>= LightWave 6)
Debug, T5284: insert apcNode for layer 0 "Layer_0"
Debug, T5284: LWO2: Setting up non-UV mapping
Debug, T5284: apcNodes initial size: 1
Debug, T5284: first apcNode is: 0 "Layer_0"
Debug, T5284: insert pivot node: 65534
Debug, T5284: pivot nodes: 1
Debug, T5284: total nodes: 2
Debug, T5284: MakeLeftHandedProcess begin
Debug, T5284: MakeLeftHandedProcess finished
Debug, T5284: FlipWindingOrderProcess begin
Debug, T5284: FlipWindingOrderProcess finished
Debug, T5284: UpdateImporterScale scale set: 1
Debug, T5284: ValidateDataStructureProcess begin
Debug, T5284: ValidateDataStructureProcess end
Info,  T5284: Load C:/projects/MM1/extern/assimp-master/assimp-master/test/models/LWO/LWO2/MappingModes/earth_planar_z.lwo
Debug, T5284: Assimp 6.0.0 amd64 gcc debug shared singlethreadedsingle : 
Info,  T5284: Found a matching importer for this file format: LightWave/Modo Object Importer.
Info,  T5284: Import root directory is 'C:/projects/MM1/extern/assimp-master/assimp-master/test/models/LWO/LWO2/MappingModes\'
Info,  T5284: LWO file format: LWO2 (>= LightWave 6)
Debug, T5284: insert apcNode for layer 0 "Layer_0"
Debug, T5284: LWO2: Setting up non-UV mapping
Debug, T5284: apcNodes initial size: 1
Debug, T5284: first apcNode is: 0 "Layer_0"
Debug, T5284: insert pivot node: 65534
Debug, T5284: pivot nodes: 1
Debug, T5284: total nodes: 2
Debug, T5284: MakeLeftHandedProcess begin
Debug, T5284: MakeLeftHandedProcess finished
Debug, T5284: FlipWindingOrderProcess begin
Debug, T5284: FlipWindingOrderProcess finished
Debug, T5284: UpdateImporterScale scale set: 1
Debug, T5284: ValidateDataStructureProcess begin
Debug, T5284: ValidateDataStructureProcess end
Info,  T5284: Load C:/projects/MM1/extern/assimp-master/assimp-master/test/models/LWO/LWO2/MappingModes/earth_planar_z_scale_111.lwo
Debug, T5284: Assimp 6.0.0 amd64 gcc debug shared singlethreadedsingle : 
Info,  T5284: Found a matching importer for this file format: LightWave/Modo Object Importer.
Info,  T5284: Import root directory is 'C:/projects/MM1/extern/assimp-master/assimp-master/test/models/LWO/LWO2/MappingModes\'
Info,  T5284: LWO file format: LWO2 (>= LightWave 6)
Debug, T5284: insert apcNode for layer 0 "Layer_0"
Debug, T5284: LWO2: Setting up non-UV mapping
Debug, T5284: apcNodes initial size: 1
Debug, T5284: first apcNode is: 0 "Layer_0"
Debug, T5284: insert pivot node: 65534
Debug, T5284: pivot nodes: 1
Debug, T5284: total nodes: 2
Debug, T5284: MakeLeftHandedProcess begin
Debug, T5284: MakeLeftHandedProcess finished
Debug, T5284: FlipWindingOrderProcess begin
Debug, T5284: FlipWindingOrderProcess finished
Debug, T5284: UpdateImporterScale scale set: 1
Debug, T5284: ValidateDataStructureProcess begin
Debug, T5284: ValidateDataStructureProcess end
Info,  T5284: Load C:/projects/MM1/extern/assimp-master/assimp-master/test/models/LWO/LWO2/MappingModes/earth_spherical_x.lwo
Debug, T5284: Assimp 6.0.0 amd64 gcc debug shared singlethreadedsingle : 
Info,  T5284: Found a matching importer for this file format: LightWave/Modo Object Importer.
Info,  T5284: Import root directory is 'C:/projects/MM1/extern/assimp-master/assimp-master/test/models/LWO/LWO2/MappingModes\'
Info,  T5284: LWO file format: LWO2 (>= LightWave 6)
Debug, T5284: insert apcNode for layer 0 "Layer_0"
Debug, T5284: LWO2: Setting up non-UV mapping
Debug, T5284: apcNodes initial size: 1
Debug, T5284: first apcNode is: 0 "Layer_0"
Debug, T5284: insert pivot node: 65534
Debug, T5284: pivot nodes: 1
Debug, T5284: total nodes: 2
Debug, T5284: MakeLeftHandedProcess begin
Debug, T5284: MakeLeftHandedProcess finished
Debug, T5284: FlipWindingOrderProcess begin
Debug, T5284: FlipWindingOrderProcess finished
Debug, T5284: UpdateImporterScale scale set: 1
Debug, T5284: ValidateDataStructureProcess begin
Debug, T5284: ValidateDataStructureProcess end
Info,  T5284: Load C:/projects/MM1/extern/assimp-master/assimp-master/test/models/LWO/LWO2/MappingModes/earth_spherical_x_scale_222_wrap_22.lwo
Debug, T5284: Assimp 6.0.0 amd64 gcc debug shared singlethreadedsingle : 
Info,  T5284: Found a matching importer for this file format: LightWave/Modo Object Importer.
Info,  T5284: Import root directory is 'C:/projects/MM1/extern/assimp-master/assimp-master/test/models/LWO/LWO2/MappingModes\'
Info,  T5284: LWO file format: LWO2 (>= LightWave 6)
Debug, T5284: insert apcNode for layer 0 "Layer_0"
Debug, T5284: LWO2: Setting up non-UV mapping
Debug, T5284: apcNodes initial size: 1
Debug, T5284: first apcNode is: 0 "Layer_0"
Debug, T5284: insert pivot node: 65534
Debug, T5284: pivot nodes: 1
Debug, T5284: total nodes: 2
Debug, T5284: MakeLeftHandedProcess begin
Debug, T5284: MakeLeftHandedProcess finished
Debug, T5284: FlipWindingOrderProcess begin
Debug, T5284: FlipWindingOrderProcess finished
Debug, T5284: UpdateImporterScale scale set: 1
Debug, T5284: ValidateDataStructureProcess begin
Debug, T5284: ValidateDataStructureProcess end
Info,  T5284: Load C:/projects/MM1/extern/assimp-master/assimp-master/test/models/LWO/LWO2/MappingModes/earth_spherical_y.lwo
Debug, T5284: Assimp 6.0.0 amd64 gcc debug shared singlethreadedsingle : 
Info,  T5284: Found a matching importer for this file format: LightWave/Modo Object Importer.
Info,  T5284: Import root directory is 'C:/projects/MM1/extern/assimp-master/assimp-master/test/models/LWO/LWO2/MappingModes\'
Info,  T5284: LWO file format: LWO2 (>= LightWave 6)
Debug, T5284: insert apcNode for layer 0 "Layer_0"
Debug, T5284: LWO2: Setting up non-UV mapping
Debug, T5284: apcNodes initial size: 1
Debug, T5284: first apcNode is: 0 "Layer_0"
Debug, T5284: insert pivot node: 65534
Debug, T5284: pivot nodes: 1
Debug, T5284: total nodes: 2
Debug, T5284: MakeLeftHandedProcess begin
Debug, T5284: MakeLeftHandedProcess finished
Debug, T5284: FlipWindingOrderProcess begin
Debug, T5284: FlipWindingOrderProcess finished
Debug, T5284: UpdateImporterScale scale set: 1
Debug, T5284: ValidateDataStructureProcess begin
Debug, T5284: ValidateDataStructureProcess end
Info,  T5284: Load C:/projects/MM1/extern/assimp-master/assimp-master/test/models/LWO/LWO2/MappingModes/earth_spherical_z.lwo
Debug, T5284: Assimp 6.0.0 amd64 gcc debug shared singlethreadedsingle : 
Info,  T5284: Found a matching importer for this file format: LightWave/Modo Object Importer.
Info,  T5284: Import root directory is 'C:/projects/MM1/extern/assimp-master/assimp-master/test/models/LWO/LWO2/MappingModes\'
Info,  T5284: LWO file format: LWO2 (>= LightWave 6)
Debug, T5284: insert apcNode for layer 0 "Layer_0"
Debug, T5284: LWO2: Setting up non-UV mapping
Debug, T5284: apcNodes initial size: 1
Debug, T5284: first apcNode is: 0 "Layer_0"
Debug, T5284: insert pivot node: 65534
Debug, T5284: pivot nodes: 1
Debug, T5284: total nodes: 2
Debug, T5284: MakeLeftHandedProcess begin
Debug, T5284: MakeLeftHandedProcess finished
Debug, T5284: FlipWindingOrderProcess begin
Debug, T5284: FlipWindingOrderProcess finished
Debug, T5284: UpdateImporterScale scale set: 1
Debug, T5284: ValidateDataStructureProcess begin
Debug, T5284: ValidateDataStructureProcess end
Info,  T5284: Load C:/projects/MM1/extern/assimp-master/assimp-master/test/models/LWO/LWO2/MappingModes/earth_spherical_z_wrap_22.lwo
Debug, T5284: Assimp 6.0.0 amd64 gcc debug shared singlethreadedsingle : 
Info,  T5284: Found a matching importer for this file format: LightWave/Modo Object Importer.
Info,  T5284: Import root directory is 'C:/projects/MM1/extern/assimp-master/assimp-master/test/models/LWO/LWO2/MappingModes\'
Info,  T5284: LWO file format: LWO2 (>= LightWave 6)
Debug, T5284: insert apcNode for layer 0 "Layer_0"
Debug, T5284: LWO2: Setting up non-UV mapping
Debug, T5284: apcNodes initial size: 1
Debug, T5284: first apcNode is: 0 "Layer_0"
Debug, T5284: insert pivot node: 65534
Debug, T5284: pivot nodes: 1
Debug, T5284: total nodes: 2
Debug, T5284: MakeLeftHandedProcess begin
Debug, T5284: MakeLeftHandedProcess finished
Debug, T5284: FlipWindingOrderProcess begin
Debug, T5284: FlipWindingOrderProcess finished
Debug, T5284: UpdateImporterScale scale set: 1
Debug, T5284: ValidateDataStructureProcess begin
Debug, T5284: ValidateDataStructureProcess end
Info,  T5284: Load C:/projects/MM1/extern/assimp-master/assimp-master/test/models/LWO/LWO2/MappingModes/earth_uv_cylindrical_y.lwo
Debug, T5284: Assimp 6.0.0 amd64 gcc debug shared singlethreadedsingle : 
Info,  T5284: Found a matching importer for this file format: LightWave/Modo Object Importer.
Info,  T5284: Import root directory is 'C:/projects/MM1/extern/assimp-master/assimp-master/test/models/LWO/LWO2/MappingModes\'
Info,  T5284: LWO file format: LWO2 (>= LightWave 6)
Debug, T5284: insert apcNode for layer 0 "Layer_0"
Debug, T5284: apcNodes initial size: 1
Debug, T5284: first apcNode is: 0 "Layer_0"
Debug, T5284: insert pivot node: 65534
Debug, T5284: pivot nodes: 1
Debug, T5284: total nodes: 2
Debug, T5284: MakeLeftHandedProcess begin
Debug, T5284: MakeLeftHandedProcess finished
Debug, T5284: FlipWindingOrderProcess begin
Debug, T5284: FlipWindingOrderProcess finished
Debug, T5284: UpdateImporterScale scale set: 1
Debug, T5284: ValidateDataStructureProcess begin
Debug, T5284: ValidateDataStructureProcess end
Info,  T5284: Load C:/projects/MM1/extern/assimp-master/assimp-master/test/models/LWO/LWO2/ModoExport_vertNormals.lwo
Debug, T5284: Assimp 6.0.0 amd64 gcc debug shared singlethreadedsingle : 
Info,  T5284: Found a matching importer for this file format: LightWave/Modo Object Importer.
Info,  T5284: Import root directory is 'C:/projects/MM1/extern/assimp-master/assimp-master/test/models/LWO/LWO2\'
Info,  T5284: LWO file format: LWO2 (>= LightWave 6)
Info,  T5284: Processing non-standard extension: MODO VMAP.NORM.vert_normals
Debug, T5284: LWO2: No need to compute normals, they're already there
Debug, T5284: insert apcNode for layer 0 "Layer_0"
Debug, T5284: apcNodes initial size: 1
Debug, T5284: first apcNode is: 0 "Layer_0"
Debug, T5284: insert pivot node: 65534
Debug, T5284: pivot nodes: 1
Debug, T5284: total nodes: 2
Debug, T5284: MakeLeftHandedProcess begin
Debug, T5284: MakeLeftHandedProcess finished
Debug, T5284: FlipWindingOrderProcess begin
Debug, T5284: FlipWindingOrderProcess finished
Debug, T5284: UpdateImporterScale scale set: 1
Debug, T5284: ValidateDataStructureProcess begin
Debug, T5284: ValidateDataStructureProcess end
Info,  T5284: Load C:/projects/MM1/extern/assimp-master/assimp-master/test/models/LWO/LWO2/nonplanar_polygon.lwo
Debug, T5284: Assimp 6.0.0 amd64 gcc debug shared singlethreadedsingle : 
Info,  T5284: Found a matching importer for this file format: LightWave/Modo Object Importer.
Info,  T5284: Import root directory is 'C:/projects/MM1/extern/assimp-master/assimp-master/test/models/LWO/LWO2\'
Info,  T5284: LWO file format: LWO2 (>= LightWave 6)
Debug, T5284: insert apcNode for layer 0 "Layer_0"
Debug, T5284: apcNodes initial size: 1
Debug, T5284: first apcNode is: 0 "Layer_0"
Debug, T5284: insert pivot node: 65534
Debug, T5284: pivot nodes: 1
Debug, T5284: total nodes: 2
Debug, T5284: MakeLeftHandedProcess begin
Debug, T5284: MakeLeftHandedProcess finished
Debug, T5284: FlipWindingOrderProcess begin
Debug, T5284: FlipWindingOrderProcess finished
Debug, T5284: UpdateImporterScale scale set: 1
Debug, T5284: ValidateDataStructureProcess begin
Debug, T5284: ValidateDataStructureProcess end
Info,  T5284: Load C:/projects/MM1/extern/assimp-master/assimp-master/test/models/LWO/LWO2/shader_test/CellShader.lwo
Debug, T5284: Assimp 6.0.0 amd64 gcc debug shared singlethreadedsingle : 
Info,  T5284: Found a matching importer for this file format: LightWave/Modo Object Importer.
Info,  T5284: Import root directory is 'C:/projects/MM1/extern/assimp-master/assimp-master/test/models/LWO/LWO2/shader_test\'
Info,  T5284: LWO file format: LWO2 (>= LightWave 6)
Debug, T5284: insert apcNode for layer 0 "Layer_0"
Info,  T5284: LWO2: Mapping LW_SuperCelShader/AH_CelShader to aiShadingMode_Toon
Debug, T5284: apcNodes initial size: 1
Debug, T5284: first apcNode is: 0 "Layer_0"
Debug, T5284: insert pivot node: 65534
Debug, T5284: pivot nodes: 1
Debug, T5284: total nodes: 2
Debug, T5284: MakeLeftHandedProcess begin
Debug, T5284: MakeLeftHandedProcess finished
Debug, T5284: FlipWindingOrderProcess begin
Debug, T5284: FlipWindingOrderProcess finished
Debug, T5284: UpdateImporterScale scale set: 1
Debug, T5284: ValidateDataStructureProcess begin
Debug, T5284: ValidateDataStructureProcess end
Info,  T5284: Load C:/projects/MM1/extern/assimp-master/assimp-master/test/models/LWO/LWO2/shader_test/fastFresnel.lwo
Debug, T5284: Assimp 6.0.0 amd64 gcc debug shared singlethreadedsingle : 
Info,  T5284: Found a matching importer for this file format: LightWave/Modo Object Importer.
Info,  T5284: Import root directory is 'C:/projects/MM1/extern/assimp-master/assimp-master/test/models/LWO/LWO2/shader_test\'
Info,  T5284: LWO file format: LWO2 (>= LightWave 6)
Debug, T5284: insert apcNode for layer 0 "Layer_0"
Info,  T5284: LWO2: Mapping LW_RealFresnel/LW_FastFresnel to aiShadingMode_Fresnel
Debug, T5284: apcNodes initial size: 1
Debug, T5284: first apcNode is: 0 "Layer_0"
Debug, T5284: insert pivot node: 65534
Debug, T5284: pivot nodes: 1
Debug, T5284: total nodes: 2
Debug, T5284: MakeLeftHandedProcess begin
Debug, T5284: MakeLeftHandedProcess finished
Debug, T5284: FlipWindingOrderProcess begin
Debug, T5284: FlipWindingOrderProcess finished
Debug, T5284: UpdateImporterScale scale set: 1
Debug, T5284: ValidateDataStructureProcess begin
Debug, T5284: ValidateDataStructureProcess end
Info,  T5284: Load C:/projects/MM1/extern/assimp-master/assimp-master/test/models/LWO/LWO2/shader_test/realFresnel.lwo
Debug, T5284: Assimp 6.0.0 amd64 gcc debug shared singlethreadedsingle : 
Info,  T5284: Found a matching importer for this file format: LightWave/Modo Object Importer.
Info,  T5284: Import root directory is 'C:/projects/MM1/extern/assimp-master/assimp-master/test/models/LWO/LWO2/shader_test\'
Info,  T5284: LWO file format: LWO2 (>= LightWave 6)
Debug, T5284: insert apcNode for layer 0 "Layer_0"
Info,  T5284: LWO2: Mapping LW_RealFresnel/LW_FastFresnel to aiShadingMode_Fresnel
Debug, T5284: apcNodes initial size: 1
Debug, T5284: first apcNode is: 0 "Layer_0"
Debug, T5284: insert pivot node: 65534
Debug, T5284: pivot nodes: 1
Debug, T5284: total nodes: 2
Debug, T5284: MakeLeftHandedProcess begin
Debug, T5284: MakeLeftHandedProcess finished
Debug, T5284: FlipWindingOrderProcess begin
Debug, T5284: FlipWindingOrderProcess finished
Debug, T5284: UpdateImporterScale scale set: 1
Debug, T5284: ValidateDataStructureProcess begin
Debug, T5284: ValidateDataStructureProcess end
Info,  T5284: Load C:/projects/MM1/extern/assimp-master/assimp-master/test/models/LWO/LWO2/shader_test/SuperCellShader.lwo
Debug, T5284: Assimp 6.0.0 amd64 gcc debug shared singlethreadedsingle : 
Info,  T5284: Found a matching importer for this file format: LightWave/Modo Object Importer.
Info,  T5284: Import root directory is 'C:/projects/MM1/extern/assimp-master/assimp-master/test/models/LWO/LWO2/shader_test\'
Info,  T5284: LWO file format: LWO2 (>= LightWave 6)
Debug, T5284: insert apcNode for layer 0 "Layer_0"
Info,  T5284: LWO2: Mapping LW_SuperCelShader/AH_CelShader to aiShadingMode_Toon
Debug, T5284: apcNodes initial size: 1
Debug, T5284: first apcNode is: 0 "Layer_0"
Debug, T5284: insert pivot node: 65534
Debug, T5284: pivot nodes: 1
Debug, T5284: total nodes: 2
Debug, T5284: MakeLeftHandedProcess begin
Debug, T5284: MakeLeftHandedProcess finished
Debug, T5284: FlipWindingOrderProcess begin
Debug, T5284: FlipWindingOrderProcess finished
Debug, T5284: UpdateImporterScale scale set: 1
Debug, T5284: ValidateDataStructureProcess begin
Debug, T5284: ValidateDataStructureProcess end
Info,  T5284: Load C:/projects/MM1/extern/assimp-master/assimp-master/test/models/LWO/LWO2/sphere_with_gradient.lwo
Debug, T5284: Assimp 6.0.0 amd64 gcc debug shared singlethreadedsingle : 
Info,  T5284: Found a matching importer for this file format: LightWave/Modo Object Importer.
Info,  T5284: Import root directory is 'C:/projects/MM1/extern/assimp-master/assimp-master/test/models/LWO/LWO2\'
Info,  T5284: LWO file format: LWO2 (>= LightWave 6)
Warn,  T5284: LWO2: Encountered unknown ENVL subchunk
Warn,  T5284: LWO2: Unexpected SPAN chunk
Warn,  T5284: LWO2: Encountered unknown ENVL subchunk
Warn,  T5284: LWO2: Unexpected SPAN chunk
Debug, T5284: insert apcNode for layer 0 "Layer_0"
Debug, T5284: apcNodes initial size: 1
Debug, T5284: first apcNode is: 0 "Layer_0"
Debug, T5284: insert pivot node: 65534
Debug, T5284: pivot nodes: 1
Debug, T5284: total nodes: 2
Debug, T5284: MakeLeftHandedProcess begin
Debug, T5284: MakeLeftHandedProcess finished
Debug, T5284: FlipWindingOrderProcess begin
Debug, T5284: FlipWindingOrderProcess finished
Debug, T5284: UpdateImporterScale scale set: 1
Debug, T5284: ValidateDataStructureProcess begin
Debug, T5284: ValidateDataStructureProcess end
Info,  T5284: Load C:/projects/MM1/extern/assimp-master/assimp-master/test/models/LWO/LWO2/sphere_with_mat_gloss_10pc.lwo
Debug, T5284: Assimp 6.0.0 amd64 gcc debug shared singlethreadedsingle : 
Info,  T5284: Found a matching importer for this file format: LightWave/Modo Object Importer.
Info,  T5284: Import root directory is 'C:/projects/MM1/extern/assimp-master/assimp-master/test/models/LWO/LWO2\'
Info,  T5284: LWO file format: LWO2 (>= LightWave 6)
Debug, T5284: insert apcNode for layer 0 "Layer_0"
Debug, T5284: apcNodes initial size: 1
Debug, T5284: first apcNode is: 0 "Layer_0"
Debug, T5284: insert pivot node: 65534
Debug, T5284: pivot nodes: 1
Debug, T5284: total nodes: 2
Debug, T5284: MakeLeftHandedProcess begin
Debug, T5284: MakeLeftHandedProcess finished
Debug, T5284: FlipWindingOrderProcess begin
Debug, T5284: FlipWindingOrderProcess finished
Debug, T5284: UpdateImporterScale scale set: 1
Debug, T5284: ValidateDataStructureProcess begin
Debug, T5284: ValidateDataStructureProcess end
Info,  T5284: Load C:/projects/MM1/extern/assimp-master/assimp-master/test/models/LWO/LWO2/Subdivision.lwo
Debug, T5284: Assimp 6.0.0 amd64 gcc debug shared singlethreadedsingle : 
Info,  T5284: Found a matching importer for this file format: LightWave/Modo Object Importer.
Info,  T5284: Import root directory is 'C:/projects/MM1/extern/assimp-master/assimp-master/test/models/LWO/LWO2\'
Info,  T5284: LWO file format: LWO2 (>= LightWave 6)
Warn,  T5284: LWO2: Skipping unknown VMAP/VMAD channel 'APS.Level'
Debug, T5284: insert apcNode for layer 0 "Layer_0"
Debug, T5284: apcNodes initial size: 1
Debug, T5284: first apcNode is: 0 "Layer_0"
Debug, T5284: insert pivot node: 65534
Debug, T5284: pivot nodes: 1
Debug, T5284: total nodes: 2
Debug, T5284: MakeLeftHandedProcess begin
Debug, T5284: MakeLeftHandedProcess finished
Debug, T5284: FlipWindingOrderProcess begin
Debug, T5284: FlipWindingOrderProcess finished
Debug, T5284: UpdateImporterScale scale set: 1
Debug, T5284: ValidateDataStructureProcess begin
Debug, T5284: ValidateDataStructureProcess end
Info,  T5284: Load C:/projects/MM1/extern/assimp-master/assimp-master/test/models/LWO/LWO2/transparency.lwo
Debug, T5284: Assimp 6.0.0 amd64 gcc debug shared singlethreadedsingle : 
Info,  T5284: Found a matching importer for this file format: LightWave/Modo Object Importer.
Info,  T5284: Import root directory is 'C:/projects/MM1/extern/assimp-master/assimp-master/test/models/LWO/LWO2\'
Info,  T5284: LWO file format: LWO2 (>= LightWave 6)
Warn,  T5284: LWO2: Encountered unknown ENVL subchunk
Warn,  T5284: LWO2: Unexpected SPAN chunk
Debug, T5284: insert apcNode for layer 0 "Layer_0"
Debug, T5284: apcNodes initial size: 1
Debug, T5284: first apcNode is: 0 "Layer_0"
Debug, T5284: insert pivot node: 65534
Debug, T5284: pivot nodes: 1
Debug, T5284: total nodes: 2
Debug, T5284: MakeLeftHandedProcess begin
Debug, T5284: MakeLeftHandedProcess finished
Debug, T5284: FlipWindingOrderProcess begin
Debug, T5284: FlipWindingOrderProcess finished
Debug, T5284: UpdateImporterScale scale set: 1
Debug, T5284: ValidateDataStructureProcess begin
Debug, T5284: ValidateDataStructureProcess end
Info,  T5284: Load C:/projects/MM1/extern/assimp-master/assimp-master/test/models/LWO/LWO2/UglyVertexColors.lwo
Debug, T5284: Assimp 6.0.0 amd64 gcc debug shared singlethreadedsingle : 
Info,  T5284: Found a matching importer for this file format: LightWave/Modo Object Importer.
Info,  T5284: Import root directory is 'C:/projects/MM1/extern/assimp-master/assimp-master/test/models/LWO/LWO2\'
Info,  T5284: LWO file format: LWO2 (>= LightWave 6)
Warn,  T5284: LWO2: Encountered unknown ENVL subchunk
Warn,  T5284: LWO2: Unexpected SPAN chunk
Debug, T5284: insert apcNode for layer 0 "Layer_0"
Debug, T5284: LWO2: Setting up non-UV mapping
Debug, T5284: apcNodes initial size: 1
Debug, T5284: first apcNode is: 0 "Layer_0"
Debug, T5284: insert pivot node: 65534
Debug, T5284: pivot nodes: 1
Debug, T5284: total nodes: 2
Debug, T5284: MakeLeftHandedProcess begin
Debug, T5284: MakeLeftHandedProcess finished
Debug, T5284: FlipWindingOrderProcess begin
Debug, T5284: FlipWindingOrderProcess finished
Debug, T5284: UpdateImporterScale scale set: 1
Debug, T5284: ValidateDataStructureProcess begin
Debug, T5284: ValidateDataStructureProcess end
Info,  T5284: Load C:/projects/MM1/extern/assimp-master/assimp-master/test/models/LWO/LWO2/uvtest.lwo
Debug, T5284: Assimp 6.0.0 amd64 gcc debug shared singlethreadedsingle : 
Info,  T5284: Found a matching importer for this file format: LightWave/Modo Object Importer.
Info,  T5284: Import root directory is 'C:/projects/MM1/extern/assimp-master/assimp-master/test/models/LWO/LWO2\'
Info,  T5284: LWO file format: LWO2 (>= LightWave 6)
Debug, T5284: insert apcNode for layer 0 "Layer_0"
Debug, T5284: apcNodes initial size: 1
Debug, T5284: first apcNode is: 0 "Layer_0"
Debug, T5284: insert pivot node: 65534
Debug, T5284: pivot nodes: 1
Debug, T5284: total nodes: 2
Debug, T5284: MakeLeftHandedProcess begin
Debug, T5284: MakeLeftHandedProcess finished
Debug, T5284: FlipWindingOrderProcess begin
Debug, T5284: FlipWindingOrderProcess finished
Debug, T5284: UpdateImporterScale scale set: 1
Debug, T5284: ValidateDataStructureProcess begin
Debug, T5284: ValidateDataStructureProcess end
Info,  T5284: Load C:/projects/MM1/extern/assimp-master/assimp-master/test/models/LWO/LWOB/ConcavePolygon.lwo
Debug, T5284: Assimp 6.0.0 amd64 gcc debug shared singlethreadedsingle : 
Info,  T5284: Found a matching importer for this file format: LightWave/Modo Object Importer.
Info,  T5284: Import root directory is 'C:/projects/MM1/extern/assimp-master/assimp-master/test/models/LWO/LWOB\'
Info,  T5284: LWO file format: LWOB (<= LightWave 5.5)
Debug, T5284: insert apcNode for layer 1 "<LWODefault>"
Debug, T5284: apcNodes initial size: 1
Debug, T5284: first apcNode is: 1 "<LWODefault>"
Debug, T5284: insert pivot node: 65533
Debug, T5284: pivot nodes: 1
Debug, T5284: total nodes: 2
Debug, T5284: MakeLeftHandedProcess begin
Debug, T5284: MakeLeftHandedProcess finished
Debug, T5284: FlipWindingOrderProcess begin
Debug, T5284: FlipWindingOrderProcess finished
Debug, T5284: UpdateImporterScale scale set: 1
Debug, T5284: ValidateDataStructureProcess begin
Debug, T5284: ValidateDataStructureProcess end
Info,  T5284: Load C:/projects/MM1/extern/assimp-master/assimp-master/test/models/LWO/LWOB/MappingModes/bluewithcylindrictexz.lwo
Debug, T5284: Assimp 6.0.0 amd64 gcc debug shared singlethreadedsingle : 
Info,  T5284: Found a matching importer for this file format: LightWave/Modo Object Importer.
Info,  T5284: Import root directory is 'C:/projects/MM1/extern/assimp-master/assimp-master/test/models/LWO/LWOB/MappingModes\'
Info,  T5284: LWO file format: LWOB (<= LightWave 5.5)
Debug, T5284: insert apcNode for layer 1 "<LWODefault>"
Debug, T5284: LWO2: Setting up non-UV mapping
Debug, T5284: apcNodes initial size: 1
Debug, T5284: first apcNode is: 1 "<LWODefault>"
Debug, T5284: insert pivot node: 65533
Debug, T5284: pivot nodes: 1
Debug, T5284: total nodes: 2
Debug, T5284: MakeLeftHandedProcess begin
Debug, T5284: MakeLeftHandedProcess finished
Debug, T5284: FlipWindingOrderProcess begin
Debug, T5284: FlipWindingOrderProcess finished
Debug, T5284: UpdateImporterScale scale set: 1
Debug, T5284: ValidateDataStructureProcess begin
Debug, T5284: ValidateDataStructureProcess end
Info,  T5284: Load C:/projects/MM1/extern/assimp-master/assimp-master/test/models/LWO/LWOB/sphere_with_mat_gloss_10pc.lwo
Debug, T5284: Assimp 6.0.0 amd64 gcc debug shared singlethreadedsingle : 
Info,  T5284: Found a matching importer for this file format: LightWave/Modo Object Importer.
Info,  T5284: Import root directory is 'C:/projects/MM1/extern/assimp-master/assimp-master/test/models/LWO/LWOB\'
Info,  T5284: LWO file format: LWOB (<= LightWave 5.5)
Debug, T5284: insert apcNode for layer 1 "<LWODefault>"
Debug, T5284: apcNodes initial size: 1
Debug, T5284: first apcNode is: 1 "<LWODefault>"
Debug, T5284: insert pivot node: 65533
Debug, T5284: pivot nodes: 1
Debug, T5284: total nodes: 2
Debug, T5284: MakeLeftHandedProcess begin
Debug, T5284: MakeLeftHandedProcess finished
Debug, T5284: FlipWindingOrderProcess begin
Debug, T5284: FlipWindingOrderProcess finished
Debug, T5284: UpdateImporterScale scale set: 1
Debug, T5284: ValidateDataStructureProcess begin
Debug, T5284: ValidateDataStructureProcess end
Info,  T5284: Load C:/projects/MM1/extern/assimp-master/assimp-master/test/models/LWO/LWOB/sphere_with_mat_gloss_50pc.lwo
Debug, T5284: Assimp 6.0.0 amd64 gcc debug shared singlethreadedsingle : 
Info,  T5284: Found a matching importer for this file format: LightWave/Modo Object Importer.
Info,  T5284: Import root directory is 'C:/projects/MM1/extern/assimp-master/assimp-master/test/models/LWO/LWOB\'
Info,  T5284: LWO file format: LWOB (<= LightWave 5.5)
Debug, T5284: insert apcNode for layer 1 "<LWODefault>"
Debug, T5284: apcNodes initial size: 1
Debug, T5284: first apcNode is: 1 "<LWODefault>"
Debug, T5284: insert pivot node: 65533
Debug, T5284: pivot nodes: 1
Debug, T5284: total nodes: 2
Debug, T5284: MakeLeftHandedProcess begin
Debug, T5284: MakeLeftHandedProcess finished
Debug, T5284: FlipWindingOrderProcess begin
Debug, T5284: FlipWindingOrderProcess finished
Debug, T5284: UpdateImporterScale scale set: 1
Debug, T5284: ValidateDataStructureProcess begin
Debug, T5284: ValidateDataStructureProcess end
Info,  T5284: Load C:/projects/MM1/extern/assimp-master/assimp-master/test/models/LWS/move_x.lws
Debug, T5284: Assimp 6.0.0 amd64 gcc debug shared singlethreadedsingle : 
Info,  T5284: Found a matching importer for this file format: LightWave Scene Importer.
Info,  T5284: Import root directory is 'C:/projects/MM1/extern/assimp-master/assimp-master/test/models/LWS\'
Debug, T5284: LWS: Skipping over plugin-specific data
Info,  T5284: LWS file format version is 5
Info,  T5284: %%% BEGIN EXTERNAL FILE %%%
Info,  T5284: File: simple_cube.lwo
Info,  T5284: Load simple_cube.lwo
Debug, T5284: Assimp 6.0.0 amd64 gcc debug shared singlethreadedsingle : 
Info,  T5284: Found a matching importer for this file format: LightWave/Modo Object Importer.
Info,  T5284: Import root directory is '.\'
Info,  T5284: LWO file format: LWO2 (>= LightWave 6)
Debug, T5284: insert apcNode for layer 0 "Layer_0"
Debug, T5284: apcNodes initial size: 1
Debug, T5284: first apcNode is: 0 "Layer_0"
Debug, T5284: insert pivot node: 65534
Debug, T5284: pivot nodes: 1
Debug, T5284: total nodes: 2
Debug, T5284: MakeLeftHandedProcess begin
Debug, T5284: MakeLeftHandedProcess finished
Debug, T5284: FlipWindingOrderProcess begin
Debug, T5284: FlipWindingOrderProcess finished
Debug, T5284: UpdateImporterScale scale set: 1
Info,  T5284: %%% END EXTERNAL FILE %%%
Debug, T5284: MakeLeftHandedProcess begin
Debug, T5284: MakeLeftHandedProcess finished
Debug, T5284: FlipWindingOrderProcess begin
Debug, T5284: FlipWindingOrderProcess finished
Debug, T5284: UpdateImporterScale scale set: 1
Debug, T5284: ValidateDataStructureProcess begin
Debug, T5284: ValidateDataStructureProcess end
Debug, T5284: ScenePreprocessor: Dummy rotation track has been generated
Debug, T5284: ScenePreprocessor: Dummy scaling track has been generated
Info,  T5284: Load C:/projects/MM1/extern/assimp-master/assimp-master/test/models/LWS/move_x_post_linear.lws
Debug, T5284: Assimp 6.0.0 amd64 gcc debug shared singlethreadedsingle : 
Info,  T5284: Found a matching importer for this file format: LightWave Scene Importer.
Info,  T5284: Import root directory is 'C:/projects/MM1/extern/assimp-master/assimp-master/test/models/LWS\'
Debug, T5284: LWS: Skipping over plugin-specific data
Info,  T5284: LWS file format version is 5
Info,  T5284: %%% BEGIN EXTERNAL FILE %%%
Info,  T5284: File: simple_cube.lwo
Info,  T5284: Load simple_cube.lwo
Debug, T5284: Assimp 6.0.0 amd64 gcc debug shared singlethreadedsingle : 
Info,  T5284: Found a matching importer for this file format: LightWave/Modo Object Importer.
Info,  T5284: Import root directory is '.\'
Info,  T5284: LWO file format: LWO2 (>= LightWave 6)
Debug, T5284: insert apcNode for layer 0 "Layer_0"
Debug, T5284: apcNodes initial size: 1
Debug, T5284: first apcNode is: 0 "Layer_0"
Debug, T5284: insert pivot node: 65534
Debug, T5284: pivot nodes: 1
Debug, T5284: total nodes: 2
Debug, T5284: MakeLeftHandedProcess begin
Debug, T5284: MakeLeftHandedProcess finished
Debug, T5284: FlipWindingOrderProcess begin
Debug, T5284: FlipWindingOrderProcess finished
Debug, T5284: UpdateImporterScale scale set: 1
Info,  T5284: %%% END EXTERNAL FILE %%%
Debug, T5284: MakeLeftHandedProcess begin
Debug, T5284: MakeLeftHandedProcess finished
Debug, T5284: FlipWindingOrderProcess begin
Debug, T5284: FlipWindingOrderProcess finished
Debug, T5284: UpdateImporterScale scale set: 1
Debug, T5284: ValidateDataStructureProcess begin
Debug, T5284: ValidateDataStructureProcess end
Debug, T5284: ScenePreprocessor: Dummy rotation track has been generated
Debug, T5284: ScenePreprocessor: Dummy scaling track has been generated
Info,  T5284: Load C:/projects/MM1/extern/assimp-master/assimp-master/test/models/LWS/move_xz_bezier.lws
Debug, T5284: Assimp 6.0.0 amd64 gcc debug shared singlethreadedsingle : 
Info,  T5284: Found a matching importer for this file format: LightWave Scene Importer.
Info,  T5284: Import root directory is 'C:/projects/MM1/extern/assimp-master/assimp-master/test/models/LWS\'
Debug, T5284: LWS: Skipping over plugin-specific data
Info,  T5284: LWS file format version is 5
Info,  T5284: %%% BEGIN EXTERNAL FILE %%%
Info,  T5284: File: simple_cube.lwo
Info,  T5284: Load simple_cube.lwo
Debug, T5284: Assimp 6.0.0 amd64 gcc debug shared singlethreadedsingle : 
Info,  T5284: Found a matching importer for this file format: LightWave/Modo Object Importer.
Info,  T5284: Import root directory is '.\'
Info,  T5284: LWO file format: LWO2 (>= LightWave 6)
Debug, T5284: insert apcNode for layer 0 "Layer_0"
Debug, T5284: apcNodes initial size: 1
Debug, T5284: first apcNode is: 0 "Layer_0"
Debug, T5284: insert pivot node: 65534
Debug, T5284: pivot nodes: 1
Debug, T5284: total nodes: 2
Debug, T5284: MakeLeftHandedProcess begin
Debug, T5284: MakeLeftHandedProcess finished
Debug, T5284: FlipWindingOrderProcess begin
Debug, T5284: FlipWindingOrderProcess finished
Debug, T5284: UpdateImporterScale scale set: 1
Info,  T5284: %%% END EXTERNAL FILE %%%
Debug, T5284: MakeLeftHandedProcess begin
Debug, T5284: MakeLeftHandedProcess finished
Debug, T5284: FlipWindingOrderProcess begin
Debug, T5284: FlipWindingOrderProcess finished
Debug, T5284: UpdateImporterScale scale set: 1
Debug, T5284: ValidateDataStructureProcess begin
Debug, T5284: ValidateDataStructureProcess end
Debug, T5284: ScenePreprocessor: Dummy rotation track has been generated
Debug, T5284: ScenePreprocessor: Dummy scaling track has been generated
Info,  T5284: Load C:/projects/MM1/extern/assimp-master/assimp-master/test/models/LWS/move_xz_stepped.lws
Debug, T5284: Assimp 6.0.0 amd64 gcc debug shared singlethreadedsingle : 
Info,  T5284: Found a matching importer for this file format: LightWave Scene Importer.
Info,  T5284: Import root directory is 'C:/projects/MM1/extern/assimp-master/assimp-master/test/models/LWS\'
Debug, T5284: LWS: Skipping over plugin-specific data
Info,  T5284: LWS file format version is 5
Info,  T5284: %%% BEGIN EXTERNAL FILE %%%
Info,  T5284: File: simple_cube.lwo
Info,  T5284: Load simple_cube.lwo
Debug, T5284: Assimp 6.0.0 amd64 gcc debug shared singlethreadedsingle : 
Info,  T5284: Found a matching importer for this file format: LightWave/Modo Object Importer.
Info,  T5284: Import root directory is '.\'
Info,  T5284: LWO file format: LWO2 (>= LightWave 6)
Debug, T5284: insert apcNode for layer 0 "Layer_0"
Debug, T5284: apcNodes initial size: 1
Debug, T5284: first apcNode is: 0 "Layer_0"
Debug, T5284: insert pivot node: 65534
Debug, T5284: pivot nodes: 1
Debug, T5284: total nodes: 2
Debug, T5284: MakeLeftHandedProcess begin
Debug, T5284: MakeLeftHandedProcess finished
Debug, T5284: FlipWindingOrderProcess begin
Debug, T5284: FlipWindingOrderProcess finished
Debug, T5284: UpdateImporterScale scale set: 1
Info,  T5284: %%% END EXTERNAL FILE %%%
Debug, T5284: MakeLeftHandedProcess begin
Debug, T5284: MakeLeftHandedProcess finished
Debug, T5284: FlipWindingOrderProcess begin
Debug, T5284: FlipWindingOrderProcess finished
Debug, T5284: UpdateImporterScale scale set: 1
Debug, T5284: ValidateDataStructureProcess begin
Debug, T5284: ValidateDataStructureProcess end
Debug, T5284: ScenePreprocessor: Dummy rotation track has been generated
Debug, T5284: ScenePreprocessor: Dummy scaling track has been generated
Info,  T5284: Load C:/projects/MM1/extern/assimp-master/assimp-master/test/models/LWS/move_x_oldformat_56.lws
Debug, T5284: Assimp 6.0.0 amd64 gcc debug shared singlethreadedsingle : 
Info,  T5284: Found a matching importer for this file format: LightWave Scene Importer.
Info,  T5284: Import root directory is 'C:/projects/MM1/extern/assimp-master/assimp-master/test/models/LWS\'
Debug, T5284: LWS: Skipping over plugin-specific data
Info,  T5284: LWS file format version is 2
Info,  T5284: %%% BEGIN EXTERNAL FILE %%%
Info,  T5284: File: simple_cube.lwo
Info,  T5284: Load simple_cube.lwo
Debug, T5284: Assimp 6.0.0 amd64 gcc debug shared singlethreadedsingle : 
Info,  T5284: Found a matching importer for this file format: LightWave/Modo Object Importer.
Info,  T5284: Import root directory is '.\'
Info,  T5284: LWO file format: LWO2 (>= LightWave 6)
Debug, T5284: insert apcNode for layer 0 "Layer_0"
Debug, T5284: apcNodes initial size: 1
Debug, T5284: first apcNode is: 0 "Layer_0"
Debug, T5284: insert pivot node: 65534
Debug, T5284: pivot nodes: 1
Debug, T5284: total nodes: 2
Debug, T5284: MakeLeftHandedProcess begin
Debug, T5284: MakeLeftHandedProcess finished
Debug, T5284: FlipWindingOrderProcess begin
Debug, T5284: FlipWindingOrderProcess finished
Debug, T5284: UpdateImporterScale scale set: 1
Info,  T5284: %%% END EXTERNAL FILE %%%
Debug, T5284: MakeLeftHandedProcess begin
Debug, T5284: MakeLeftHandedProcess finished
Debug, T5284: FlipWindingOrderProcess begin
Debug, T5284: FlipWindingOrderProcess finished
Debug, T5284: UpdateImporterScale scale set: 1
Debug, T5284: ValidateDataStructureProcess begin
Debug, T5284: ValidateDataStructureProcess end
Debug, T5284: ScenePreprocessor: Dummy rotation track has been generated
Debug, T5284: ScenePreprocessor: Dummy scaling track has been generated
Info,  T5284: Load C:/projects/MM1/extern/assimp-master/assimp-master/test/models/LWS/move_x_post_offset_repeat.lws
Debug, T5284: Assimp 6.0.0 amd64 gcc debug shared singlethreadedsingle : 
Info,  T5284: Found a matching importer for this file format: LightWave Scene Importer.
Info,  T5284: Import root directory is 'C:/projects/MM1/extern/assimp-master/assimp-master/test/models/LWS\'
Debug, T5284: LWS: Skipping over plugin-specific data
Info,  T5284: LWS file format version is 5
Info,  T5284: %%% BEGIN EXTERNAL FILE %%%
Info,  T5284: File: simple_cube.lwo
Info,  T5284: Load simple_cube.lwo
Debug, T5284: Assimp 6.0.0 amd64 gcc debug shared singlethreadedsingle : 
Info,  T5284: Found a matching importer for this file format: LightWave/Modo Object Importer.
Info,  T5284: Import root directory is '.\'
Info,  T5284: LWO file format: LWO2 (>= LightWave 6)
Debug, T5284: insert apcNode for layer 0 "Layer_0"
Debug, T5284: apcNodes initial size: 1
Debug, T5284: first apcNode is: 0 "Layer_0"
Debug, T5284: insert pivot node: 65534
Debug, T5284: pivot nodes: 1
Debug, T5284: total nodes: 2
Debug, T5284: MakeLeftHandedProcess begin
Debug, T5284: MakeLeftHandedProcess finished
Debug, T5284: FlipWindingOrderProcess begin
Debug, T5284: FlipWindingOrderProcess finished
Debug, T5284: UpdateImporterScale scale set: 1
Info,  T5284: %%% END EXTERNAL FILE %%%
Debug, T5284: MakeLeftHandedProcess begin
Debug, T5284: MakeLeftHandedProcess finished
Debug, T5284: FlipWindingOrderProcess begin
Debug, T5284: FlipWindingOrderProcess finished
Debug, T5284: UpdateImporterScale scale set: 1
Debug, T5284: ValidateDataStructureProcess begin
Debug, T5284: ValidateDataStructureProcess end
Debug, T5284: ScenePreprocessor: Dummy rotation track has been generated
Debug, T5284: ScenePreprocessor: Dummy scaling track has been generated
Info,  T5284: Load C:/projects/MM1/extern/assimp-master/assimp-master/test/models/LWS/move_xz_hermite.lws
Debug, T5284: Assimp 6.0.0 amd64 gcc debug shared singlethreadedsingle : 
Info,  T5284: Found a matching importer for this file format: LightWave Scene Importer.
Info,  T5284: Import root directory is 'C:/projects/MM1/extern/assimp-master/assimp-master/test/models/LWS\'
Debug, T5284: LWS: Skipping over plugin-specific data
Info,  T5284: LWS file format version is 5
Info,  T5284: %%% BEGIN EXTERNAL FILE %%%
Info,  T5284: File: simple_cube.lwo
Info,  T5284: Load simple_cube.lwo
Debug, T5284: Assimp 6.0.0 amd64 gcc debug shared singlethreadedsingle : 
Info,  T5284: Found a matching importer for this file format: LightWave/Modo Object Importer.
Info,  T5284: Import root directory is '.\'
Info,  T5284: LWO file format: LWO2 (>= LightWave 6)
Debug, T5284: insert apcNode for layer 0 "Layer_0"
Debug, T5284: apcNodes initial size: 1
Debug, T5284: first apcNode is: 0 "Layer_0"
Debug, T5284: insert pivot node: 65534
Debug, T5284: pivot nodes: 1
Debug, T5284: total nodes: 2
Debug, T5284: MakeLeftHandedProcess begin
Debug, T5284: MakeLeftHandedProcess finished
Debug, T5284: FlipWindingOrderProcess begin
Debug, T5284: FlipWindingOrderProcess finished
Debug, T5284: UpdateImporterScale scale set: 1
Info,  T5284: %%% END EXTERNAL FILE %%%
Debug, T5284: MakeLeftHandedProcess begin
Debug, T5284: MakeLeftHandedProcess finished
Debug, T5284: FlipWindingOrderProcess begin
Debug, T5284: FlipWindingOrderProcess finished
Debug, T5284: UpdateImporterScale scale set: 1
Debug, T5284: ValidateDataStructureProcess begin
Debug, T5284: ValidateDataStructureProcess end
Debug, T5284: ScenePreprocessor: Dummy rotation track has been generated
Debug, T5284: ScenePreprocessor: Dummy scaling track has been generated
Info,  T5284: Load C:/projects/MM1/extern/assimp-master/assimp-master/test/models/LWS/move_y_pre_ofrep_post_osc.lws
Debug, T5284: Assimp 6.0.0 amd64 gcc debug shared singlethreadedsingle : 
Info,  T5284: Found a matching importer for this file format: LightWave Scene Importer.
Info,  T5284: Import root directory is 'C:/projects/MM1/extern/assimp-master/assimp-master/test/models/LWS\'
Debug, T5284: LWS: Skipping over plugin-specific data
Info,  T5284: LWS file format version is 5
Info,  T5284: %%% BEGIN EXTERNAL FILE %%%
Info,  T5284: File: simple_cube.lwo
Info,  T5284: Load simple_cube.lwo
Debug, T5284: Assimp 6.0.0 amd64 gcc debug shared singlethreadedsingle : 
Info,  T5284: Found a matching importer for this file format: LightWave/Modo Object Importer.
Info,  T5284: Import root directory is '.\'
Info,  T5284: LWO file format: LWO2 (>= LightWave 6)
Debug, T5284: insert apcNode for layer 0 "Layer_0"
Debug, T5284: apcNodes initial size: 1
Debug, T5284: first apcNode is: 0 "Layer_0"
Debug, T5284: insert pivot node: 65534
Debug, T5284: pivot nodes: 1
Debug, T5284: total nodes: 2
Debug, T5284: MakeLeftHandedProcess begin
Debug, T5284: MakeLeftHandedProcess finished
Debug, T5284: FlipWindingOrderProcess begin
Debug, T5284: FlipWindingOrderProcess finished
Debug, T5284: UpdateImporterScale scale set: 1
Info,  T5284: %%% END EXTERNAL FILE %%%
Debug, T5284: MakeLeftHandedProcess begin
Debug, T5284: MakeLeftHandedProcess finished
Debug, T5284: FlipWindingOrderProcess begin
Debug, T5284: FlipWindingOrderProcess finished
Debug, T5284: UpdateImporterScale scale set: 1
Debug, T5284: ValidateDataStructureProcess begin
Warn,  T5284: Validation warning: aiNodeAnim::mPositionKeys[1].mTime (-72.00000) is smaller than aiAnimation::mPositionKeys[0] (which is 0.00000)
Warn,  T5284: Validation warning: aiNodeAnim::mPositionKeys[5].mTime (-21.00000) is smaller than aiAnimation::mPositionKeys[4] (which is 0.00000)
Debug, T5284: ValidateDataStructureProcess end
Info,  T5284: Load C:/projects/MM1/extern/assimp-master/assimp-master/test/models/LWS/move_x_oldformat_6.lws
Debug, T5284: Assimp 6.0.0 amd64 gcc debug shared singlethreadedsingle : 
Info,  T5284: Found a matching importer for this file format: LightWave Scene Importer.
Info,  T5284: Import root directory is 'C:/projects/MM1/extern/assimp-master/assimp-master/test/models/LWS\'
Debug, T5284: LWS: Skipping over plugin-specific data
Info,  T5284: LWS file format version is 3
Info,  T5284: %%% BEGIN EXTERNAL FILE %%%
Info,  T5284: File: simple_cube.lwo
Info,  T5284: Load simple_cube.lwo
Debug, T5284: Assimp 6.0.0 amd64 gcc debug shared singlethreadedsingle : 
Info,  T5284: Found a matching importer for this file format: LightWave/Modo Object Importer.
Info,  T5284: Import root directory is '.\'
Info,  T5284: LWO file format: LWO2 (>= LightWave 6)
Debug, T5284: insert apcNode for layer 0 "Layer_0"
Debug, T5284: apcNodes initial size: 1
Debug, T5284: first apcNode is: 0 "Layer_0"
Debug, T5284: insert pivot node: 65534
Debug, T5284: pivot nodes: 1
Debug, T5284: total nodes: 2
Debug, T5284: MakeLeftHandedProcess begin
Debug, T5284: MakeLeftHandedProcess finished
Debug, T5284: FlipWindingOrderProcess begin
Debug, T5284: FlipWindingOrderProcess finished
Debug, T5284: UpdateImporterScale scale set: 1
Info,  T5284: %%% END EXTERNAL FILE %%%
Debug, T5284: MakeLeftHandedProcess begin
Debug, T5284: MakeLeftHandedProcess finished
Debug, T5284: FlipWindingOrderProcess begin
Debug, T5284: FlipWindingOrderProcess finished
Debug, T5284: UpdateImporterScale scale set: 1
Debug, T5284: ValidateDataStructureProcess begin
Debug, T5284: ValidateDataStructureProcess end
Debug, T5284: ScenePreprocessor: Dummy rotation track has been generated
Debug, T5284: ScenePreprocessor: Dummy scaling track has been generated
Info,  T5284: Load C:/projects/MM1/extern/assimp-master/assimp-master/test/models/LWS/move_x_post_repeat.lws
Debug, T5284: Assimp 6.0.0 amd64 gcc debug shared singlethreadedsingle : 
Info,  T5284: Found a matching importer for this file format: LightWave Scene Importer.
Info,  T5284: Import root directory is 'C:/projects/MM1/extern/assimp-master/assimp-master/test/models/LWS\'
Debug, T5284: LWS: Skipping over plugin-specific data
Info,  T5284: LWS file format version is 5
Info,  T5284: %%% BEGIN EXTERNAL FILE %%%
Info,  T5284: File: simple_cube.lwo
Info,  T5284: Load simple_cube.lwo
Debug, T5284: Assimp 6.0.0 amd64 gcc debug shared singlethreadedsingle : 
Info,  T5284: Found a matching importer for this file format: LightWave/Modo Object Importer.
Info,  T5284: Import root directory is '.\'
Info,  T5284: LWO file format: LWO2 (>= LightWave 6)
Debug, T5284: insert apcNode for layer 0 "Layer_0"
Debug, T5284: apcNodes initial size: 1
Debug, T5284: first apcNode is: 0 "Layer_0"
Debug, T5284: insert pivot node: 65534
Debug, T5284: pivot nodes: 1
Debug, T5284: total nodes: 2
Debug, T5284: MakeLeftHandedProcess begin
Debug, T5284: MakeLeftHandedProcess finished
Debug, T5284: FlipWindingOrderProcess begin
Debug, T5284: FlipWindingOrderProcess finished
Debug, T5284: UpdateImporterScale scale set: 1
Info,  T5284: %%% END EXTERNAL FILE %%%
Debug, T5284: MakeLeftHandedProcess begin
Debug, T5284: MakeLeftHandedProcess finished
Debug, T5284: FlipWindingOrderProcess begin
Debug, T5284: FlipWindingOrderProcess finished
Debug, T5284: UpdateImporterScale scale set: 1
Debug, T5284: ValidateDataStructureProcess begin
Debug, T5284: ValidateDataStructureProcess end
Debug, T5284: ScenePreprocessor: Dummy rotation track has been generated
Debug, T5284: ScenePreprocessor: Dummy scaling track has been generated
Info,  T5284: Load C:/projects/MM1/extern/assimp-master/assimp-master/test/models/LWS/move_xz_linear.lws
Debug, T5284: Assimp 6.0.0 amd64 gcc debug shared singlethreadedsingle : 
Info,  T5284: Found a matching importer for this file format: LightWave Scene Importer.
Info,  T5284: Import root directory is 'C:/projects/MM1/extern/assimp-master/assimp-master/test/models/LWS\'
Debug, T5284: LWS: Skipping over plugin-specific data
Info,  T5284: LWS file format version is 5
Info,  T5284: %%% BEGIN EXTERNAL FILE %%%
Info,  T5284: File: simple_cube.lwo
Info,  T5284: Load simple_cube.lwo
Debug, T5284: Assimp 6.0.0 amd64 gcc debug shared singlethreadedsingle : 
Info,  T5284: Found a matching importer for this file format: LightWave/Modo Object Importer.
Info,  T5284: Import root directory is '.\'
Info,  T5284: LWO file format: LWO2 (>= LightWave 6)
Debug, T5284: insert apcNode for layer 0 "Layer_0"
Debug, T5284: apcNodes initial size: 1
Debug, T5284: first apcNode is: 0 "Layer_0"
Debug, T5284: insert pivot node: 65534
Debug, T5284: pivot nodes: 1
Debug, T5284: total nodes: 2
Debug, T5284: MakeLeftHandedProcess begin
Debug, T5284: MakeLeftHandedProcess finished
Debug, T5284: FlipWindingOrderProcess begin
Debug, T5284: FlipWindingOrderProcess finished
Debug, T5284: UpdateImporterScale scale set: 1
Info,  T5284: %%% END EXTERNAL FILE %%%
Debug, T5284: MakeLeftHandedProcess begin
Debug, T5284: MakeLeftHandedProcess finished
Debug, T5284: FlipWindingOrderProcess begin
Debug, T5284: FlipWindingOrderProcess finished
Debug, T5284: UpdateImporterScale scale set: 1
Debug, T5284: ValidateDataStructureProcess begin
Debug, T5284: ValidateDataStructureProcess end
Debug, T5284: ScenePreprocessor: Dummy rotation track has been generated
Debug, T5284: ScenePreprocessor: Dummy scaling track has been generated
Info,  T5284: Load C:/projects/MM1/extern/assimp-master/assimp-master/test/models/LWS/move_x_post_constant.lws
Debug, T5284: Assimp 6.0.0 amd64 gcc debug shared singlethreadedsingle : 
Info,  T5284: Found a matching importer for this file format: LightWave Scene Importer.
Info,  T5284: Import root directory is 'C:/projects/MM1/extern/assimp-master/assimp-master/test/models/LWS\'
Debug, T5284: LWS: Skipping over plugin-specific data
Info,  T5284: LWS file format version is 5
Info,  T5284: %%% BEGIN EXTERNAL FILE %%%
Info,  T5284: File: simple_cube.lwo
Info,  T5284: Load simple_cube.lwo
Debug, T5284: Assimp 6.0.0 amd64 gcc debug shared singlethreadedsingle : 
Info,  T5284: Found a matching importer for this file format: LightWave/Modo Object Importer.
Info,  T5284: Import root directory is '.\'
Info,  T5284: LWO file format: LWO2 (>= LightWave 6)
Debug, T5284: insert apcNode for layer 0 "Layer_0"
Debug, T5284: apcNodes initial size: 1
Debug, T5284: first apcNode is: 0 "Layer_0"
Debug, T5284: insert pivot node: 65534
Debug, T5284: pivot nodes: 1
Debug, T5284: total nodes: 2
Debug, T5284: MakeLeftHandedProcess begin
Debug, T5284: MakeLeftHandedProcess finished
Debug, T5284: FlipWindingOrderProcess begin
Debug, T5284: FlipWindingOrderProcess finished
Debug, T5284: UpdateImporterScale scale set: 1
Info,  T5284: %%% END EXTERNAL FILE %%%
Debug, T5284: MakeLeftHandedProcess begin
Debug, T5284: MakeLeftHandedProcess finished
Debug, T5284: FlipWindingOrderProcess begin
Debug, T5284: FlipWindingOrderProcess finished
Debug, T5284: UpdateImporterScale scale set: 1
Debug, T5284: ValidateDataStructureProcess begin
Debug, T5284: ValidateDataStructureProcess end
Debug, T5284: ScenePreprocessor: Dummy rotation track has been generated
Debug, T5284: ScenePreprocessor: Dummy scaling track has been generated
Info,  T5284: Load C:/projects/MM1/extern/assimp-master/assimp-master/test/models/LWS/move_x_post_reset.lws
Debug, T5284: Assimp 6.0.0 amd64 gcc debug shared singlethreadedsingle : 
Info,  T5284: Found a matching importer for this file format: LightWave Scene Importer.
Info,  T5284: Import root directory is 'C:/projects/MM1/extern/assimp-master/assimp-master/test/models/LWS\'
Debug, T5284: LWS: Skipping over plugin-specific data
Info,  T5284: LWS file format version is 5
Info,  T5284: %%% BEGIN EXTERNAL FILE %%%
Info,  T5284: File: simple_cube.lwo
Info,  T5284: Load simple_cube.lwo
Debug, T5284: Assimp 6.0.0 amd64 gcc debug shared singlethreadedsingle : 
Info,  T5284: Found a matching importer for this file format: LightWave/Modo Object Importer.
Info,  T5284: Import root directory is '.\'
Info,  T5284: LWO file format: LWO2 (>= LightWave 6)
Debug, T5284: insert apcNode for layer 0 "Layer_0"
Debug, T5284: apcNodes initial size: 1
Debug, T5284: first apcNode is: 0 "Layer_0"
Debug, T5284: insert pivot node: 65534
Debug, T5284: pivot nodes: 1
Debug, T5284: total nodes: 2
Debug, T5284: MakeLeftHandedProcess begin
Debug, T5284: MakeLeftHandedProcess finished
Debug, T5284: FlipWindingOrderProcess begin
Debug, T5284: FlipWindingOrderProcess finished
Debug, T5284: UpdateImporterScale scale set: 1
Info,  T5284: %%% END EXTERNAL FILE %%%
Debug, T5284: MakeLeftHandedProcess begin
Debug, T5284: MakeLeftHandedProcess finished
Debug, T5284: FlipWindingOrderProcess begin
Debug, T5284: FlipWindingOrderProcess finished
Debug, T5284: UpdateImporterScale scale set: 1
Debug, T5284: ValidateDataStructureProcess begin
Debug, T5284: ValidateDataStructureProcess end
Debug, T5284: ScenePreprocessor: Dummy rotation track has been generated
Debug, T5284: ScenePreprocessor: Dummy scaling track has been generated
Info,  T5284: Load C:/projects/MM1/extern/assimp-master/assimp-master/test/models/LWS/move_xz_spline.lws
Debug, T5284: Assimp 6.0.0 amd64 gcc debug shared singlethreadedsingle : 
Info,  T5284: Found a matching importer for this file format: LightWave Scene Importer.
Info,  T5284: Import root directory is 'C:/projects/MM1/extern/assimp-master/assimp-master/test/models/LWS\'
Debug, T5284: LWS: Skipping over plugin-specific data
Info,  T5284: LWS file format version is 5
Info,  T5284: %%% BEGIN EXTERNAL FILE %%%
Info,  T5284: File: simple_cube.lwo
Info,  T5284: Load simple_cube.lwo
Debug, T5284: Assimp 6.0.0 amd64 gcc debug shared singlethreadedsingle : 
Info,  T5284: Found a matching importer for this file format: LightWave/Modo Object Importer.
Info,  T5284: Import root directory is '.\'
Info,  T5284: LWO file format: LWO2 (>= LightWave 6)
Debug, T5284: insert apcNode for layer 0 "Layer_0"
Debug, T5284: apcNodes initial size: 1
Debug, T5284: first apcNode is: 0 "Layer_0"
Debug, T5284: insert pivot node: 65534
Debug, T5284: pivot nodes: 1
Debug, T5284: total nodes: 2
Debug, T5284: MakeLeftHandedProcess begin
Debug, T5284: MakeLeftHandedProcess finished
Debug, T5284: FlipWindingOrderProcess begin
Debug, T5284: FlipWindingOrderProcess finished
Debug, T5284: UpdateImporterScale scale set: 1
Info,  T5284: %%% END EXTERNAL FILE %%%
Debug, T5284: MakeLeftHandedProcess begin
Debug, T5284: MakeLeftHandedProcess finished
Debug, T5284: FlipWindingOrderProcess begin
Debug, T5284: FlipWindingOrderProcess finished
Debug, T5284: UpdateImporterScale scale set: 1
Debug, T5284: ValidateDataStructureProcess begin
Debug, T5284: ValidateDataStructureProcess end
Debug, T5284: ScenePreprocessor: Dummy rotation track has been generated
Debug, T5284: ScenePreprocessor: Dummy scaling track has been generated
Info,  T5284: Load C:/projects/MM1/extern/assimp-master/assimp-master/test/models/OBJ/spider.obj
Debug, T5284: Assimp 6.0.0 amd64 gcc debug shared singlethreadedsingle : 
Info,  T5284: Found a matching importer for this file format: Wavefront Object Importer.
Info,  T5284: Import root directory is 'C:/projects/MM1/extern/assimp-master/assimp-master/test/models/OBJ\'
Debug, T5284: UpdateImporterScale scale set: 1
Debug, T5284: ValidateDataStructureProcess begin
Debug, T5284: ValidateDataStructureProcess end
Debug, T5284: START `t1`
Debug, T5284: END   `t1`, dt= 146900 s
Info,  T5284: Load dae.dae
Debug, T5284: Assimp 6.0.0 amd64 gcc debug shared singlethreadedsingle : 
Info,  T5284: Found a matching importer for this file format: Collada Importer.
Info,  T5284: Import root directory is '.\'
Debug, T5284: Collada schema version is 1.4.n
Debug, T5284: UpdateImporterScale scale set: 1
Debug, T5284: ValidateDataStructureProcess begin
Debug, T5284: ValidateDataStructureProcess end
